all_features1,all_features2,all_features3,all_features4,all_features5,all_features6,all_features7,all_features8,all_features9,all_features10,all_features11,all_features12,all_features13,all_features14,all_features15,all_features16,all_features17,all_features18,all_features19,all_features20
DE,B,1796,141.089072482796,0.136971890867681,0.018756193545931,0.136953253141103,-0.0387427945300603,3.0247119177885,3.79390971765454,5.14578964700254,4.09723010959,0.00238568082218957,7.89058231829852,3278,518.838408377832,98075.994587171,9608699.06368162,5.99895476938439,0.0717559557365044
DE,B,1796,141.089072482796,0.134903205159954,0.0181944919386969,0.134886959854157,-0.0104377113246578,2.94833318646624,4.05060245708422,5.34795453926531,4.27964581978129,0.00222517451111093,8.32973291360957,3278,488.269871333877,97397.001660308,9320358.99573095,6.02095660216439,0.0699062114601625
DE,B,1796,141.089072482796,0.138797858954287,0.0192615013403417,0.138785811019505,0.00372867729903329,2.92159669339327,4.20824584708079,5.25815693470473,4.20861116303882,0.00198651248909821,8.36730433855919,3263,567.820209467388,98504.5272017004,9865621.43836029,6.02322974441824,0.0556128248977907
DE,B,1796,141.089072482796,0.140238269001909,0.019665783508477,0.14023474429854,0.00785349441061808,2.9749875285129,4.16502227020597,5.21706979924415,4.16512695516188,0.00126615161388157,7.71332991249713,3446,555.452877165099,98650.1651592391,10070208.1032011,5.9597247591977,0.0559818060411473
DE,B,1796,141.089072482796,0.138610537458231,0.0192128055357298,0.138610264900294,-0.000425303737167687,2.96567163731176,4.06780555253744,5.09601125577582,4.0678135513151,0.000822167198905954,7.65778168830637,3446,567.608667746514,97804.1940502776,9837341.20904732,5.99034187741417,0.0574507428787075
DE,B,1796,141.089072482796,0.136801159153645,0.0187146968862367,0.136801669895644,-0.0130037636009038,2.87030584430911,3.56595749792027,4.51895207829464,3.61425584039115,0.00066715352200706,7.18022683200009,3263,559.753924018808,96196.0771190559,9582081.14180536,5.96626232802694,0.0614754338879642
DE,B,1796,141.089072482796,0.136679179117432,0.0186817778327302,0.13668130023061,-0.0250743559620271,2.96466465512032,3.85119329803208,5.71632274134339,4.56416106769448,6.30637952259736e-05,8.41542519657474,3446,592.76785584992,95580.128659393,9564775.41433106,5.93366473130329,0.0639679423259766
DE,B,1796,141.089072482796,0.138202649823501,0.0191004804147967,0.138204487679658,-0.0234190505025109,3.01257779225908,3.80873984160087,5.6704605121757,4.51385826660267,-0.000298150051837292,8.32265813470968,3446,602.670126633331,97928.699224821,9779231.3892891,5.93099413823895,0.061856603639215
DE,B,1796,141.089072482796,0.136480935292277,0.018627415843233,0.136482291317347,-0.00997531442983973,2.93113628841796,3.78114483071634,5.16444575114056,4.12565268697838,-0.000460393056874272,7.90683850868339,3446,528.557476803664,95888.6737713354,9537155.91838132,5.89282282057774,0.058764397801636
DE,B,1796,141.089072482796,0.134690120250234,0.0181415842923851,0.134690698611244,-0.0200547073487906,2.92309359949205,3.83141823626686,5.39540586533608,4.32278677907898,-0.00064119041373531,8.15422357744471,3446,588.588744091235,94918.074193733,9288621.88391102,5.85222798194323,0.0565996640436581
DE,B,1796,141.089072482796,0.137346151553969,0.0188638880300018,0.13734587008717,-0.00200103501450618,2.93084824643369,4.22890334117734,5.29319717702594,4.23921862996001,-0.00081658629970567,8.46811328360382,3231,509.261949409019,95135.5268678525,9658691.66013138,5.84127041209647,0.0551231079591793
DE,B,1796,141.089072482796,0.138249964163053,0.0191125169695418,0.138248027000539,0.0214159025765883,2.97572564632319,4.20125677949111,5.25472584085519,4.20131564844801,-0.00106437197391421,8.18103268292635,3447,570.319099573015,94945.2753261585,9786462.96315343,5.80994994478018,0.0528309155667945
DE,B,1796,141.089072482796,0.138269921454529,0.0191172779634309,0.138265244958489,0.0105522216543798,2.99979650314836,3.75427877877444,4.96758961752241,3.95735761296986,-0.00137500201707319,7.7115025479769,3446,605.211011944055,95044.5343266519,9789676.44649179,5.87690207943055,0.0527293820544762
DE,B,1796,141.089072482796,0.139090212441494,0.0193444007589344,0.139084149919875,0.00759379415401415,2.94006312338479,3.73213774533487,5.25279259619983,4.20000618841506,-0.00151358865259097,7.93196086818501,3446,638.125252603576,94227.5139585829,9906369.61150631,5.82143477748039,0.052497088464524
DE,B,1796,141.089072482796,0.139532576911536,0.0194678169374679,0.139527119003683,0.0086538395351535,3.00447442617767,4.06854377356257,5.23838182915571,4.18667205734037,-0.00145994910360566,8.25505206649175,3364,487.603634877625,95300.5881532769,9969393.39296581,5.84480444004012,0.0540126051792177
DE,B,1772,139.203695122224,0.139111537098511,0.0193525526989043,0.139113452616576,0.00615683504106051,3.04565323219475,4.66777070346717,5.84426635706137,4.66770643075352,-0.000267996787174444,8.95004928340557,3389,781.702248542152,90613.170606506,9908270.88049355,5.58193833341892,0.0434457942067339
DE,B,1772,139.203695122224,0.138612582438175,0.0192138573388505,0.138614058950925,0.0216277047446196,3.02472732289902,4.68457297282042,5.85555333809911,4.68452307289125,-0.000437154859454861,8.98226619129117,3389,753.037882505565,90161.3334487856,9837383.22375431,5.59141745622234,0.0446632418858022
DE,B,1772,139.203695122224,0.134906818723396,0.0182001786931441,0.13490803791155,0.039231324287526,2.95500849428414,4.05207587363392,5.06251636986654,4.05203925429694,-0.000489694299883932,8.09207612166315,3478,720.96766111466,90293.4576342975,9318445.84286972,5.74680949752886,0.0470967609902149
DE,B,1772,139.203695122224,0.136935441708261,0.0187517242957396,0.13693693546936,0.037628821588663,2.89724937706457,3.74997125071611,4.68587022903917,3.74993034457814,-0.000420584689670728,7.23579872027084,3478,804.511503510661,92335.2134595398,9600763.93223711,5.74438923228839,0.0456665364761731
DE,B,1772,139.203695122224,0.139681590926111,0.019511531711242,0.139683684484774,0.0231556441151449,2.97672433273578,4.40382953242984,5.95124428382279,4.7534722327466,-0.000157695191276393,9.15737301059188,3371,676.851015194464,94002.8854266151,9989617.50592804,5.77031045362825,0.0445919191857969
DE,B,1772,139.203695122224,0.140779854607016,0.0198195793553295,0.140782027813672,0.0204686579486301,2.98215536472572,4.3694740058819,5.91031332339558,4.71638692720711,8.64274143022825e-05,9.08593373955334,3478,868.313342450844,93528.9950779303,10147315.1625578,5.65560475419086,0.0440377873315265
DE,B,1772,139.203695122224,0.140263487514731,0.0196744558580585,0.140265661721101,0.0117927168869049,3.00361754359448,3.62026994566204,4.76584859964779,3.80310528005883,6.99891583687823e-05,7.42343417716912,3478,787.188288773554,92426.2060183829,10073011.6237261,5.57776266727435,0.0436534196084902
DE,B,1772,139.203695122224,0.138207967107963,0.0191020362484139,0.138210116302729,0.000484462911984239,3.01661405351653,3.67411299760063,4.82538766985608,3.85966738884752,5.35007890394968e-05,7.53384040597615,3478,818.618531230726,91883.0630227313,9779939.84548365,5.65694803867445,0.0457784277754524
DE,B,1772,139.203695122224,0.138767297362971,0.0192569503541119,0.138769414332236,0.00915163929315089,2.94479119160312,3.60365203060522,5.00022869604951,4.00634969622071,0.00011934408157567,7.61006284583117,3478,812.619585714684,92872.3928013819,9859265.05038863,5.73998645762945,0.0454130198598676
DE,B,1772,139.203695122224,0.140058558817157,0.0196170103324477,0.140060738011934,0.00988995144727898,2.91792801032198,3.68243334323061,4.94932866299492,3.96941219106891,5.0961398476983e-05,7.65190729505438,3478,752.785428231999,93954.9637168813,10043598.0708888,5.77121166309774,0.0433298169335228
DE,B,1772,139.203695122224,0.140415725170281,0.0197171901164865,0.140417912377611,0.00194579936712391,2.90215015064037,3.78721165393254,4.79422801991635,3.84852404348808,-4.38269373812423e-05,7.63579564455253,3478,587.933487536509,93518.796767081,10094887.8310568,5.82596904783121,0.0441238908581625
DE,B,1772,139.203695122224,0.14151371582223,0.0200267544293314,0.141515915816319,-0.000878586588415544,2.98531340629877,4.11747808850721,5.42664925004698,4.34109319882861,-5.63254771959866e-05,8.45863877464135,3319,619.954846250045,95199.1094542866,10253381.0821871,5.77771449128601,0.0454604878580883
DE,B,1772,139.203695122224,0.140332556517614,0.0196938413476575,0.140334747470673,-0.0152192807067548,2.98294383359961,4.15213431993691,5.47353265027077,4.37763127627822,2.24422345975236e-05,8.52983394232722,3478,642.773397936005,95516.8177893726,10082932.1709019,5.81296867702054,0.0458170493817699
DE,B,1772,139.203695122224,0.136964458264241,0.0187598258113466,0.136966513467149,-0.0146325089227425,2.90577570894939,3.8671566581781,4.83048029857231,3.86709863091722,0.000152515005665153,7.71000127761899,3478,731.224647017493,93268.5738494386,9604754.47680389,5.79875460278958,0.0478338849495644
DE,B,1772,139.203695122224,0.137580400466737,0.0189289330942539,0.137582459253547,-0.00926867875879384,2.86332192450305,3.87521522881727,4.828282769002,3.87515724001519,0.000158200799823581,7.50765498363165,3478,736.201286676633,92898.1984528021,9691336.49218922,5.80179710156211,0.0476652034614371
DE,B,1748,137.318317761652,0.146581144606483,0.0214866751186395,0.146583338475556,0.0222374908849235,2.76661546476347,3.79226282497168,4.6978634389671,3.79220606730593,0.000168208515396915,7.45727271089504,3432,1228.92920323247,91729.2850458597,11000862.8403208,5.24904177455114,0.0406115152536838
DE,B,1748,137.318317761652,0.148352556416655,0.0220091299082578,0.148354743463961,0.0240834347297043,2.79625340653838,3.87400194226148,4.8158616693914,3.87394483168102,0.000197160869924911,7.49524957727972,3432,1247.51846518143,92736.2641539849,11268362.1722561,5.25694704949179,0.0385196058475911
DE,B,1748,137.318317761652,0.150697760610297,0.0227104531146226,0.1506998776198,0.030988173895961,2.80934482885362,3.81371355068634,4.74636188130581,3.8136599762047,0.000267656488127313,7.33984265397819,3432,1263.57020148372,92172.7897284972,11627461.9845524,5.26314139924971,0.0370778027737602
DE,B,1748,137.318317761652,0.149888617230488,0.0224672745654104,0.149890875524197,0.0379294879970381,2.83395207114113,3.63380795138798,4.52532880974684,3.63375320352151,0.000158468253680099,7.1277694854975,3432,1288.25399032791,92079.4228623434,11502910.8115454,5.15406502147408,0.0379608815135953
DE,B,1748,137.318317761652,0.149634891492152,0.0223912918781851,0.149637200849873,0.0272341413161334,2.88384854389118,3.85481511487414,4.80678434616588,3.8547556233373,9.27445644445882e-05,7.42056633616129,3432,1300.91530546009,91966.772565256,11463991.9870382,5.22834771845096,0.0392739930455188
DE,B,1748,137.318317761652,0.148794509926799,0.0221404586043211,0.148796702262924,0.0307842452846857,2.89985505957191,3.87658685606256,4.84130337552383,3.8765297393303,0.000198668987074297,7.46247720475758,3432,1257.65393146545,92377.8801187704,11335600.9728536,5.27082900924625,0.0396101220972187
DE,B,1748,137.318317761652,0.146548755150684,0.0214771750654724,0.146550929937249,0.0397333544192704,2.88307386603816,3.62427657913616,4.52721075340353,3.62422279559474,0.000183663996483555,7.18893242234618,3432,1323.86309127013,92221.0103240632,10996004.539417,5.19036682263015,0.0409171677628593
DE,B,1748,137.318317761652,0.145419470952732,0.0211474775125764,0.145421722973483,0.0381496750487226,2.85454542520133,3.7667223450274,4.69556994308113,3.76666401304846,7.66698665469309e-05,7.27656638240089,3432,1275.55302315271,91451.7730810369,10827176.1424074,5.22402065193659,0.0419390705869267
DE,B,1748,137.318317761652,0.147476111638587,0.0217498820182665,0.147478412041446,0.0395866677562713,2.85210019390171,3.71419319748597,4.75597288647252,3.818128286958,-3.41991740592991e-05,7.53238104143343,3432,989.890384461491,91995.1770164433,11135592.7928725,5.36617587140255,0.0401942215921663
DE,B,1748,137.318317761652,0.149890908136491,0.0224679590956124,0.149893158935331,0.0487510516393061,2.88784069783086,3.75954400268237,4.69658311424452,3.75948754929024,-0.000165439086844993,7.5162194657354,3432,1115.5305462789,93884.6768759668,11503263.5964472,5.29090450748247,0.0403564966135663
DE,B,1748,137.318317761652,0.147873392174702,0.021867154464487,0.14787546944807,0.0470675876061309,2.85816934456105,3.81083747693702,4.7472691753065,3.81078394438541,-0.000262673453633804,7.5234459539917,3432,1327.96440354591,92677.1714843626,11195703.8643045,5.20151083304848,0.0410365598310545
DE,B,1748,137.318317761652,0.145265585880715,0.0211025872266333,0.1452672957917,0.0311415890644819,2.80388756943447,3.67990328781294,4.68504271302172,3.77921270115634,-0.000403324292556656,7.45916047381593,3432,1278.21797332805,91357.4809979484,10804353.5929866,5.2445211299263,0.0416333701845021
DE,B,1748,137.318317761652,0.145678505508012,0.021222617523435,0.145679845975464,0.0299751842083312,2.87308402243046,4.01780009512605,5.31167726392146,4.27405752408063,-0.000522159372598061,8.2918969471431,3432,1289.98727022338,91969.1677269864,10865919.8041329,5.2482787198114,0.0426311320710375
DE,B,1748,137.318317761652,0.145287477895644,0.0211089229886943,0.145289101410582,0.031563549930928,2.91428661496855,4.02861362703481,5.34612019220816,4.28555229369043,-0.000433472520810774,8.31421380962983,3432,1283.73832100896,91545.4839218109,10807623.2350229,5.23633866764436,0.0431020128479933
DE,B,1748,137.318317761652,0.145725944765274,0.0212366057853427,0.145727848352135,0.0278895149136511,2.84450946705955,3.7285073791106,4.64627198672452,3.72845867505207,-0.000329903500762784,7.31424790440179,3432,1198.98813695074,91805.1084646028,10872913.8246744,5.26427140642279,0.0432493375889652
DE,B,1722,135.275825621032,0.154293951015291,0.0238072184499132,0.154295879562331,0.0125539169814901,2.82010103530011,3.82810233656904,4.93317746086902,3.98084041287044,-0.000385805096186102,7.80899250665901,3380,1199.9664387032,103325.795912627,12189067.3474463,5.29370782288397,0.0469003597724257
DE,B,1722,135.275825621032,0.153816110635621,0.0236600942282848,0.153818380658115,0.0144761903364598,2.84924678275027,3.61007455311861,4.78518995399397,3.84842726038723,-0.000202585116632824,7.45855860870376,3438,978.055821780601,105098.596286149,12113631.6999038,5.31947251451941,0.0465543785939376
DE,B,1722,135.275825621032,0.15495438334675,0.0240115506596639,0.154956608957682,0.0237559278855168,2.8148866478094,3.5835554624017,4.45385775058879,3.58350399250786,-0.000246210612418883,6.97835256098104,3381,1377.27412276022,103991.979578092,12293591.8274747,5.154215986197,0.0451961983740077
DE,B,1722,135.275825621032,0.154537842104159,0.0238825732832622,0.154539876029659,0.0097351428327579,2.79105238412467,3.61895886196999,5.35431533292342,4.31725301439583,-0.00034305883299622,7.93626869721224,3380,1006.84589841287,104788.98684626,12227615.9084044,5.34035817565466,0.0453297440866694
DE,B,1722,135.275825621032,0.154424775740574,0.0238476522911383,0.154426850939655,0.0205882962185331,2.85869770619025,4.02145325308455,5.36934978696041,4.32041281405213,-0.000322971395440907,8.34192412593365,3381,1351.36689585828,106228.042805596,12209723.222842,5.34178599253257,0.0463844442315401
DE,B,1722,135.275825621032,0.154315900434739,0.0238141078878555,0.154318203358695,0.0223201515589142,2.90900018074646,4.02429053007025,5.02339788611341,4.02423047471148,-0.00018283872706324,7.80869789806203,3381,1370.29353097171,105191.961189778,12192476.4427499,5.29081428177171,0.0463216596569633
DE,B,1722,135.275825621032,0.155920720361854,0.0243120179275279,0.155923115436833,0.0105295299680394,2.90755090640914,3.4403144673956,5.34582926885442,4.26883876128506,-0.000113407194078828,7.70921880167753,3381,1370.11899112483,106249.150536884,12447377.3489185,5.3872923262122,0.04322070666368
DE,B,1722,135.275825621032,0.158363576711965,0.0250797980832307,0.158366025659643,0.0123612942780263,2.85944019651124,3.56824716503131,5.23962492825195,4.20298884299587,-8.9941457208638e-05,7.77130100340038,3381,1377.85814224319,108547.687529355,12840463.6189551,5.45383534266104,0.0423111910458708
DE,B,1722,135.275825621032,0.1587759951694,0.0252106044452661,0.158778476013804,0.000428618807119455,2.81302325400665,3.81084034307412,4.7274413657313,3.81078080035665,5.30624828666137e-06,7.51158161873245,3381,1068.98050224992,109499.218485456,12907426.1165894,5.58106301011833,0.0425292282598729
DE,B,1722,135.275825621032,0.157071047880105,0.0246720793356942,0.157073483872022,0.00425817219075143,2.83550207327249,3.85220558511301,4.7877731782714,3.85214584274635,7.58217594744013e-05,7.59311701874427,3382,998.014092437052,107497.414018041,12631715.7467475,5.49483326349141,0.0424238662415058
DE,B,1722,135.275825621032,0.153487019725772,0.0235589599832897,0.153489282959071,0.0361552081015402,3.07702581605446,4.45504812246684,5.88916637995787,4.6890214294758,0.000203613627513331,9.14413869361636,3382,1303.43319205583,108881.537000203,12061853.0089299,5.51541475111897,0.04512050338713
DE,B,1722,135.275825621032,0.151734847753265,0.0230241036306514,0.151736955388763,0.0333529403225165,3.12253251982161,4.50649319637003,5.96923761705933,4.74317238767569,0.000282657555531363,9.2497314679125,3382,1365.68124463595,106787.730152084,11788054.4563551,5.44212330014576,0.0471597121251785
DE,B,1722,135.275825621032,0.152630255437949,0.0232966550446283,0.15263241806585,0.0215302193051235,2.99535580962123,4.11650048443709,5.15990699533853,4.11644215830355,0.000260482044533662,7.71693384895554,3382,1181.07589406997,107782.44677454,11927584.1005314,5.51753031931307,0.0462249191258362
DE,B,1722,135.275825621032,0.151039902553187,0.0228136832900348,0.15104199181034,0.0164655688214521,3.00631641122026,4.15984458298248,5.21261843431794,4.15978704279152,0.000286008468645875,8.24430466247938,3382,1162.35255459981,107621.305120014,11680324.5863872,5.5976539842759,0.0487905421431811
DE,B,1722,135.275825621032,0.148516501500221,0.0220577713350169,0.148518589190097,0.0288205131243765,2.89979091007296,4.15863468293482,5.18236584900925,4.15857622601321,0.000263036504185678,8.31249264590787,3382,1079.83160757276,105856.612739497,11293296.8409151,5.61801054187667,0.0512392697633076
DE,B,1796,141.089072482796,0.195076729330554,0.0380560506674853,0.195079600849205,0.125030538645082,17.0792547116457,11.8483323387188,18.37887286652,11.8481579344902,0.000262507913197774,22.5169087385568,1437,631.633548092563,159862.154851069,19484159.6091957,6.53014488637817,0.0633768609685559
DE,B,1796,141.089072482796,0.155636074792115,0.0242232859742782,0.15563831782141,0.0357701158045747,8.92662290397067,8.21329154676618,11.9018157591454,8.21317317839904,0.000242446087555535,15.788386303811,1437,659.068501360752,129989.104999118,12401994.9620772,6.49533465145165,0.0903257884394174
DE,B,1796,141.089072482796,0.132050085191498,0.0174376758033988,0.132051792124904,0.102109899597334,15.1751167730534,11.6061648409177,17.1357253015635,11.6060148168236,0.000306794804013319,22.3969763057467,1437,663.245837664935,115577.290024938,8927907.38922153,6.53325473902859,0.11304221419315
DE,B,1796,141.089072482796,0.128337895980788,0.016471025740136,0.128339494077763,0.29092514186049,25.6655976402033,13.3138952654597,20.137170131818,13.3137294794256,0.000323302016680257,26.0948312632971,1437,629.297082031748,118400.871531679,8433008.67350006,6.53867341947819,0.171061093759334
DE,B,1796,141.089072482796,0.139671154572268,0.0195085092284014,0.139672865039711,0.6282140753751,32.499110189829,16.9317599012921,26.1141315893952,16.9315525508947,0.000363086852465089,31.4796232134932,1437,589.831712475471,130499.630777163,9988179.58439904,6.55263967926857,0.17700796585728
DE,B,1796,141.089072482796,0.119074051350861,0.0141790359749533,0.119075757293218,0.670853075191929,41.6034552951877,19.8605693476037,29.8140899284826,19.8602848145698,0.000191898484512632,36.9248822043778,1437,597.334733977438,111852.870735164,7259477.26223609,6.49854286280294,0.173781463741536
DE,B,1796,141.089072482796,0.0942311646553443,0.00887978895270322,0.0942326321011104,-0.0288406180322613,6.48391944172525,7.05506029297036,12.6214817949776,9.45648778426504,-3.05451171499736e-05,16.5116953414978,1437,604.985598046211,84338.3056528884,4546310.82236118,6.22605251640328,0.186061728323489
DE,B,1796,141.089072482796,0.0972082426877015,0.00944966625950211,0.097209393885067,0.0288919524558054,11.1094649168792,11.2652646663405,15.7164393145638,11.5067791822271,-0.00026737426873549,22.772180118636,1437,624.538951774616,86676.04591278,4838151.1348426,6.21091562390814,0.146922014002014
DE,B,1796,141.089072482796,0.0945423767128846,0.00893825085488947,0.0945423230880724,0.0498361853217546,9.9384344084191,11.5829178374947,15.7338997920053,11.8313893009756,-0.000538014842456633,23.4143004276593,1437,657.636265805192,84715.3812250612,4576537.83269938,6.16130775927551,0.169887984994355
DE,B,1796,141.089072482796,0.0929635111362246,0.00864199512026434,0.0929623317277721,0.00802772698520835,4.90738616625562,8.66423120296196,11.2140952944237,8.66434112562983,-0.000699531884982929,16.6946755955216,1437,670.056462637201,82800.0950119216,4425064.31863279,6.09499916698708,0.215723261175978
DE,B,1796,141.089072482796,0.138813017986412,0.0192694184837246,0.138814330973875,0.43614493208451,26.2365796285729,15.8077540398559,24.2263844153824,15.8076045208348,-0.000487491639938346,28.0978912785485,1437,642.442198618977,125525.301949829,9865877.29898884,6.42161802543592,0.190963847775215
DE,B,1796,141.089072482796,0.162869289107459,0.0265271725824968,0.162871644501113,0.41711471494475,22.8734356421958,13.4729024599077,21.5647375815718,13.4727076194304,-0.000248447208498881,23.947750424919,1437,586.250973282507,145724.997959177,13581551.1322619,6.51951651219702,0.167068944737393
DE,B,1796,141.089072482796,0.166423718106147,0.0276976528812779,0.166426118386742,0.158529632153107,13.080767927272,11.559907266313,17.5528577838171,11.5597405435572,-0.000258105886930176,20.0053259204943,1437,572.508046964145,140126.26780799,14180823.3257864,6.55412749304631,0.111437190755674
DE,B,1796,141.089072482796,0.184782978033821,0.034145778074956,0.184785762641379,0.234313787322102,10.7147269521649,12.2169823268152,18.0137469233556,12.216798224421,-0.000194811848282659,20.5946971131124,1437,578.243360271419,149310.108675528,17482130.9007974,6.52872304044384,0.0868127079323788
DE,B,1796,141.089072482796,0.185756761291836,0.0345066476651395,0.185759650261136,0.352879164651388,15.6434927073609,12.3610390906976,18.5366465538967,12.360846849474,-7.09452759302761e-05,22.6715920812158,3239,651.234940634717,154048.832795826,17666856.6521374,6.54327239192266,0.0894366778914245
DE,B,1772,139.203695122224,0.142654915662458,0.020351058606945,0.14265713654404,0.00696787771573518,8.94851727356068,8.60047231408013,12.8880579293768,9.02662582517586,-4.82317260565735e-05,17.627238667656,360,841.963736627041,117797.020477744,10419418.7602506,6.28600669732997,0.117404461101988
DE,B,1772,139.203695122224,0.166057518197816,0.0275759610049291,0.166060112624703,-0.0601228381826174,9.07445387885855,7.38840171729449,11.3968658635964,7.75449668509085,9.68866549485697e-06,15.1430195560369,360,840.831357964037,133693.117027194,14118450.9144323,6.31133391108847,0.0862776079326662
DE,B,1772,139.203695122224,0.17507207798362,0.030651190025749,0.17507481265376,-0.0310273335636553,8.81492363896679,7.65635074108041,11.6481058784659,7.85274636222619,1.77042909110018e-05,15.509219765191,360,842.949981812688,135336.562461074,15692919.1902413,6.20447737238185,0.0781354646603583
DE,B,1772,139.203695122224,0.145624366097943,0.021207112369144,0.145626619713375,0.0325916438262298,10.148269898666,9.20459446402565,13.8805927406261,9.44070597044814,-7.97154020933219e-05,18.6454465344791,360,843.277227520518,116428.214335992,10857708.7245349,6.18767067579196,0.113215542449228
DE,B,1772,139.203695122224,0.12326530483179,0.0151948069545951,0.123267217680108,0.0440687389781761,6.40516320195402,6.38634064698607,9.58951199637227,6.98720506731617,-5.70823638955332e-05,13.3736541427321,360,841.745123485245,103436.174262159,7779501.37987808,6.19010713188084,0.158387520203816
DE,B,1772,139.203695122224,0.122629525427646,0.0150384703091163,0.122631440948544,0.0723029501507539,6.04767304075847,7.11452064292393,10.4678113964701,7.68832863275768,1.2234811116826e-05,14.8029693703661,360,842.016980630835,104486.567330393,7699456.33448096,6.23859224158502,0.160099107604311
DE,B,1772,139.203695122224,0.129158170264128,0.0166823542310365,0.129160188258753,0.0970302453349772,7.64345205343706,8.87768658441578,12.373251300418,8.87754787972627,-6.20570091657362e-06,16.7558280252379,360,843.992009333752,109943.530262554,8541098.48434166,6.31522895125053,0.142829724036177
DE,B,1772,139.203695122224,0.152855784537828,0.0233656164244525,0.152858157860327,0.0567972621159883,8.26331142255133,8.14912890249059,11.6872696679293,8.14900237662346,6.79539221270907e-05,16.0477366372244,360,839.33091727522,124190.280387678,11962826.4879783,6.3397913371456,0.102150606965434
DE,B,1772,139.203695122224,0.166838872609305,0.0278360755037721,0.166841468177945,0.0311789945470399,8.59816139163005,8.26306317270832,12.0596897922552,8.26293462344614,6.15396738116229e-05,15.9294821557673,360,840.810936384652,133528.672481433,14251629.1400652,6.33033598274548,0.0868254781342995
DE,B,1772,139.203695122224,0.140573446795294,0.0197614971698409,0.140575592368807,0.0622370787183902,10.5721762721709,9.80697404426363,14.4556662860981,9.80682436263403,-0.000119669775016109,18.9058239995239,360,843.1792317156,115444.350713252,10117585.0308545,6.22721837853166,0.122594529271733
DE,B,1772,139.203695122224,0.133748091777846,0.0178890683522525,0.133750021877578,0.0540530721891445,8.64630088341707,7.58120070876333,11.1860670989841,7.74842785786172,-0.000206725297504906,15.3297403830878,360,833.143318056312,111246.292376333,9158960.52875593,6.24582390011291,0.135341801773802
DE,B,1772,139.203695122224,0.144182226799599,0.0207891538220713,0.144184443758927,0.00637662632887951,8.15323756907179,7.07852480122942,11.4986449757765,8.02742724875935,-0.00010180312773182,15.1060754804567,360,832.585780817076,118004.935062842,10643724.7424971,6.29493872491398,0.115544761367678
DE,B,1772,139.203695122224,0.124534691684493,0.0155093724524519,0.124536630966362,-0.0222077245449888,8.01295951603961,8.1952864257545,12.9317598068859,9.29389307946069,-4.06003579410582e-05,17.4893242317817,360,838.823902980715,106080.602899918,7940552.23275252,6.25287114466335,0.154592924794286
DE,B,1772,139.203695122224,0.121769340244319,0.0148282352463891,0.121771241458684,-0.00373350013421474,9.27988781631004,9.58664539709014,14.1234172802785,10.0848265182811,-1.89604650732059e-05,19.6716293722237,360,845.914110872885,105586.734807424,7591819.55866054,6.24537588598936,0.163600966019638
DE,B,1772,139.203695122224,0.125704973931342,0.0158022206133833,0.125706883715186,0.00776297582400261,9.70977994387201,9.28650194699139,13.8984462280087,9.76908987584897,0.000116949092400684,19.0557402405953,360,843.070878100353,107672.174499421,8090498.12370699,6.26864164053573,0.152604653920909
DE,B,1749,137.396875151676,0.142897504040019,0.0204202930078157,0.142899590649574,0.397833804891589,18.6028906295655,14.0057017483043,20.757754531791,14.0054972380538,0.000204419196621118,25.6070005071294,360,714.044586606179,123987.921243,10454906.0850167,6.39980987079376,0.124522064101124
DE,B,1749,137.396875151676,0.167625395067522,0.0280990852704489,0.167627817710692,0.27010269070447,14.3575190578596,11.9395979431126,17.7105766158896,11.9394253859213,0.000256705100395995,21.8294874529383,360,736.186251797877,143385.354675202,14386349.5506721,6.49711643112266,0.114689382130489
DE,B,1749,137.396875151676,0.153249015569209,0.0234859802699333,0.153251363027979,0.0658876010425511,9.03716815596135,10.0604613734142,14.3473843505217,10.1961329487094,0.000120166058965715,20.256750505846,360,725.679931484385,130416.215730274,12024460.9054524,6.50125074917619,0.132363845078365
DE,B,1749,137.396875151676,0.157180399591823,0.024706424729836,0.157182774914543,0.0401480488476696,9.21938100742661,10.2249493380813,14.3840889241254,10.2247948201675,0.00015925382885412,19.7439500126334,360,713.709255662158,132057.255418791,12649320.1293287,6.51509544015573,0.127587298989504
DE,B,1749,137.396875151676,0.174642717814398,0.0305008634208591,0.174644963914964,0.012479229765415,8.46692828731204,9.20256878087404,13.1095630003942,9.20245042707507,0.000410629665589233,17.7697758678081,360,721.054483008493,143177.256223383,15616126.7211282,6.53671680003101,0.109572857436882
DE,B,1749,137.396875151676,0.156246725214667,0.0244135881096194,0.156248481943408,0.101161622107143,8.58914037239131,9.93658521721658,14.2943809789035,9.93647349846823,0.000462553042088451,17.7365087273857,360,725.437920508152,131240.61081245,12499585.5847337,6.5514167912958,0.11536531834143
DE,B,1749,137.396875151676,0.118011951025625,0.0139271771524628,0.118013461742561,0.290421948537624,11.7480233771767,13.1559463809681,18.7482727630808,13.1557779687319,0.000280458014214004,23.0244859711345,360,718.921315365739,107001.796950142,7130572.40903523,6.37710315781909,0.161541744283685
DE,B,1749,137.396875151676,0.0983137773960259,0.00966589921138539,0.0983153050719235,0.157396395620711,6.21117312387273,8.76597086534853,11.7330190007756,8.76583465499552,-4.09125935574401e-05,16.8776430993828,360,719.701119539505,89458.2141938899,4948787.45583946,6.2225765507124,0.211683172456936
DE,B,1749,137.396875151676,0.113243531509945,0.0128244304640536,0.113245001938512,0.0387923416873582,5.30485739397474,8.35775421000833,11.2457853689011,8.35764568883444,-0.000260246503029934,14.3316525374126,360,729.364246968969,97779.2195791968,6565972.55847047,6.27345266244134,0.174295404813498
DE,B,1749,137.396875151676,0.15433496141068,0.023819926071162,0.154337053461449,0.185116986163399,8.45550970655331,9.02769837409386,12.8539088157297,9.02757600293992,-0.000314030513855332,15.9722143242051,360,736.989801936164,128480.05434781,12195522.0109837,6.43618938872348,0.124039505553737
DE,B,1749,137.396875151676,0.166217399734914,0.0276289925809443,0.166219711770128,0.230823881193615,8.17628643237342,8.41351595583033,12.0122228455651,8.41339892792218,-0.000307895615583232,15.1279723379732,360,740.005877262256,138646.376245386,14145699.2063972,6.44974835814569,0.117786814223012
DE,B,1749,137.396875151676,0.151301837781685,0.0228928572466848,0.151303857342385,0.216019161456727,7.27475649974183,9.2429329696854,12.8211797020762,9.24280959765439,-0.000322910543906925,16.619310526207,360,734.527971657795,129953.353826072,11720883.3769831,6.45836632154318,0.14151068966201
DE,B,1749,137.396875151676,0.157535234212257,0.0248179304479489,0.157537076423136,0.206353024478187,9.3198635715665,11.4825902231418,16.1523548859847,11.4824559477502,-0.000441735993930084,20.0226179772405,360,757.883836656116,132587.039728446,12706583.1039712,6.47950618858787,0.131703854078753
DE,B,1749,137.396875151676,0.152285914787188,0.0231914986625838,0.152287552553003,0.112175404894356,9.45049566956025,11.8783969134236,16.7327256632334,11.8782691680361,-0.000475304449935569,20.7128007668671,360,732.910115790997,127865.395001514,11873907.5583739,6.51858337544961,0.127452630638524
DE,B,1749,137.396875151676,0.144209006386985,0.0207967554684634,0.144210802190624,0.0335193826814185,6.80834080227748,9.09568102005296,12.4832518744419,9.09556775491034,-0.000363253721955995,16.9131069194286,360,717.600987304526,120610.45560324,10647741.1702116,6.42452973079138,0.129811254711544
DE,B,1724,135.43294040108,0.14087586089235,0.0198466279989359,0.140878060743807,0.17519143029281,21.3435349440697,13.6040952960855,20.1765665493084,13.6038828642227,-1.97572694502954e-05,25.8031826487963,360,671.021887111079,125044.728072539,10161156.3879356,6.26111002815341,0.120269981559618
DE,B,1724,135.43294040108,0.134691439660498,0.0181423320151272,0.134693474285606,0.10084901082441,23.7657069075446,14.2287337734922,20.9926462620686,14.2285188399986,-0.000137297362883075,26.9879479985824,360,669.502131418351,119365.492341521,9288603.01490279,6.25951677824546,0.131741072230438
DE,B,1724,135.43294040108,0.117732047557124,0.0138612204862378,0.117733684586179,0.0233797782886501,6.30217088329523,7.66531119714523,10.399111583436,7.66520461475813,-0.000218400767406728,15.2885599224225,360,669.437722527458,105836.792037741,7096771.95167194,6.25141004362422,0.16315604952742
DE,B,1724,135.43294040108,0.122461441875725,0.0149972370809964,0.122463207050103,0.105103629660636,8.75685888294597,10.9198121792106,15.2337312414826,10.9196547819552,-0.000190601531891958,18.4613518892735,360,684.303798203056,108909.976633916,7678382.63048848,6.20779887233943,0.1454314607854
DE,B,1724,135.43294040108,0.16823763670902,0.0283047865806492,0.168240264445374,0.338549854853924,17.8859273603513,10.8671142023653,17.2807973828509,10.866944469447,-1.86913785613832e-05,19.5439502913417,360,675.438269323304,141418.031292568,14491598.2103496,6.34998286999397,0.099472211428104
DE,B,1724,135.43294040108,0.170030702476603,0.0289113401665789,0.17003335015984,0.304307967892025,17.8585800682888,10.7525146024997,17.387053466769,10.7523471691542,5.56550841365378e-05,19.3378487595577,360,672.27275766437,143411.378005675,14802146.7533098,6.32000363396405,0.103288740486784
DE,B,1724,135.43294040108,0.141062491865655,0.0198992475496343,0.141064692781838,0.232352286757762,15.5245258582489,10.4970999488955,16.0638979645267,10.4969361712932,-3.0219190806821e-05,20.7783954043388,360,671.443510418368,121357.157257995,10188097.2924498,6.19272600636524,0.136288295290653
DE,B,1724,135.43294040108,0.149398964733406,0.0223207340650195,0.149401251885717,0.30994356951435,17.6454592383936,12.5671612994608,19.2561504711874,12.5669689114343,-0.000118833217474027,22.6938413492307,360,680.114967457498,129142.532288618,11427873.166873,6.25912248649752,0.125749088641425
DE,B,1724,135.43294040108,0.157851141292701,0.0249177580294759,0.157853596821472,0.260697187314706,13.9345752703581,11.8942496861376,17.9453767033422,11.8940646623377,5.88036623933771e-05,21.4786942662163,360,703.306492394341,134023.284382412,12757496.9671987,6.26064061310648,0.112535970593961
DE,B,1724,135.43294040108,0.150475745053454,0.0226435461549401,0.150477726441291,0.258113452494222,10.9525144414492,9.26626948424699,13.5649444676683,9.26614747234474,0.000333624443675071,16.3780791105233,360,704.427738641332,130717.402532781,11593247.3024061,6.33302618127079,0.121824339239845
DE,B,1724,135.43294040108,0.135196469383505,0.0182785668706312,0.135198250249888,0.206866441014755,10.1365101072611,10.6535283653623,15.0817577168774,10.6533880343263,0.000299446737349591,18.3672502921883,360,710.897118598945,120775.701240808,9358425.59953809,6.39713764197132,0.144967989929841
DE,B,1724,135.43294040108,0.122466512314782,0.0149984825177152,0.122468291886983,0.095182625388948,9.19109481602028,11.7609246336,16.3184792601295,11.7607537370013,0.000181172321936524,20.1320495427515,360,703.078840983506,109237.542213783,7679016.68426738,6.22366339233699,0.152223151273497
DE,B,1724,135.43294040108,0.108634238809159,0.011801757696574,0.108635895065002,-0.0886297386145157,4.72145345083748,5.80483475755966,8.1624401516708,6.17980942110384,9.46044362903465e-05,11.9847383970754,360,679.775017817808,95925.0861529709,6042320.27729633,6.01455967347494,0.16879874664118
DE,B,1724,135.43294040108,0.128994618517125,0.0166401303148318,0.128996629083212,-0.101365451634569,4.93700856885156,5.85306126927525,7.85355146991773,5.85297004234494,3.59947108018936e-05,11.1339209332825,360,703.393845754543,111784.207854261,8519481.8044165,6.283776716551,0.147120577078384
DE,B,1724,135.43294040108,0.132435777883044,0.0175397784111165,0.132437828474785,-0.113664160140844,7.25296101447982,7.53853430323826,10.5118109889953,7.54615289268226,-7.05013878348496e-05,15.0848040380537,360,702.818956947673,115586.532941472,8980090.99974104,6.26673288094978,0.14045297108411
DE,B,1796,141.089072482796,0.119849091068081,0.0136777225913258,0.116951796015819,0.00838676247493576,3.80581694464126,4.20643628452349,7.11711119082408,5.66618620804149,-0.0262013256792541,9.73564512277895,0,838.442421736131,90545.0448802458,7705760.8175962,4.96026654974278,0.164751589152669
DE,B,1796,141.089072482796,0.120016319349666,0.0142024939766506,0.119174216912261,-0.0123413244231537,3.78482126151132,4.67070282606993,7.10722003228973,5.56052031018079,-0.0142079823172457,10.192207377962,3208,902.199613254201,89389.9727101267,7478161.2394309,5.09957090995107,0.106000407185146
DE,B,1796,141.089072482796,0.12266213943431,0.0150387383450145,0.122632533795133,0.0100485151161742,3.632137453918,4.56995585227987,6.07620766586912,4.72416712645099,-0.00278065930330249,9.29298275740419,3208,929.895956786755,90943.5447757764,7707511.04811194,5.34573509887331,0.0731639117088114
DE,B,1796,141.089072482796,0.12800098652469,0.0163621159940952,0.127914487037611,0.00203804166582459,3.9334792631102,6.94893975981317,8.95260446704593,6.95363883447536,0.00475897818059974,12.9051016582737,3208,903.961421890554,96748.3347123573,8400333.01314882,5.46574283580638,0.0674071759033829
DE,B,1796,141.089072482796,0.126394053332979,0.0158923572397322,0.126064892970772,-0.0256006220695477,4.01626759568884,7.0372863366717,9.06198671953287,7.05566096631636,0.00914309107312333,13.0691729547487,3208,818.362942305013,96505.053672528,8222235.04971289,5.50543204169913,0.0752156578228324
DE,B,1796,141.089072482796,0.159177989102835,0.0252282658920676,0.158834082904355,0.0260387518015478,10.9669128998552,10.5392345124633,14.8615310186347,10.562053972933,0.0104954612125354,20.8758265424477,3208,772.452352855896,124542.224693516,13029266.9034553,6.18538917256676,0.0526979045889407
DE,B,1796,141.089072482796,0.155093700697768,0.0239506797468198,0.154760071552128,0.0484292150685316,11.9241301657959,10.8167781723533,15.4233732010323,10.8400967998521,0.0102041515105848,21.4255774086011,3208,770.164884751292,121696.552827645,12368988.5176323,6.2129868995174,0.0557373163107713
DE,B,1796,141.089072482796,0.140456589828009,0.0196450087862696,0.140160653488308,0.0171421067764952,10.6721280217728,12.1225681508383,16.772828648617,12.1481638394788,0.00914651553153014,23.1160443403406,3208,883.956755815551,109471.501665303,10143596.732804,5.81567066775201,0.0640853972367006
DE,B,1796,141.089072482796,0.142065323432523,0.0201211671852702,0.14184910005097,0.0243982541799726,10.2545062038348,11.9852933938035,16.5028058816174,12.003562812965,0.0078751332174019,22.8542805514353,3208,957.332852889057,110120.589876286,10365221.8086973,5.77418334410817,0.0615447652112314
DE,B,1796,141.089072482796,0.118058914759813,0.0138931963765638,0.117869403903489,0.0337458835914784,3.68085447050662,4.42181897094781,6.21237013920663,4.83264749088742,0.00671901332695577,9.2467089861192,3208,885.915268581491,88780.666776944,7159322.87476207,5.39404772370459,0.0850542656982096
DE,B,1796,141.089072482796,0.171321887949173,0.0293238165810751,0.171241982530789,-0.0431403168048122,12.025389644287,9.40633125873689,13.9844960202957,9.59579097788599,0.00531874784718362,18.9976467098704,3208,1008.54239302478,130040.327415202,15042292.9094487,6.17245702321464,0.0403445678471382
DE,B,1796,141.089072482796,0.17250192156561,0.0297448446866995,0.172466937952465,-0.0326881909401135,11.768518942179,9.34198538367699,13.8089775038381,9.52763637200512,0.00360524389255983,18.8676895386842,3208,1000.68834076088,129102.0305919,15242194.2921633,6.14758361335627,0.0376228561394693
DE,B,1796,141.089072482796,0.144053518898858,0.0207467277087666,0.144037244172355,-0.00408443759697416,4.70730429978794,5.92874624928177,7.853901580377,5.9294161366034,0.00231018042973846,11.4624473782795,3208,975.012373096681,108994.767389033,10627457.6464337,5.8722205774557,0.0539912048190513
DE,B,1796,141.089072482796,0.141243495010875,0.0199487547551842,0.141240060730602,-0.0229161530545212,4.75004074798087,6.04669800759099,8.03028626974921,6.04684503426017,0.00126234951140038,11.6904915154288,3208,927.934134342375,106723.197148402,10215075.0228833,5.81294734559763,0.0566515757454935
DE,B,1796,141.089072482796,0.11729073402995,0.0137575247413048,0.117292475211775,-0.0627636239355306,3.55175139888766,4.57093173050678,5.99707068097776,4.67601945297065,0.000146528590917396,9.24702059902119,3208,892.42007728393,86337.7769546751,7043654.53029588,5.16648272161286,0.0777256463553749
DE,B,1774,139.360809902271,0.111305419289002,0.0123892717842219,0.11130710572206,-0.0399568660239565,3.71115151152347,5.20260721929468,6.69281406071538,5.20252839369996,0.000108367992727633,10.0791206083831,3385,697.425591500315,82173.2754769113,6343120.95042888,5.40897184276229,0.0838246066288765
DE,B,1774,139.360809902271,0.106513029462983,0.0113453454622097,0.106514531695021,0.00645235966894254,3.50062444023471,4.74138690595847,6.05578293025222,4.74132003561502,0.000185809628949674,9.03695473752274,3385,1000.4734629509,78803.1464440498,5808670.70460988,5.37449218865462,0.0909033327301381
DE,B,1774,139.360809902271,0.106718723663903,0.0113891960416761,0.106720176357032,0.0220103340560627,3.3941735725724,4.31920689920949,5.50354062958565,4.31914810543309,0.000214128822761018,8.60649527087883,3385,1082.31644899809,78639.8978814089,5831133.09580342,5.25302851749244,0.087994397485794
DE,B,1774,139.360809902271,0.107013767271019,0.0114522618332902,0.10701524112616,0.0234735237447685,3.37753144074207,4.256244725668,5.51458659359171,4.34051442299989,0.000205998611333689,8.59681892872856,3385,848.051895587492,79418.3752989609,5863418.27481638,5.58292182147391,0.0855946572940079
DE,B,1774,139.360809902271,0.125506256958709,0.0157522434627272,0.125507941831293,0.0911986994467465,9.46149555816662,11.2910769865326,15.2420203818989,11.2909254102596,0.00026330717133419,20.842056229938,3386,1086.92543434127,98710.1854221384,8064967.60962086,5.79581590953112,0.0646771051908348
DE,B,1774,139.360809902271,0.12633385481028,0.0159605992163977,0.126335265133682,0.0878041638169414,9.25012571640788,11.2171105024891,15.124057395197,11.2169852820811,0.000377390451201878,20.7055224323735,3386,1079.13813719322,98170.3220870995,8171717.26715904,5.82348845536489,0.0642961986405471
DE,B,1774,139.360809902271,0.108166193592064,0.0117000637769512,0.108166833072579,-0.010027396176858,3.34895165455982,4.21727454191794,5.34743631270197,4.21724960946111,0.000476745464308113,8.3468156379602,3387,824.545139521888,77846.9641086189,5990478.1922214,5.20196968134612,0.0908315650043566
DE,B,1774,139.360809902271,0.109526472431072,0.0119962554256611,0.109527418602198,-0.0433323766107973,3.33647235572432,4.16489753031223,5.42795248005973,4.28676826556839,0.000409414844905702,8.45170282817307,3387,876.683069499313,78821.3678495764,6142062.47020759,5.2276216089234,0.0956503629244589
DE,B,1774,139.360809902271,0.10873517181357,0.0118236858212756,0.108736773086549,-0.0377693123477981,3.3293676332807,4.47722991091295,5.67344483134788,4.47716397859701,0.000145802033180305,8.79523166179566,3386,1025.18281453089,78371.9386105595,6053559.72893408,5.19562307825846,0.0956480171484161
DE,B,1774,139.360809902271,0.135359216811728,0.0183226750373999,0.13536127598911,-0.00447673947719859,12.3265864303981,10.8339335574998,15.1536036663178,10.8337687467681,-0.000122971864609883,21.3153336965882,3386,1011.42987729433,104065.638761152,9380931.93321668,5.95217640914424,0.0597629066363769
DE,B,1774,139.360809902271,0.142948832789323,0.0204349409240818,0.142950833939791,-0.0103304051726533,10.6275739346721,10.2587249767527,14.2351717934716,10.2585813661719,-0.000257805453544985,20.1836336747362,3386,988.181388089509,107773.737267568,10462430.8517748,5.99883605115148,0.0500717473129588
DE,B,1774,139.360809902271,0.116150285885139,0.0134912683917917,0.116151919449451,-0.0191270969399857,4.01110816263261,6.61671181072742,9.67326505162078,7.52244681371712,-0.00020523534034172,14.1392644218652,3386,900.158789106735,86157.0445596098,6907356.68876472,5.44987442716203,0.0700455998557703
DE,B,1774,139.360809902271,0.135542055499755,0.0183722113414881,0.135544130605084,0.0372637876708626,11.3525693399034,10.8115012611829,15.0955501844758,10.8113357431056,-0.000107699651191769,20.5540432650431,3386,678.770230676549,104727.926192576,9406290.12796036,5.99502761140651,0.0546870323933316
DE,B,1774,139.360809902271,0.154965243300531,0.0240149592953282,0.154967607245283,0.0226602015509449,11.2564679935484,9.45639856246334,13.6587582552506,9.45625431035707,-0.000133429167244803,17.9778201462371,3386,625.045968985321,120079.65155981,12295293.1091174,6.21387473338742,0.043779689079183
DE,B,1774,139.360809902271,0.14136582489148,0.0199847927232285,0.141367580170379,-0.0159868764370404,9.37995088760346,9.84976325363242,13.7146656934296,9.84964095485938,-0.000358118405818471,19.1836080735558,3385,1105.97285456597,107666.29754148,10232025.4433177,5.96362701048424,0.0539552796817142
DE,B,1754,137.789662101795,0.104578354551024,0.0109369521797545,0.104579884202243,-0.0413246382148859,3.20443195038918,3.98301538861327,5.73940223375263,4.5428992007776,0.000147785657946521,8.52598103766625,3345,841.470941058028,82850.6915797354,5599566.86797686,5.35134797845613,0.111518374974591
DE,B,1754,137.789662101795,0.107446237946133,0.0115450138028678,0.107447725908312,-0.0155087193569561,3.31419802008329,4.27792982020434,5.60235201488407,4.4216466039048,0.000202552685789354,8.69963765699214,3345,706.647873331812,83512.4662626268,5910904.35608976,5.33602351468939,0.101206915573185
DE,B,1754,137.789662101795,0.107849443040079,0.0116317554380523,0.107850616308171,0.00348345164383632,3.32516843740991,4.26193638485195,5.46102431327653,4.30798643983423,0.000332292582600683,8.56996969023214,3345,953.927469085819,83007.545079139,5955385.74337435,5.22763485816441,0.0951986395969595
DE,B,1754,137.789662101795,0.106187358066828,0.011275843128704,0.106187772971769,0.0227028775487648,3.17912681722956,4.24702785997213,5.36081835075494,4.24701126566192,0.000514057006997457,8.28977680103514,3345,855.109987229933,83198.7849537131,5773321.86465613,5.35704174141217,0.100498631159637
DE,B,1754,137.789662101795,0.105761192236439,0.0111855001739624,0.105761525017193,0.0315870062949966,3.23856212467472,4.95655285257807,6.27700815722559,4.95653725668536,0.000528352336056993,9.46017522955518,3345,784.65882125387,84800.7247643644,5727082.97322945,5.44059131645213,0.103370721566234
DE,B,1754,137.789662101795,0.106736389208164,0.0113928775164132,0.106737423223597,0.0284929312427317,3.25185198297186,4.91126730968227,6.23059849190445,4.91121973193455,0.000367820888176352,9.37374234284907,3345,859.068010082654,85041.5911547498,5833109.54118488,5.43431864458449,0.0998573195382792
DE,B,1754,137.789662101795,0.107503923447835,0.0115574298676778,0.107505487616576,0.0154365232476591,3.1694215612778,4.02295487879222,5.08773700457227,4.02962069180032,0.000157666367745409,8.05263420107338,3345,740.553155573529,84092.2809945087,5917244.62543106,5.43361197196211,0.0995379949865163
DE,B,1754,137.789662101795,0.105923051963262,0.0112200431140774,0.105924704927969,-0.00889416146650289,3.21109949814867,4.10289006863679,5.18430992026308,4.10282604266204,2.12009852007073e-05,8.19271121098919,3345,819.541617884396,83575.3289143268,5744483.01105604,5.39559505598646,0.104003704141077
DE,B,1754,137.789662101795,0.1078775213604,0.0116379224567443,0.107879203078,-0.0469436829469457,3.23241141486378,4.45761493052145,5.63995777199643,4.45754544122909,-2.90378369550333e-05,8.73949157460015,3345,921.64771768265,83737.0930736671,5958430.95073176,5.36138770224282,0.101563480684595
DE,B,1754,137.789662101795,0.108970394063004,0.011874898683743,0.108972008716656,-0.0544160761973526,3.19723732624542,4.41290915774549,5.58171923744444,4.4128437710469,-0.00013852468093141,8.65184252222544,3345,678.863261950235,84785.3499961136,6079777.77343829,5.36515961855457,0.100491583131006
DE,B,1754,137.789662101795,0.106731975830753,0.011392015489406,0.10673338507424,-0.0377561455896924,3.23512365895215,4.0388090169725,5.39037247672054,4.24615219525762,-0.000234895326445979,8.28501727661271,3346,911.625466967964,84421.160189435,5832586.1576476,5.31088243767212,0.103294391812277
DE,B,1754,137.789662101795,0.107425492964954,0.0115405302907015,0.107426860191953,-0.0363204186175419,3.21524515763197,4.0127352873788,5.34373494485056,4.21874190989535,-0.000258630302907603,8.23153089009585,3346,671.936710657428,83403.2372386302,5908635.35464425,5.36476037979038,0.0995388974925428
DE,B,1754,137.789662101795,0.106998539834321,0.0114489634731777,0.106999829313778,-0.0125653272810633,3.24519325293886,3.93346518087756,5.61318484405532,4.42852088836163,-0.000286065740045767,8.36203943900219,3345,757.074176089457,83946.0817444147,5861769.90980532,5.53223811217311,0.098503637844946
DE,B,1754,137.789662101795,0.107133365076798,0.0114777382345388,0.107134206650065,0.0187738175289134,3.27490746136353,4.94036154695789,6.26682643030918,4.94032273884668,-0.000422323879929895,9.3633625310819,3345,995.402531440452,83472.5174273678,5876600.96251878,5.22488906442371,0.0966203789538163
DE,B,1754,137.789662101795,0.111661042241946,0.0124682789960447,0.111661448119056,0.029801257551684,3.68127394544468,5.8885581365051,8.87529497579788,6.93841097739479,-0.000546801821061572,12.8269943343541,3346,818.694228796442,88206.2966465865,6383865.5207131,5.390959040096,0.0897397461578376
DE,B,1729,135.825727351199,0.115952533179744,0.0134454073271892,0.115954332938399,0.0149275340795393,3.10801000789078,4.15439170807984,5.22518280805192,4.15432722663922,5.28449569428066e-05,8.04202408066477,3300,886.07588571773,89361.3600561272,6883836.28017802,5.13493912046825,0.0960967316484438
DE,B,1729,135.825727351199,0.116607532438463,0.0135977362255152,0.116609331639947,-0.00884835423708655,3.16369769403815,4.52625409414071,5.70483465457157,4.52618425716479,-7.29734808211954e-05,8.61970636463048,1387,920.251949850632,90708.5693302171,6961828.83527823,4.9972478265761,0.0950189402361333
DE,B,1729,135.825727351199,0.117829940927353,0.0138843145642867,0.117831721383873,-0.00315825466410914,3.16837891296929,4.47929717144343,5.64912714029557,4.4792294885329,0.000119580461815421,8.53028255478269,3300,917.078884184471,91899.0981411263,7108561.54853883,4.98925723887816,0.0906711506196262
DE,B,1729,135.825727351199,0.116803187764404,0.013643276830469,0.116804438402267,0.0145262350402911,3.07161125058147,4.26500703680148,5.35859313077972,4.2649613709059,0.00036632479922842,8.19195648877369,1387,920.639718108228,90003.3893584262,6985276.85860467,5.02200238760036,0.0898060063418568
DE,B,1729,135.825727351199,0.118217460391047,0.0139755967654487,0.118218428197336,0.0296708245045096,3.04457174176351,4.21398341740858,5.29786523543565,4.2139489192367,0.000455975063946033,7.96854634648195,1387,938.56969104318,90205.6484664619,7155494.83753702,5.13816985430783,0.0882901719343376
DE,B,1729,135.825727351199,0.118632611494683,0.0140740765295398,0.118634213149242,0.0487989288412787,3.08527088777248,3.83636572618976,4.8813823432772,3.87440223415538,0.000244530979855801,7.71082026850833,1387,949.27319858299,89893.6379226545,7205763.21894581,5.09011059291907,0.0897453253293417
DE,B,1729,135.825727351199,0.117609715339944,0.0138324749044749,0.117611542394762,0.0551943821016572,3.08363439826893,3.86973204918569,5.06893484602561,4.02479791452258,5.00270783925184e-05,7.89459248852945,1387,953.645226009655,88809.9642899838,7082008.39193673,5.06638370481633,0.0921153054851349
DE,B,1729,135.825727351199,0.116798925914492,0.0136424150149685,0.11680074920551,0.0450873993068411,3.14165009270598,4.47176849312447,5.64632489838044,4.47169868761906,-2.01315574046022e-05,8.52456852401492,1387,983.033133029828,90184.0384172153,6984698.62402992,5.19447999403536,0.0973973545477574
DE,B,1729,135.825727351199,0.117189650931644,0.0137338288337293,0.117191419625027,0.0224241798238948,3.12532627726639,4.45685905524076,5.62122039880045,4.45679179078449,-0.000120970667357966,8.56337670671904,1387,957.862727261005,91130.3307038993,7031515.60638054,4.99962876161877,0.0988404540289182
DE,B,1729,135.825727351199,0.116760431949465,0.013633381614216,0.116762072670093,0.0229255415139693,3.03675824825903,3.89576269494161,5.1882676447742,4.12155556266207,-0.000207118287769118,8.01737617380968,1387,984.20341167945,91302.1121409776,6980117.17517393,5.07841776836427,0.0992210746376249
DE,B,1729,135.825727351199,0.117616402551338,0.013834004417202,0.117618044607118,0.00703960258023366,3.09264116051258,4.19919067167791,5.29578996186417,4.1991320471247,-0.000214579948694484,7.96622200644805,1387,955.179070394552,90373.8899893274,7082836.06681285,5.02066923756469,0.100233831216165
DE,B,1729,135.825727351199,0.119127746776086,0.0141918304483794,0.119129469269276,-0.0012050362215394,3.11046679265408,4.14591657943653,5.22993051695472,4.14585663362195,-0.000181929297556709,8.2026153417423,1387,960.061670954195,91367.2466764538,7266024.0110193,5.1235575564587,0.0977417503525288
DE,B,1729,135.825727351199,0.120714317835069,0.0145723722272021,0.120716081062972,0.0162598937374138,3.17037525707345,4.27119916718812,5.40050437198455,4.27113678032561,-0.000172307330184209,8.41676103372139,1387,962.82309437369,93967.240797408,7460851.82398531,5.1245306504825,0.0949192102137584
DE,B,1729,135.825727351199,0.120647524960711,0.014556244496354,0.120649262311686,0.0350893915097905,3.15961847768469,4.2735637881733,5.40234239895788,4.27350224879817,-0.000188852937277802,8.42142072037813,1387,956.020574744608,94418.7017502498,7452600.80231484,5.09334567156642,0.0940490974827953
DE,B,1729,135.825727351199,0.118351207627424,0.0140074058680547,0.118352887028812,0.044463565907335,3.03173262637224,3.89157276753077,4.89516305717492,3.89358576419591,-0.000200524931525663,7.78521378163473,1387,959.942386124854,92178.4511269047,7171608.86012002,5.07099455889795,0.0983824435556945
DE,B,1729,-1,2.03946702481779,4.15954612111905,2.03949653618707,0.0503461153984518,3.8469568110157,5.27033318243169,6.969522981761,5.2702569210868,-0.00310000264007507,9.79827014922468,2824,8698.18774942804,1064721.59874561,2129630901.83777,6.16709148802151,0.00111477636086715
DE,B,1729,-1,2.09552187206093,4.39130592386845,2.0955443025306,0.0524731551666466,3.73951898997923,5.12935268234696,6.74181433668053,5.12929777833485,0.00657424728897689,9.53616811927946,2826,8105.72491843691,1086214.32604428,2248322627.06097,6.14940396025517,0.00108029951398779
DE,B,1729,-1,2.04819589006534,4.19505307472746,2.04818287140759,0.0561323851551114,3.82274029150353,5.31474841845447,7.0003676412951,5.31478220005261,0.0135803078645034,9.9143556682028,2825,8776.71189712645,1086877.84426084,2147988902.49545,6.22989237551036,0.00109355674669121
DE,B,1729,-1,1.99451188319754,3.97791502291632,1.99447111358283,0.052249329220186,3.91842241666173,5.45779945414925,7.22821812294771,5.45791101875373,0.0169392781526674,10.1812090984909,2824,5319.90193139865,1095990.02783542,2036922669.02899,6.34288609553133,0.00118534674935432
DE,B,1729,-1,1.97144833226795,3.88606777774733,1.97131118237262,0.0543399019402413,3.90214616011561,5.44558668836786,7.23678278674547,5.44596555379052,0.0257330268874489,10.1740409669773,3249,5862.08242373237,1076808.71027024,1990282605.22661,6.31038373224812,0.00129546166103116
DE,B,1729,-1,2.00965339998029,4.03837542263361,2.00957095486415,0.0593236947533313,3.97423884066067,5.34206186753828,7.08884386930087,5.34228103218634,0.0213907608721001,9.98062456788311,2824,6295.80375852972,1070773.12550658,2068052148.58281,6.27985826327239,0.00123893529118612
DE,B,1729,-1,2.05693162427145,4.23077532035444,2.05688485831231,0.0499055197307825,3.73745831242956,4.76879067090641,6.26449223532196,4.76889909558016,0.0180166118433379,8.94673306191916,2825,8297.72195969734,1093012.45062036,2166421656.71448,6.28303077517737,0.00117591795139754
DE,B,1729,-1,2.11101547420937,4.45639477609786,2.11101747413371,0.0490379825030578,3.65423005120682,4.5380051412615,5.95887739515576,4.53800084207068,0.011437595477118,8.75802023197106,3248,9018.97034239265,1107246.0075927,2281736780.91664,6.15117408361288,0.000953103841955329
DE,B,1729,-1,2.13390284229051,4.55368066705253,2.13393548802501,0.0552080279545723,3.80513705420694,5.01140869640299,6.63569399282202,5.01133203001888,-0.00172505183225447,9.4267895054277,2823,9904.32101811644,1113379.77261925,2331414689.55577,6.13714460171215,0.000873654512071221
DE,B,1729,-1,2.05567030545514,4.22575445340349,2.05566399331299,0.0568434127941535,4.00130061359622,5.56509785075024,7.41344126905351,5.56511493899466,-0.0125700498494164,10.5402026978334,2823,7811.79640229734,1102072.25641715,2163680466.18222,6.15025164071844,0.00107821662526951
DE,B,1729,-1,2.06922535404863,4.2817439967953,2.06923753996377,0.0518733402689708,3.81026126641114,5.52864209611394,7.30970068874612,5.52860953747236,-0.00913091135996759,10.4711561053611,2823,7967.13410715345,1118746.03181693,2192269788.01276,6.21212126884099,0.00111553066046632
DE,B,1729,-1,2.13304664459861,4.54963395056229,2.13298709573272,0.0561508157332977,3.81844548830288,5.36478286705334,7.09114751304278,5.36493264139381,-0.0199051132141438,9.97617184950055,2825,6171.44734665849,1136431.10142766,2329745510.40322,6.27697802836375,0.00130473803834151
DE,B,1729,-1,2.14771716450108,4.61232117939916,2.14763152784624,0.0578347682352648,3.82194528759752,5.32813737428344,7.05655042704779,5.32834983338331,-0.0226268497634649,9.90802710954709,2825,9120.64854755788,1146938.98178441,2361958901.65002,6.22360016866229,0.00124494760843394
DE,B,1729,-1,2.14307431237682,4.59290370530991,2.143106088207,0.0485788092476816,3.62205533401661,4.31508195714489,5.68017500987263,4.31501797743234,-0.00270763739297852,8.38897580126368,2826,7154.04826534729,1107124.20162164,2351500717.80109,6.24977636494919,0.000855791051745716
DE,B,1729,-1,2.13777251959782,4.5701138491774,2.13778246067681,0.0475298133158328,3.57260798651088,4.32578359642196,5.67888530938939,4.32576348073797,0.0100156092185114,8.40978092010517,2825,8600.95646586404,1126820.01669072,2339927886.3059,6.20897185237308,0.000915004127911648
DE,B,1729,-1,2.07572773994968,4.30785500730803,2.07553728159916,0.0494821645634748,4.05198780240513,4.82218780756959,6.42014890717024,4.82263030790137,-0.0304181452023224,9.31040814703512,2792,7132.66468512885,1103252.80783078,2206500307.94231,6.22703488559561,0.00152382205864088
DE,B,1729,-1,2.00336707995827,4.01335508721034,2.00333598959594,0.0527189949475768,4.24919737468167,4.93405970934648,6.63574960593998,4.93413628247496,-0.0158109834187254,9.58439241913076,2811,5744.46595722639,1113863.26673847,2055029577.65793,6.29996810419454,0.00129025438856899
DE,B,1729,-1,1.93505138289619,3.74415971970799,1.93498313163397,0.0429811463763927,3.81440081217514,4.84472329445349,6.43788762691517,4.84489417887856,0.0195228003037686,9.20417340334362,2788,7078.04116157041,1060667.06139676,1917340157.01825,6.27714536963437,0.00124221297191647
DE,B,1729,-1,1.95095419548153,3.80498785698272,1.95063780773949,0.0429378174621036,3.69848023868388,4.79784538451407,6.31766324979755,4.79862358099005,0.036787521727026,9.52344671500182,2792,8045.7457017889,1022154.03073495,1949478701.31321,6.12635183057966,0.00147783015139783
DE,B,1729,-1,1.95703748093818,3.82892855062986,1.95676481740394,0.0455442781196118,4.03020417394862,5.44299615314074,7.22831754204356,5.44375460226798,0.0344500389577952,10.1539083516483,2792,11380.6982178381,1046098.84957949,1961565443.42521,5.98592813315988,0.00161097405825564
DE,B,1729,-1,1.96245870341893,3.85097931942735,1.96239122486505,0.0469586627427922,4.13175870739162,5.42796006954996,7.26895192910363,5.42814671474658,0.0196261636872877,9.9627357955413,2791,7582.4393312852,1085205.24680777,1972034225.57773,6.29101391128088,0.00127159957877979
DE,B,1729,-1,2.0794419664792,4.32320388053134,2.07923156010372,0.0583889918868191,4.17074512241218,5.68411904632412,7.5749800501589,5.68469424675359,-0.0317822520410117,10.5006904184468,2789,6364.51319672445,1121510.48375499,2214445569.71455,6.27910670782726,0.00187479865020505
DE,B,1729,-1,2.12775563058706,4.52333665150447,2.12681373220705,0.0618901675957644,4.0477075157262,5.55505318255411,7.3620979111692,5.55751333950829,-0.0644106067416789,10.2622575728302,2791,9496.09076912651,1137377.60142913,2320124284.9125,6.16338919031696,0.00300068160721489
DE,B,1729,-1,2.05817003412312,4.234847743763,2.05787456949227,0.0448602260622929,3.79385672013737,4.9858502314491,6.59503495691914,4.98656608771164,-0.0367217182514899,9.4326325904593,2792,8608.90175076652,1096620.14560743,2169555134.87543,6.12311962287075,0.00179291074297703
DE,B,1729,-1,2.0537520627621,4.21802434694299,2.05378293569281,0.0444550553081727,3.71791051075005,4.9965756466208,6.59637607567275,4.99650053696289,0.00223642961861001,9.45292379376433,2791,11788.6908577326,1056670.43944159,2159566098.51655,5.97232749141417,0.00102166552065853
DE,B,1729,-1,2.05573716487061,4.22556623173762,2.05561821156985,0.0416901459245554,3.61798593957215,4.34614901694025,5.71237478224119,4.34640051732504,0.0249220432024822,8.49704303944993,2791,9041.94887267669,1068705.54188665,2164058316.02271,6.17034995449307,0.00118183354733353
DE,B,1729,-1,2.00339994448246,4.01262838078855,2.00315460731032,0.0407216367689781,3.62653941605389,4.62015773491092,6.05830738173826,4.62072359060143,0.0332919119405484,8.87949054212871,2790,7060.59497223451,1058553.16711462,2055536480.6447,6.26059402181398,0.00151625069615245
DE,B,1729,-1,1.99677861460774,3.98664197780882,1.99665770171274,0.0508041154525558,3.85057333322241,4.92302552326685,6.51524058626373,4.92332365011535,0.0246463081976152,9.45643761356824,2786,7629.67594851212,1087478.60785447,2041718923.64555,6.27844494902548,0.00135836575115781
DE,B,1729,-1,1.96863855115042,3.87487340584011,1.96846981329156,0.0473845530216504,3.72328838407688,4.99339611036409,6.59129643479951,4.99382414586782,0.0280255067653076,9.59160958526941,3210,6409.86529732639,1083301.68522864,1984677463.09319,6.30906368599237,0.00145760642695451
DE,B,1729,-1,2.0464983391792,4.18797590849282,2.04645447261668,0.04363525405352,3.68153152955284,5.70365355821475,7.48099023273381,5.70377581828883,0.0176186837636159,10.6263258961963,2955,8210.71319155532,1100266.31110663,2144494525.58338,6.2624667423531,0.00156725003906049
DE,B,1729,-1,2.16203205950144,4.6744762710624,2.16205371604463,0.0377717474200555,3.67319493035516,4.47543570763921,5.86446554661588,4.4753908787499,-0.00724103812400214,8.72137141084072,2891,8156.8568505583,1096558.12213884,2393310748.54935,6.06176549726099,0.000993881200299983
DE,B,1729,-1,2.13291960731744,4.5494607738961,2.13294650047677,0.035679551154789,3.5584627985189,4.49483006045231,5.89194867834281,4.49477338759111,0.0052390869698577,8.65137628723348,2915,7790.69732405508,1087392.35770065,2329279231.64738,6.13006629464137,0.000887048184925248
DE,B,1729,-1,2.0889960315925,4.36336399421866,2.08886667698507,0.0343356845815465,3.41055597040517,4.12783458397694,5.37684486947573,4.12809020317371,0.0260150132686915,7.90729390080554,2890,7407.79924511995,1061579.77527593,2234665573.21413,6.22038327112497,0.00122716333570367
DE,B,1729,-1,2.12267829845502,4.5052476181161,2.12255685862973,0.0408101584742049,3.70908375867135,4.95322354538142,6.49626376343591,4.95350693878006,0.025618930575895,9.53371299625288,2893,8301.45285039643,1073392.6749865,2307286778.02777,6.11734803624674,0.00137474116525582
DE,B,1729,-1,2.15467177245996,4.64273922377445,2.1547016553979,0.0419289417047583,3.79469736367156,4.87967599592849,6.42352302590859,4.87960832110466,-0.00403842321463593,9.3921524101744,2891,8503.76033219097,1097111.06115626,2377024898.10458,6.08038302420629,0.00110512950918514
DE,B,1729,-1,2.16194303462336,4.6740419411107,2.16195326987211,0.041198529217785,3.69783869660798,4.53263819337186,5.93850363365904,4.53261673468447,-0.0100899780193551,8.81033601184518,2892,9414.52011837408,1086224.32946928,2393138939.07905,5.88722227868312,0.00102998305989617
DE,B,1729,-1,2.14289812973835,4.59191296680799,2.14287493027661,0.0455180941095721,3.836364834284,4.57292179905193,6.00558418445858,4.57297130699232,-0.0155860485156899,9.05659340209195,2915,11648.6979068212,1072923.88552783,2351234723.43431,5.85337937718613,0.00119014950549097
DE,B,1729,-1,2.14539421889492,4.6024951785202,2.14534267158424,0.0451238163045288,3.83605135281115,4.73055891208531,6.22195202488932,4.73067257578723,-0.0191050758142109,9.2090139241737,2892,11954.124922342,1100348.78670969,2356777654.61087,5.85352447820506,0.00125391339907854
DE,B,1729,-1,2.15949476316325,4.66276780748954,2.15934430035822,0.0493603310452488,4.05849743452099,4.69967045776181,6.22334521448955,4.69999793013371,-0.0282052501131352,9.03138849087899,2892,10153.5797172589,1105491.11244095,2388077142.14317,5.91915236973293,0.0015165344380138
DE,B,1729,-1,2.18154398934749,4.75884998495686,2.18147885274115,0.0453465537368461,3.84723967991515,4.51454457044062,5.94472883937999,4.51467936987362,-0.0208064067851034,8.80248121242155,2894,10470.088304221,1125524.43101434,2436898343.86949,6.00514970328707,0.00125071254862422
DE,B,1729,-1,2.1799596178501,4.75237127976042,2.17999341277914,0.0418253905569771,3.66936519506283,5.21507984091046,6.86036712571522,5.21499899513722,-0.00108041623773579,9.82116920215713,2894,9495.28286556632,1092275.28045775,2433139248.3017,5.9941739679878,0.000848053540468731
DE,B,1729,-1,2.13594004367958,4.56218834521658,2.13592798221676,0.037224297261884,3.59592128718508,5.3225573867065,6.97285126905279,5.3225874428828,0.0139317394148965,10.0235736129995,2893,7520.07867448831,1079534.47019158,2335966187.94629,6.07675088160858,0.00106707979240892
DE,B,1729,-1,2.13657987757138,4.56404936507934,2.13636358447698,0.0372971681974451,3.66481344230187,5.0815990752062,6.62717870217332,5.08211355448138,0.032662435705939,9.63112290025163,2892,10858.4632005395,1074117.71853726,2337812684.00469,5.84950552853172,0.00160415094494114
DE,B,1729,-1,2.14606331654381,4.60558729991763,2.14606320967432,0.0462943933284712,3.98150325097113,5.0591435239927,6.68298408715475,5.05914377592753,0.0120159602400022,9.74003222723162,2753,9865.69894760217,1121509.8341707,2358134855.90716,5.92747078145678,0.00121987956006637
DE,B,1729,-1,2.14119614957604,4.58473475246542,2.14119937242318,0.0479248290484024,3.98729078637015,4.93512967912601,6.57154765927911,4.93512225096739,-0.011378552406108,9.62665854108214,2892,7912.10173876962,1105122.0876154,2347443415.89365,6.05641297630911,0.00105120106971137
DE,B,1729,-1,2.165588135617,4.6896881564171,2.16556878358022,0.0441861209612169,4.00065246228145,5.3363939405285,7.08701574846207,5.33644162781168,-0.0151779268319772,9.83541341067832,2853,9856.69891247498,1128926.69410171,2401281199.30196,6.00532737423667,0.001140701048159
DE,B,1729,-1,2.12889977450923,4.53214246664839,2.12888291520421,0.0386725246801813,3.88353691712519,4.96567941953924,6.54334168667543,4.96571874434352,0.0146086518603915,9.41716893692214,2852,9646.42699271922,1108198.77008843,2320602963.25026,6.04746457662557,0.0011174186866413
DE,B,1729,-1,2.09054425261464,4.37001724196212,2.09045862000713,0.0426253333526293,3.9723409914776,5.18593750825133,6.85308383997505,5.18614994266498,0.022239451809352,9.79464920547258,2852,8363.01923924531,1097343.34119012,2237885370.76972,6.13727023318235,0.00124000018270853
DE,B,1729,-1,2.13412521666971,4.5543711030532,2.13409725716829,0.0424629316097273,3.94960434678809,5.0800354953921,6.73615884991723,5.08010205058738,0.0161759534285851,9.59463270614933,3143,7230.24729247644,1117201.49811322,2332033076.03956,6.12179796304558,0.00106702016713364
DE,B,1729,-1,2.16776114347588,4.69909290399826,2.16773912268019,0.0392306896603571,3.92242839867119,4.55424202352763,6.03911983633284,4.55428828741247,0.0155665609191753,8.96945370044225,2851,9063.17158313274,1128464.55354905,2406108514.7625,6.07909546380663,0.00101431982815696
DE,B,1729,-1,2.1221914478127,4.5038034207715,2.12221662908655,0.0395360184277885,3.97918962782639,4.65203500219717,6.18161706111521,4.65197980322936,0.00581930019351622,9.11044802289352,2849,7207.82571278149,1121643.29439572,2305909966.02158,6.0544713539704,0.000964382753990085
DE,B,1729,-1,2.10331321928082,4.42382342713085,2.10328871701696,0.0450945618458828,4.12329894941553,4.97339590199499,6.62299964007549,4.97345383957516,-0.0155343410766708,9.55887183781821,2851,7971.86798462086,1106608.98599486,2265173920.83149,6.12259024127162,0.00105399623996826
DE,B,1729,-1,2.16332121890721,4.6792905487389,2.16316678708298,0.044135583465944,4.11524905036681,5.06192965254089,6.74784236133458,5.06229103153165,-0.0285372609918671,9.7209974309973,2849,9675.67513610054,1166446.58116026,2396555807.35081,6.00157111969107,0.00135005765098824
DE,B,1729,-1,2.12212360952083,4.50354417065341,2.12215554817582,0.0330565723772046,3.86324356836719,5.16019885779883,6.81372550387661,5.16012119628568,0.00227578285961539,9.90971492757079,2849,9371.61169117332,1121302.75323082,2305747861.32089,6.07697746117675,0.0011479388168009
DE,B,1729,-1,2.15126779476532,4.62785559076239,2.1512451256801,0.0388737485677295,3.79702604202826,5.15898024582249,6.810066372652,5.1590346093915,0.015561314830847,9.85677731924819,2852,8445.34419162297,1118431.00445623,2369635982.59617,6.14007211496294,0.00110976782219522
DE,B,1729,-1,2.27205264591321,5.1621995988307,2.27204744643036,0.0474549307526333,3.84430073140236,4.88472310561607,6.48245632293873,4.8847342840948,-0.0135994745480681,9.33278005032717,3395,10577.4266356772,1175655.99081218,2643152977.79024,5.99972939353013,0.00103948444379468
DE,B,1729,-1,2.21505415594635,4.90629424191781,2.21501563017461,0.0421560501683079,3.71923883959636,4.81827826368884,6.36414294343706,4.81836206801331,-0.0179998208998285,9.30567987954591,2850,7488.73537016518,1153223.44129847,2512275916.72631,6.15458226130334,0.00100936841370173
DE,B,1729,-1,2.07508562829115,4.30604088772615,2.07510021149007,0.0397490740147321,3.72388775898631,4.48939795542035,5.91834356874631,4.48936640524119,0.00860469593040565,8.54890707793954,2851,8466.96527704694,1092728.90926021,2204699853.05208,6.07987971119397,0.00104129966207278
DE,B,1729,-1,2.10759608779602,4.44190468844979,2.10758266467766,0.038501939697961,3.99337940262551,5.01478779181281,6.64501811876464,5.01481973081631,0.0139782103586558,9.67743991105536,2852,8857.52455160555,1105352.75574421,2274384209.58688,6.01504901761137,0.00111456561874463
DE,B,1729,-1,2.16123635523822,4.67105464559664,2.16126228061211,0.0413777655485542,3.92571085689154,4.89032451519491,6.46866140825025,4.89026585341534,0.00582306314741513,9.43725310144214,2853,9478.75505536149,1115227.74754322,2391539963.4417,6.10816216349427,0.00100347171444375
DE,IR,1797,162.18597267404,0.291196121384632,0.0847971802539501,0.291199554007128,0.144769044749505,5.34537982193136,5.55624338594658,7.72194076880692,5.5561778896717,0.000806701547304618,10.0854529023383,3587,2182.78735950687,178568.766864065,43415465.9196811,5.10608034973506,0.0553301991071482
DE,IR,1797,162.18597267404,0.293721910675928,0.0862743149087302,0.293724896644343,0.149267228329629,5.2356088601727,5.50699793876639,7.62361635830616,5.50694195535437,0.000970553825508985,9.99725963247713,3587,2413.58496279113,177227.109832743,44172033.4206425,5.0375743290185,0.0536096197407247
DE,IR,1797,162.18597267404,0.2931151934143,0.0859178415114815,0.293117453440564,0.140334659131297,5.32515965177586,5.68186887080493,7.88622922617495,5.68182506183781,0.00116620382796654,9.98216267477849,3587,1976.11687936158,185092.277960022,43989952.8249648,5.49329424720193,0.0533559004652596
DE,IR,1797,162.18597267404,0.291027324560471,0.0846980875816141,0.291029358624889,0.157007708988515,5.5303966658944,5.80813405805215,8.10928841130263,5.80809346380118,0.00120949346775607,10.2818372628661,3587,1802.81967641012,185600.556558096,43365563.6556181,5.56525877887525,0.053333136187697
DE,IR,1797,162.18597267404,0.292008805061653,0.0852712090858052,0.292012344064091,0.172496745419722,5.49214271530982,5.78861214560493,8.07662989868039,5.78854199133607,0.000773222486300273,10.2472786378695,3587,2149.86221919439,181894.421199018,43658106.9327901,5.23365109357058,0.0527700629277744
DE,IR,1797,162.18597267404,0.291508305483808,0.0849794402373971,0.291512332907884,0.152497649027819,5.53759439692429,5.66528586189858,7.91364453346527,5.66520759245298,0.000554559420763591,10.0594985613619,3587,2188.04081303861,180950.849368889,43508428.6057071,5.23113572478362,0.0530836746435501
DE,IR,1797,162.18597267404,0.290179685168672,0.0842067602460133,0.290184011010278,0.1426714060718,5.58042929081911,5.61272488616613,7.87362149817907,5.61264121595027,0.000347706534137925,9.98451621725508,3587,1754.55056827587,188300.03146049,43112637.7371362,5.62548142778936,0.0537566054171196
DE,IR,1797,162.18597267404,0.289500122743731,0.0838128079622376,0.289504417863074,0.158371384479889,5.46090455607825,5.49251009434963,7.69519669536957,5.49242860686657,-0.000363671069402545,9.92993037066581,3587,1469.88705337031,190697.24349617,42910952.0121173,5.76129643903721,0.0545509495210355
DE,IR,1797,162.18597267404,0.2902279741115,0.0842340642935127,0.290231053289466,0.167673257384831,5.39417871861581,5.29208020407366,7.40240798400536,5.29202405826648,-0.00091922677397654,9.92509200077098,3587,1826.45904192501,185147.101477978,43127358.4154718,5.5563327324042,0.0538108852850449
DE,IR,1797,162.18597267404,0.293359679645491,0.0860614580864711,0.293362332426082,0.176478355209586,5.28648903660437,5.23558560712889,7.29634759503355,5.23553826342335,-0.00106441335918931,9.81913856646897,3587,2125.12507416811,178790.801247185,44063249.7028276,5.20617641413763,0.0517351426474403
DE,IR,1797,162.18597267404,0.294036902241177,0.086459435866559,0.294039854214627,0.194111915651965,5.26569903003708,5.71522294856753,7.94236281290398,5.71516557135774,-0.000982787057119163,9.78156821743015,3587,2149.6485801281,180876.836690694,44266836.8626555,5.23712698177289,0.0503786887801341
DE,IR,1797,162.18597267404,0.291641362453047,0.0850564026965075,0.291644308527541,0.200285042317769,5.3775811549373,5.76216774355879,8.02644481028178,5.76210953643825,-0.000969334589557299,9.98503192483921,3587,1945.27158731127,182444.956345803,43548479.425517,5.40290199572686,0.0517215609198015
DE,IR,1797,162.18597267404,0.291690680115626,0.0850851661695886,0.291693616950369,0.202625591924663,5.41193181661158,5.58674005882862,7.79612520628736,5.58668381031527,-0.000972423863519003,9.80889025846684,3587,1867.91306211369,186485.138101883,43563212.0166467,5.50596973852942,0.0530677149435986
DE,IR,1797,162.18597267404,0.290650808787803,0.0844794712270622,0.290653524367179,0.193046334249277,5.48218816911842,5.48311807261516,7.66692058034512,5.48306684377704,-0.00103024531931395,10.0766847662,3587,1450.89190609435,192309.800189421,43253224.3006244,5.78828208778661,0.054526873957445
DE,IR,1797,162.18597267404,0.289733320775579,0.0839467496699323,0.289735654813025,0.18862896692379,5.47170752749689,5.46916382198278,7.65726764957477,5.4691197637768,-0.00112731257388972,10.0772767968287,3587,1453.10771726762,194015.794369935,42980694.0055425,5.83710285950915,0.0542532556721724
DE,IR,1772,159.92962914769,0.290900710207506,0.0846258677375363,0.290905255603154,0.141147127121878,5.58084861460077,5.28339102968531,7.44953779850131,5.28330847668177,4.47903289675061e-06,9.61768187399023,3539,1809.23239088876,175530.475583485,43327090.2839663,5.11053474681864,0.0501607569394799
DE,IR,1772,159.92962914769,0.289217046487557,0.0836490829588675,0.289221511922726,0.125095913994344,5.54599549250503,5.46824545760861,7.70176645150485,5.46816103063976,0.000176221339645542,9.82776817650353,3539,1637.14404990284,171624.032766891,42827023.7581766,4.97952261668283,0.0504789320077311
DE,IR,1772,159.92962914769,0.291084692247195,0.0847328690220029,0.291089108387797,0.124871506905508,5.56449461977657,5.43316032357866,7.66895397489231,5.43307789658563,0.000277382043497323,9.71501353798375,2842,1577.97455115626,177407.30384855,43381952.0006355,5.25370378048251,0.0506036323715928
DE,IR,1772,159.92962914769,0.293789873916526,0.086315067252816,0.293794260074658,0.136384553531401,5.54359363252944,5.32443277393917,7.50757630391875,5.32435328360431,0.00034656734396144,9.63857457219622,2842,1441.12675968191,181687.703758712,44192056.3041898,5.43798515355599,0.0491654472780757
DE,IR,1772,159.92962914769,0.292592654835435,0.0856130313596257,0.292597046054169,0.141046722666433,5.59148708281303,5.34621907789313,7.54673483117847,5.34613884325752,0.000325132668958549,9.72260279465955,3539,1858.77654951062,180676.529681819,43832610.4915532,5.29611047004188,0.0486822947748043
DE,IR,1772,159.92962914769,0.290615406907287,0.0844599160119901,0.290619882341161,0.143912238455435,5.59807482169578,5.44208540908671,7.68307431745998,5.44200160307458,0.000195172419381138,9.84824454529439,3539,1887.09548545985,177220.60146071,43242164.6324112,5.21509275232499,0.0497094952310488
DE,IR,1772,159.92962914769,0.291470766486217,0.0849578074710243,0.291475226170294,0.142312509875419,5.56720983156434,5.42611488847452,7.6453006178412,5.42603186681093,0.000234896832422535,10.0299514949938,3539,1726.65443608748,179014.670127689,43497094.6009084,5.37238777650977,0.050706331403741
DE,IR,1772,159.92962914769,0.293818613794134,0.0863318567519329,0.293822832250887,0.120742471771693,5.55613370036813,5.29736896615824,7.47443789645988,5.29729291106846,0.000467900093036868,9.86441721116727,3539,1600.36539104999,180920.193830515,44200753.5233372,5.45519435404246,0.0501218409921705
DE,IR,1772,159.92962914769,0.295035798430054,0.0870485345544691,0.295039886378891,0.113459769227624,5.57814842618737,5.10755051230388,7.21855855585291,5.10747974422762,0.000555038282361242,9.72101104115661,3539,1620.6792532756,182418.221127081,44567772.3719413,5.47777823184441,0.0501964486639528
DE,IR,1772,159.92962914769,0.295521370028905,0.0873354979049441,0.295525799051359,0.124016924426519,5.63997490178706,5.15074488824703,7.28861553250575,5.15066769442897,0.000333875914296224,9.7566250333021,3539,1513.99838218897,184395.615656883,44714491.6895879,5.51764895223416,0.0501678062753798
DE,IR,1772,159.92962914769,0.293790881467554,0.0863157792329117,0.293795471770604,0.139172603636872,5.61725135885335,5.18108383228445,7.32825023919572,5.18100288227942,1.29873627084417e-05,9.90633767116962,3539,1721.26826249688,179772.081606465,44192298.0867304,5.39252961201258,0.04910814454899
DE,IR,1772,159.92962914769,0.292354278787591,0.0854736665602628,0.292358797644714,0.141066247875708,5.59333561835962,5.13766025651332,7.2591152322843,5.13758084603265,-0.000169756383351401,9.88613356855483,3539,1888.79811609256,176560.908703056,43761179.1919439,5.22849540081521,0.0482728512760215
DE,IR,1772,159.92962914769,0.292804626487791,0.085737189314345,0.292809134615614,0.119910087046719,5.56651132410261,5.12975828614937,7.23677451011112,5.12967930771829,-0.000198155181640178,9.8252822486588,3539,1937.49064661236,177746.100854437,43896109.3230434,5.16139301461282,0.0480392394254962
DE,IR,1772,159.92962914769,0.292351971974835,0.0854722851278545,0.292356435071737,0.112016259698877,5.50590717601337,5.10406081585131,7.18476047687004,5.10398289754584,-0.000247787470268033,9.80685495375229,3539,1804.03326306237,178072.141062496,43760505.2835159,5.20103815994213,0.049836887887899
DE,IR,1772,159.92962914769,0.291876594243325,0.0851944738561106,0.291880924104524,0.124272419787015,5.55638690352686,5.3747573831659,7.5866806505889,5.37467765218137,-0.000367067133065159,9.87577852286952,2842,1535.38693187059,178207.876376343,43618345.4733526,5.29468652429858,0.0513020338049618
DE,IR,1748,157.763539362394,0.300889539045151,0.0905372953510447,0.300894159715746,0.0853775874871836,5.46414119618687,5.54948228772602,7.73375391633129,5.54939706729619,0.000220558922374863,10.1861085965116,2862,1850.15553126724,190164.960261394,46353696.4041204,5.32589385222117,0.0544704365280132
DE,IR,1748,157.763539362394,0.300010127723085,0.0900088268845712,0.300014711113591,0.0966368771944472,5.58132783907628,5.5657493304171,7.78876848899612,5.56566430124456,0.000250255252072986,10.2159668526163,2862,1886.20816410725,189023.024964374,46083143.3516877,5.35291743536759,0.0533199811265196
DE,IR,1748,157.763539362394,0.295672354586917,0.0874247820002134,0.295676820194302,0.0924002553335848,5.57022749417804,5.37397633030479,7.5262633407225,5.37389516713355,0.000302144329015295,9.86873993866055,2862,1855.86199119028,180064.170694649,44760183.0527434,5.08334707296182,0.0528174540225274
DE,IR,1748,157.763539362394,0.297506926364271,0.0885130095834057,0.297511360427473,0.0945514056733751,5.570704065425,5.34083778987406,7.483080646524,5.34075819085545,0.000357327384162552,9.8078845092063,2862,2038.99832098522,179273.800873491,45317375.4433858,5.03778965357936,0.0494123363854885
DE,IR,1748,157.763539362394,0.30046395877256,0.0902813913624535,0.300468619596878,0.0891928969383818,5.59302145557403,5.25699998197939,7.3771913496813,5.25691843618139,0.00014301155582214,9.82399178486694,2862,1813.60058313115,190586.215464839,46222648.8173105,5.40431496187688,0.04780698369849
DE,IR,1748,157.763539362394,0.305000933974802,0.0930284759917432,0.30500569829389,0.0824434836814801,5.62373669364674,5.32418041575688,7.48495243920227,5.32409724978812,-2.95572946428236e-05,9.9013178648824,2862,1621.65754613686,193681.380714042,47629092.1436742,5.47581635061562,0.0492872332756379
DE,IR,1748,157.763539362394,0.301756124520887,0.091059604241515,0.301760839476422,0.0825933171836308,5.53795988649677,5.38143178381056,7.52693693831382,5.38134769996583,-7.54868680395782e-06,10.0077875839816,2862,1895.39389575121,189087.507954285,46621060.4079772,5.24923306792357,0.0545513032340795
DE,IR,1748,157.763539362394,0.29768530339077,0.0886193092010841,0.297689954820589,0.0935364662679566,5.48869608934377,5.26032516323774,7.34604456274403,5.26024297022812,2.68012536904635e-06,9.58732227504384,2862,1767.52866175611,183058.095355049,45371668.2735777,5.09540154500464,0.057164366969914
DE,IR,1748,157.763539362394,0.299720873353756,0.089835407821705,0.299725554168651,0.103258170509549,5.55640365584239,5.26183865378201,7.37328633858631,5.26175647963168,-3.81932925634752e-05,9.64027496917559,2862,1736.36829285366,184486.919086653,45994292.8928243,5.172026167912,0.0536245881006767
DE,IR,1748,157.763539362394,0.300169210737391,0.0901043661203644,0.300173893135903,0.0976088831857329,5.51071507005623,5.25397949004783,7.36605371368222,5.25389753346764,6.86715738071962e-05,9.62587610512626,2862,1978.32977341321,186355.276704121,46131998.4134956,5.17616074795831,0.0501660988054648
DE,IR,1748,157.763539362394,0.298250894056115,0.088956361578713,0.298255530675817,0.0919172468314023,5.52127785586904,4.91251170846817,6.90539148980974,4.91243533956222,0.000118797552413326,9.73614025697856,2862,1864.28503981798,183757.054251333,45544248.2641087,5.17178163959617,0.0488915554445012
DE,IR,1748,157.763539362394,0.300394938861228,0.0902399345446061,0.300399624741121,0.0872071624766956,5.57404227854714,5.04937496543196,7.10543311875314,5.0492962011371,6.8896947882091e-05,9.83857525170053,2862,1827.85331940773,190001.500507978,46201407.4742758,5.34004658860802,0.0482770155166729
DE,IR,1748,157.763539362394,0.303225024553796,0.0919482885484707,0.303229761976741,0.0880832360293465,5.58578263031618,5.00224770782152,7.03830946495097,5.00216955664365,1.87402462906774e-05,9.33253108616333,2862,1917.22390769125,190243.030838585,47076052.9220068,5.29812926536474,0.0508913572546721
DE,IR,1748,157.763539362394,0.302154899889313,0.0913003686660909,0.302159508647487,0.0992271347746514,5.55291468874826,4.92973139069165,6.92444516990689,4.92965619881718,-0.000260763399374938,9.28378936710338,2862,1920.58247421719,186859.116932563,46744397.4427764,5.21347820218356,0.054879079113637
DE,IR,1748,157.763539362394,0.300143560837448,0.0900888204094526,0.300147997510316,0.0958883636454454,5.48181118869494,4.96276678626582,6.94978996008048,4.96269342854585,-0.000389844030621408,9.3460024229199,2862,1963.1663517495,183755.430476393,46124190.2496042,5.11408028990915,0.0545996874253478
DE,IR,1721,155.326688353936,0.307210188284448,0.0943810031134709,0.307214913559662,-0.0154076475277663,5.22696789633068,4.71378919516451,6.68599060964565,4.80031779225337,-0.000214659363771714,9.51418082228257,2507,1839.64167338937,196421.19307757,48321610.6787007,5.20621713311064,0.0547244459233605
DE,IR,1721,155.326688353936,0.305520450661907,0.0933456220920271,0.305525157870881,-0.0135754701992193,5.24466925385518,4.5663091506861,6.37235693587179,4.56623879781708,-0.000201820014170171,9.09586801129865,2507,1927.84392016749,190783.266549949,47791506.6841917,5.01045200051374,0.0546807557064468
DE,IR,1721,155.326688353936,0.307968203483748,0.0948473223153432,0.30797292464654,-0.00540970955426208,5.27240693203211,4.58995776518116,6.40693557016422,4.58988740205479,-0.000236686472897822,9.174452464762,2507,1852.62556734757,196023.073254139,48560368.8332632,5.14392482296135,0.0539159300564151
DE,IR,1721,155.326688353936,0.312063195012433,0.0973864092342976,0.312067956115808,0.000768782081414837,5.23549730717602,4.68568934212408,6.53219739557704,4.68561785432502,-0.000267903636293104,9.21002485837881,2507,1736.25462693712,201877.293900384,49860356.8326846,5.32650179318085,0.052192070475285
DE,IR,1721,155.326688353936,0.31602773260836,0.0998766115101059,0.316032611466136,-0.00862710693762095,5.24270142276868,4.68835939759745,6.54142701626153,4.68828701950142,-0.000193420745744813,9.21062162772064,2507,1691.47411085864,203873.6786018,51135265.3090315,5.4709941803395,0.0500014952468582
DE,IR,1721,155.326688353936,0.31589295123617,0.0997914677657568,0.315897875532199,-0.0162006765831564,5.21390955244029,4.69035976990857,6.54965680872395,4.69028665539347,-8.5780581538103e-05,9.21455150401846,2507,1734.58563296559,201287.008633758,51091642.3543673,5.39245786100018,0.051399891864203
DE,IR,1721,155.326688353936,0.312049340038053,0.0973778335659396,0.312054215747744,-0.0160375139516349,5.25128607127459,4.78674150485422,6.69529324939151,4.7866667141263,-1.04663051702549e-05,9.26277029207204,3591,1745.39375380466,197890.378893639,49855892.8122068,5.32497574001733,0.0531134335652918
DE,IR,1721,155.326688353936,0.311310330160354,0.0969171491668491,0.31131519263738,-0.0220031100801142,5.2373597949868,4.79810460113263,6.70895359382858,4.79802965884281,-3.40383772793002e-05,9.28475889340489,2507,1883.60860315892,198463.292096338,49620030.870803,5.20585612644968,0.0523946624955201
DE,IR,1721,155.326688353936,0.313883491278766,0.0985259160252463,0.3138883814754,-0.0140192605401859,5.26876053077802,4.79626272205646,6.71661608554935,4.79618799910014,-9.49050934248717e-05,9.26840358733315,2507,1816.0192401795,201724.734332183,50443701.8132728,5.29571393935126,0.0521138047150301
DE,IR,1721,155.326688353936,0.314858563979238,0.0991390056175019,0.314863471392764,-0.0192435343661106,5.33099772879962,4.78140937080738,6.70298199185533,4.78133484849802,8.82467630819212e-05,9.25760756742278,2507,1691.14138045364,203091.350100559,50757592.6233161,5.42800328621488,0.0516132962030768
DE,IR,1721,155.326688353936,0.312437213209169,0.0976199920157295,0.312441981839396,-0.0138946992782016,5.34348218302677,4.8132622886407,6.75306386855012,4.81318882646413,0.000266095721108505,9.32415048213268,3591,1770.24219917197,197346.220490383,49979946.4973885,5.2954202508456,0.0521486927483189
DE,IR,1721,155.326688353936,0.311778331611724,0.0972087360074925,0.311783155426159,0.00437567596149904,5.29794033315545,4.79343012158491,6.71828238763855,4.79335595908764,0.000172708128847609,9.17920684815651,2507,1860.83343077788,199432.949236244,49769347.9815096,5.26494054790729,0.0521831497035737
DE,IR,1721,155.326688353936,0.314016601380924,0.098609499498428,0.314021495280861,-0.00107450524101224,5.24610360273574,4.73304753834642,6.61450666390133,4.73297377568559,8.93938346130742e-05,9.08797498132614,2507,1793.78016766298,202897.154583911,50486494.1578894,5.36676463552424,0.0521079655340758
DE,IR,1721,155.326688353936,0.317344295420063,0.100710548921294,0.317349253853376,-0.00409444806916142,5.33523487543579,5.04209965335096,7.06979444610957,5.0420208729077,1.09094192323068e-05,9.83530272540959,2507,1750.62719801076,205988.877879709,51562189.7920575,5.427647314508,0.0518250489965175
DE,IR,1721,155.326688353936,0.321785159462783,0.103548896941803,0.321790144258339,-0.0233198980055767,5.37043166042175,4.9725150923732,6.97737002782842,4.97243806400058,-0.000166768446726368,9.69956855328228,2507,1643.09605640231,210802.262409702,53015406.9256582,5.53105040073733,0.0502836202158536
DE,IR,1796,162.095718932986,0.185941277157753,0.0344771120240715,0.185680133627891,-0.0882427288522461,23.0147113559636,10.2242425928978,18.7834101545347,10.8807433766734,0.00990575270918243,21.0897046088301,3517,528.809604809171,146107.594083303,17752208.4658146,6.42268278759786,0.0438206982713081
DE,IR,1796,162.095718932986,0.184530515537259,0.0339850840457965,0.184350438149185,-0.144938649740561,23.0905462872154,9.76658753378362,17.9832694610338,10.4422687731486,0.00821517817983498,20.1986660330864,2622,491.245158452409,143760.134697463,17468928.1617019,6.45144897017243,0.0472341743495827
DE,IR,1796,162.095718932986,0.190672928383738,0.0363174330186719,0.190571333150272,-0.138434847231606,22.6714240007282,9.45196283460745,17.4516160986065,10.1013976854721,0.00631407313386357,19.5479782465451,2622,520.608528286788,147442.960628307,18634768.9641579,6.43725071773194,0.048487305438906
DE,IR,1796,162.095718932986,0.19986487537949,0.0399259471643221,0.199814782146672,-0.0488695304265593,21.8038771784684,9.52967203165645,16.7289524928707,9.63736931935356,0.00461182523368038,19.1646258841395,2712,622.434626526262,150108.461159961,20463225.5162001,6.37745382556723,0.04634032813907
DE,IR,1796,162.095718932986,0.203579554384628,0.0414355805587047,0.203557315168737,0.0469574413042601,22.2900645158183,9.3557858438767,17.1982371944684,9.87673778278484,0.00321702760812703,19.2314446828329,3517,488.065398522646,154750.376631623,21224951.9231337,6.35780973896974,0.0425861772958947
DE,IR,1796,162.095718932986,0.199228006524855,0.0396853015629455,0.199211700366584,0.0508705811162864,21.8116393147629,9.34503909572782,17.3884619173163,10.0921894747632,0.00278157987409325,19.436402557915,3577,645.573615056584,151685.328204098,20326162.3058258,6.14628601754948,0.0435059299853008
DE,IR,1796,162.095718932986,0.195879942371372,0.0383676289607422,0.195876565624227,-0.0972709213833736,20.7994020274777,8.87566877183766,16.1914456130068,9.46585045072628,0.00158803371337196,18.3413560420816,3577,566.232995340097,151594.783355918,19646194.5123844,6.22829751321918,0.0439009602625946
DE,IR,1796,162.095718932986,0.193851074784134,0.0375787019660484,0.193852268405733,-0.184788954197751,21.6225857138393,9.53749829127322,17.4692382566235,10.1005168963386,-0.000843542146045728,19.6380773806904,3715,571.634798237225,149697.833142842,19240422.7831541,6.35376028950527,0.0421628820882779
DE,IR,1796,162.095718932986,0.191085244778284,0.036507197369233,0.191068567193123,-0.144765210450476,23.0691833000688,9.67554714473314,17.8774402334568,10.2476725564526,-0.00274121372048581,19.9223253022908,2622,618.026145575414,145259.665728853,18698795.530822,6.40008289640136,0.0433856465223413
DE,IR,1796,162.095718932986,0.188262461069628,0.0354255256654591,0.188216698689195,-0.0821400133050242,23.7872943111836,9.01746871090098,17.3990333339468,9.96818481025845,-0.00428201240201561,18.9832304790781,2754,581.842819089477,144587.207287655,18156078.0175605,6.13059366760756,0.0464020599062971
DE,IR,1796,162.095718932986,0.187446203350812,0.0351057591559334,0.187365309371648,0.0600012408802043,23.2007249533833,9.44068344947628,16.9217341536888,9.83014416649748,-0.00560509140642276,19.2665853349183,2622,524.805137866822,145470.209310107,18005758.0544713,6.36667097200444,0.0499268372215854
DE,IR,1796,162.095718932986,0.194103097291055,0.0376310743758011,0.193987304676881,0.00987864774378173,22.7322036642516,9.11690897434602,16.7971360823591,9.68308244818566,-0.00679072700482471,18.7942149591697,2622,595.338112897997,149525.579793183,19313728.6918303,6.27491213985246,0.0464357435287045
DE,IR,1796,162.095718932986,0.197749604328899,0.0390462270152504,0.197601181715217,-0.147940755360373,23.2491550283613,9.5088687560006,17.6512081062762,9.97380683545888,-0.0077394568013464,19.475189667612,2622,678.938515613154,150862.379434981,20052380.2643537,6.23176598822751,0.0444386932913472
DE,IR,1796,162.095718932986,0.194226426079502,0.0376513882018685,0.194039656260952,-0.196219314437845,23.9338519348628,9.68135527214439,17.9307380625446,10.1568723366296,-0.00858446222129415,19.8284606721031,2622,619.883720494096,149037.085815765,19352369.9605734,6.33730851007415,0.047259774299519
DE,IR,1796,162.095718932986,0.195103967745949,0.0379704853672579,0.194860168755079,-0.11748996872861,22.1761345032148,9.34879426743651,17.3697746019778,10.0001039454426,-0.00981118956203699,19.3364022330246,2622,629.87311805192,149818.4946057,19538850.6469087,6.32097368231732,0.047702706787354
DE,IR,1774,160.110136629798,0.16901880654754,0.0285680057890463,0.169020725915629,0.124547207594386,20.9792904366803,10.0800088146214,17.0817102939698,10.1154375683903,0.000493890563966606,20.1955612533535,3668,563.616484641531,134904.955629942,14626611.6572108,6.21618245947555,0.0366807704134768
DE,IR,1774,160.110136629798,0.165698309617661,0.0274565023087874,0.16570003714178,0.0038200469577573,20.8068807146183,11.0293350663826,18.8593408904388,11.2228215853216,0.000534337964326424,22.2522736576954,2750,506.767745553786,131839.875350419,14057582.2420373,6.22468184512573,0.0375378199503686
DE,IR,1774,160.110136629798,0.164211459681899,0.0269657874044642,0.164212628638799,-0.101748508239707,20.5563731285113,11.129199997653,18.7240239107235,11.3244758879889,0.00067732359484146,22.453756500139,2750,483.01419007053,130372.915237463,13806521.473994,6.22583385161483,0.0376372153084345
DE,IR,1774,160.110136629798,0.166143875379599,0.0276041071934107,0.166144837998087,-0.0611624075551797,20.344182262108,10.7440315589671,17.981971981229,10.9223836132835,0.000736723211673787,21.666478455284,3532,615.67840329283,131427.432705497,14133416.9952216,6.24098781679651,0.0364766641812223
DE,IR,1774,160.110136629798,0.170273081948065,0.0289934508881901,0.170274633719148,0.0298194403803548,20.9210634349725,10.4834834724608,17.7918131216769,10.6574750234091,0.000614486161396192,21.1410556219769,3668,559.102971727559,134064.489550552,14844569.6102243,6.24964468871522,0.0358171377547256
DE,IR,1774,160.110136629798,0.170892012493873,0.0292048342008969,0.170894219331424,0.0933148867204857,22.330859808042,10.2623916868445,18.5729157537081,10.9329943428581,0.000397975348402781,21.1955272144316,3668,515.74592224323,134613.365210457,14952570.0149295,6.19264501116204,0.0375326823970696
DE,IR,1774,160.110136629798,0.161633772800514,0.026126291801359,0.161636294814497,0.0905446920340555,24.2340725480202,11.7921044779208,19.9020703001409,11.7919204855049,3.39851150365614e-05,23.3514803484794,3372,511.556090258897,133776.420277921,13376244.2998986,6.30126152161656,0.0415739871949865
DE,IR,1774,160.110136629798,0.159588389053092,0.0254692102735547,0.159590758734818,0.013250436155389,22.799398310147,11.9432394006439,19.7910196530449,11.9430620615775,-0.000198896524230808,23.1653943928998,3490,479.302979479059,129314.186636671,13039868.652937,6.34034885538226,0.0423686936490812
DE,IR,1774,160.110136629798,0.166864479746902,0.0278445507518595,0.166866865350373,-0.0921592253993431,20.4744994386561,10.7012375524642,17.7160838513397,10.7010845627775,-0.000272013889137515,21.2560255646414,3633,506.019044876365,135022.268863866,14256040.0407237,6.31726279203645,0.0382777875571139
DE,IR,1774,160.110136629798,0.171220773942731,0.0293173141277204,0.171222995323994,-0.0484522713728871,20.2312894319055,10.5079184676233,18.1990598216455,10.8664350835874,-0.000394294171897546,21.3744945299876,2590,541.642192372534,135215.115034429,15010154.9399313,6.19686855844617,0.0351604623202671
DE,IR,1774,160.110136629798,0.16649849073398,0.0277222893665542,0.166500118217839,0.0791886896243397,20.1714300962125,10.8059473970138,18.4704162038601,11.1746681228856,-0.000569536374475318,21.9807247496703,3473,462.889695133032,132601.200765099,14193700.7506107,6.22233337607064,0.0375703605855697
DE,IR,1774,160.110136629798,0.162829169083217,0.0265136868748598,0.162830239436229,0.0838200342075557,19.0376841711375,10.5429581123999,17.0628192355536,10.5428888090136,-0.000692807466675908,20.9164220147812,3532,493.594508351612,128130.173805398,13575074.9620699,6.17813111335103,0.0403880218209358
DE,IR,1774,160.110136629798,0.168430446837352,0.0283694579484557,0.168432354221081,0.0553653006523219,20.2427931700957,10.1923443258391,16.8164352132336,10.2218022506684,-0.000493982727841352,20.4142623328904,3668,567.079435330555,133358.182655043,14524958.432717,6.23268715815484,0.037610584207246
DE,IR,1774,160.110136629798,0.172577933286848,0.0297840623729068,0.172580596745135,0.00533518606717854,22.2115044432404,11.0706859659228,18.665112833255,11.0705151106191,-0.000106942049787201,22.0168141733784,3668,647.925756963585,136454.64220698,15248975.1010089,6.14467308827776,0.0340680963079723
DE,IR,1774,160.110136629798,0.168070180850728,0.0282484671368242,0.168072803084926,-0.0629848674198794,24.1370940780897,11.3676090213976,19.4464828778666,11.3674316665099,-3.63176302701811e-05,22.6073195635867,3668,516.923690000498,134868.950549654,14462764.5481196,6.24756954247888,0.0362791386017198
DE,IR,1752,158.12455432661,0.16639385381551,0.0276875658024359,0.166395810651698,0.0796143521189756,23.4427895628622,11.8794209607757,19.7738457930297,11.8792812572534,-0.000462624656335492,23.5701010755509,3465,605.987565993593,131759.779220776,14175809.8477247,6.15495281081212,0.0372251753101502
DE,IR,1752,158.12455432661,0.162768161986475,0.0264940855373592,0.162770038819677,0.0121547807821586,24.3526374115435,12.1440373266884,20.4261754670231,12.143897298876,-0.000465788867726501,24.0951295690609,3488,579.188037138141,133199.717225862,13564770.0004301,6.24829912578199,0.0386590391772084
DE,IR,1752,158.12455432661,0.155896694322474,0.0243043822998405,0.155898628280817,-0.0574949434207248,21.9894432320083,9.64055406883725,15.9806181283325,9.64043447554654,-0.000395616962911151,18.7341575251732,3488,606.892633503393,125962.42819375,12443615.1364789,6.22247239524772,0.0404131032773793
DE,IR,1752,158.12455432661,0.161018427160341,0.0259276511374762,0.161020654381592,0.0334194233428176,22.5786273870561,10.7631828587479,17.9380723093242,10.7630339835015,-0.00030493739022473,21.2330226584793,3465,513.251114984348,132565.094876641,13274637.6843896,6.35549045908847,0.0389937371728559
DE,IR,1752,158.12455432661,0.164905409129108,0.0271945862408786,0.164907811339787,0.132353619592106,22.2702650004627,10.5094840994444,17.4499697740949,10.5093310078793,-0.000239895768723372,20.7325395230152,3465,645.357727314436,133885.933650964,13923251.9730279,6.19559827950645,0.0389055777721967
DE,IR,1752,158.12455432661,0.161013659093853,0.02592618114252,0.16101608970075,0.182701237852626,21.198804719165,10.6907840716108,17.7234876893114,10.7758357766154,-0.000165726981226789,21.466782516542,3465,544.115960484281,129298.069703496,13273818.0506264,6.21233718344675,0.0415760624396489
DE,IR,1752,158.12455432661,0.161385095536256,0.02604595483069,0.161387591935347,0.106083292769121,21.074368425356,10.6661786593894,17.6506572823782,10.7510306040327,-9.03694915084473e-05,21.4173755666543,3588,474.735525965295,130588.41923299,13335120.5002336,6.2474014253019,0.0410238263664425
DE,IR,1752,158.12455432661,0.166730483869468,0.0277999194566935,0.16673307847183,-0.0161175934912757,22.2583035246696,10.6728986483137,17.6272165997018,10.6727325629256,-5.95158492149512e-05,21.2932590617063,3465,569.337493845147,132375.144639753,14233117.5899434,6.28152048387465,0.0363462309861452
DE,IR,1752,158.12455432661,0.169751035657124,0.0288162996973033,0.169753644135563,-0.0741034861064586,22.8327273422943,10.4829849728722,18.2856923322272,10.9721939766107,-0.000122142246214916,21.4553475536467,3465,668.19440641689,133299.442200671,14753499.6609757,6.19737925363153,0.0349013026621948
DE,IR,1752,158.12455432661,0.162520372439889,0.0264124765068836,0.162519157353475,-0.0920543141209958,22.7912530796312,10.8108636820989,19.0794467339424,11.5300209791894,0.00110469045778934,22.3407984568843,3465,606.338720143176,127853.809606028,13524015.000826,6.19973582739285,0.038630584436814
DE,IR,1752,158.12455432661,0.157705109866619,0.0248659148350445,0.157689298416362,0.0471983026234556,22.1614336565718,10.9933521678807,19.6876927495153,11.8831735103421,0.00240081295324596,22.8753342760735,3330,480.91818348359,129810.851572825,12736852.7764874,6.33417256486502,0.0420880876264329
DE,IR,1752,158.12455432661,0.157807614293596,0.0249013611423128,0.157801651266116,0.0989670861794822,21.5379562473863,9.65278280340391,15.9749170951473,9.65314756390326,0.00163099793353352,19.0972330942416,3488,513.028186267489,128788.177317868,12751822.4808278,6.30379729198378,0.0422696989272311
DE,IR,1752,158.12455432661,0.156984834713828,0.0246448424728444,0.156986758909293,0.0297046759679183,20.4174475292381,9.64494815174113,15.7569848908976,9.64482993307338,0.000407441542677216,19.0875755795255,3465,468.569484843551,126694.516752974,12617935.0188291,6.27486508945065,0.0412800152573913
DE,IR,1752,158.12455432661,0.162962033597873,0.0265573352397519,0.162964214598641,0.0123108645050945,21.7009376382457,10.956464552106,18.6692620985346,11.2937602440528,-0.000345067136389167,22.2503759460875,3465,597.402037553712,130648.061667157,13597052.6520812,6.19480585469701,0.0386255806151483
DE,IR,1752,158.12455432661,0.166545934157899,0.0277377401772412,0.166546510552582,0.0342647222868076,22.381178067283,11.4284460055915,18.9482665689102,11.4284064533038,-0.00082146921233402,22.4793238150281,2874,500.713459907593,133085.187803579,14201970.1739083,6.25152140888129,0.0380341626232351
DE,IR,1728,155.958464541314,0.181416165162713,0.0329128527893616,0.181418997873325,0.0968008887551529,17.5756628984165,10.6706095816417,16.8008737440919,10.6704429687216,-2.68259724892145e-05,21.008727424222,1387,1187.36400229793,145893.172087448,16850854.7576573,5.94376449307406,0.0352707704108723
DE,IR,1728,155.958464541314,0.185185360305869,0.034294687308872,0.185188248301214,0.137597230333636,18.4240320063255,10.5093224746283,16.5621045402584,10.5091585826175,4.55161617052233e-05,20.6370220449581,1387,1209.30491986875,149327.089332402,17558333.3083168,5.96497790118817,0.034752194963729
DE,IR,1728,155.958464541314,0.183608492506379,0.0337131300361877,0.183611355956509,0.0649420770021107,16.9067136795081,10.5995787148407,16.3902193961764,10.5994134126191,4.493985671855e-05,20.2332092218486,1387,1210.05818987164,147681.382430757,17260585.2361821,5.84379454833184,0.0342969932113526
DE,IR,1728,155.958464541314,0.181824773256703,0.0330612729932619,0.181827591397076,0.00681258259542459,15.8325089448039,9.95745223312965,15.3174399836749,9.95729790287685,9.1331104418622e-05,18.4773360003597,1387,1187.4626866145,146740.606117839,16926851.3256675,5.86761666298462,0.0343524879791455
DE,IR,1728,155.958464541314,0.182061877504734,0.0331475587022477,0.182064710205596,-0.041685019420733,17.1910943144536,10.0521280857701,15.6385928950829,10.0519716871366,6.63288049470588e-05,19.8791899825331,1387,1172.28129627576,144478.709762449,16971024.1987389,5.9213502090525,0.0342327047903145
DE,IR,1728,155.958464541314,0.182622338580118,0.0333519593982117,0.182625188290695,-0.00744135573487994,19.927372540856,10.687248583589,17.5085569875988,11.0486843200346,3.74030872649335e-05,21.7361053116259,1387,1169.91644488736,145718.788148054,17075671.0083735,5.91814436023251,0.0337635009646618
DE,IR,1728,155.958464541314,0.178233745233885,0.0317682450051799,0.178236486178279,0.110020601682863,19.8949361151834,10.9503973378383,17.9045748030315,11.3207351512334,0.000125270004137258,22.27130658352,1387,1153.26303803362,146718.842653475,16264849.2197424,6.0055540664668,0.0355280607257173
DE,IR,1728,155.958464541314,0.175976955769049,0.030968771046002,0.175979462000547,0.11909522847861,17.755521395699,9.73639282400894,15.2656222418821,9.73625416206457,0.000292728261584327,18.2495411981176,1387,1120.94588182714,145357.997202841,15855603.0190578,6.04751092765072,0.0377003050921231
DE,IR,1728,155.958464541314,0.177365780394276,0.0314594512093746,0.177368123430831,0.040297459098371,18.0941311489552,10.4376280540772,16.3292870599648,10.4374901727961,0.000389811936825528,19.6110706893299,1387,1181.29772459629,147303.608345138,16106891.2675272,6.09024742984377,0.0378716927057951
DE,IR,1728,155.958464541314,0.185150661719,0.0342816593808913,0.185153070136283,-0.0182726370440777,18.2132573286279,11.478903115678,18.0745738958267,11.478753801445,0.0004236224119514,22.7340835710465,1387,1147.53614036579,149920.649035593,17551844.8569808,6.02545472162039,0.0340421967617705
DE,IR,1728,155.958464541314,0.186988671584845,0.0349657770431663,0.186991382269789,-0.0230042889384101,18.0667845802601,11.366070947842,17.8705107302835,11.3659061817602,0.000280959839143256,22.5106183229094,1387,1117.56179737879,148107.86102297,17901999.2245476,6.02710392851348,0.0316052486034351
DE,IR,1728,155.958464541314,0.178743467117849,0.0319502227059393,0.178746252285018,0.0396706783868821,17.6294064852578,10.4358143983641,16.2692172140294,10.4356517908282,5.26861446108491e-05,20.3062819217066,1387,1130.38744860027,145163.627405401,16358005.6640213,5.95620412968473,0.0334531613658761
DE,IR,1728,155.958464541314,0.181862654914679,0.033075038839186,0.18186544157477,0.107732148633452,17.6113163871488,10.0298713992845,15.7193196026742,10.0297177150985,-0.000141451028134708,19.079624783877,1387,1153.30428782116,147548.805827928,16933911.1736163,6.05772913937402,0.0343743130197597
DE,IR,1728,155.958464541314,0.183444110103955,0.0336527508985409,0.183446861239272,0.141779536863742,18.3109774069968,12.0566527587203,18.8196219399353,12.0564719462332,-0.000205625282119194,22.0104576183587,1387,1131.43018234495,146646.447376896,17229713.3102505,5.98636773272432,0.0367940869457936
DE,IR,1728,155.958464541314,0.183725104848375,0.0337559326758028,0.183727876697584,0.0758894607509871,19.6660753383645,12.0382129485305,19.0247893999394,12.0380313315018,-0.000190653192332598,22.8141068322997,1387,1105.61595466665,147645.041019133,17282534.6557767,6.02526235011417,0.0360199849836256
DE,IR,1797,162.18597267404,0.504049767870499,0.254052820049439,0.504036526503227,0.340254495460301,7.13618325833767,7.00795947395331,10.2437023197965,7.00814357760521,0.00461384779680413,12.8421972749564,2884,2996.15871967421,259299.137127957,130092777.394802,5.1264419998502,0.0586576369289085
DE,IR,1797,162.18597267404,0.511722990893421,0.261852760057193,0.511715506954003,0.318044849986727,7.0855806465255,6.67244329827205,9.71929645870439,6.6725408840609,0.00398023246399493,12.2071178649841,2884,2946.67993764107,265027.022608826,134080645.924172,5.23018960554688,0.0572610250682925
DE,IR,1797,162.18597267404,0.517050073434629,0.26733842134778,0.517047794065288,0.301779198938616,7.28306273941688,6.61428429727036,9.6528357785054,6.61431345588396,0.00327283006616056,12.2838798946293,2943,2190.41734852118,270120.295935821,136883962.695291,5.66367681462651,0.0574078106267412
DE,IR,1797,162.18597267404,0.529436918698046,0.280305908557166,0.52943923972177,0.291838703919236,7.88549939273587,7.0691997413275,10.3615258479803,7.06916875046192,0.00251035514565058,13.2845859286796,2883,3504.05860723605,276223.655779221,143518593.179926,4.95401044279551,0.0563566321109655
DE,IR,1797,162.18597267404,0.541851949340749,0.293610445466254,0.541858326009902,0.284152171164879,8.47642214920455,7.14729158243238,10.5469636469752,7.14720747204488,0.0015049466887973,13.3336017545663,2883,3693.27399828266,278069.592028423,150326169.525876,4.92542530441257,0.0546923719215275
DE,IR,1797,162.18597267404,0.542223076530543,0.294015005284631,0.542231505249032,0.28155300537931,8.24505849935547,7.14239958437024,10.5428066217325,7.14228855932864,0.000217730411594528,13.3244755067853,3267,2716.92665075685,281573.939642407,150531026.82222,5.38131965193762,0.0536691915058941
DE,IR,1797,162.18597267404,0.539680046416082,0.29126328218472,0.539688134189292,0.277881543567028,7.74007714262045,6.93909926644647,10.1821878712225,6.93899527701703,-0.000610157777516054,12.5748416837431,3267,2845.03348265628,272014.674260311,149122521.467357,5.32472010210998,0.0532087044779726
DE,IR,1797,162.18597267404,0.531318545225502,0.282307416155963,0.531326092109133,0.288664658639003,7.59910885763235,7.04830171627498,10.2795278504124,7.04820160315493,-0.000895796481661817,12.772735310184,2884,2808.80541899623,266989.713908043,144537701.85459,5.38340153317126,0.0534697252725248
DE,IR,1797,162.18597267404,0.519872001351967,0.270273683413135,0.519878527555365,0.308024698315566,7.37719031505467,6.84739169702526,9.94316684063056,6.84730573950135,-0.00128857641280604,12.4675766576165,2883,2735.10338964202,265947.403225844,138377501.714569,5.22413836772021,0.0552811319201938
DE,IR,1797,162.18597267404,0.51835783210853,0.268700619241712,0.518363404612741,0.30569689079962,7.2009931743532,7.18945868135834,10.4287725572226,7.1893813933237,-0.00161856754395392,12.6862314490801,2884,2546.30159194807,273550.221503305,137573100.437041,5.5600620936456,0.0572136752514703
DE,IR,1797,162.18597267404,0.528545533215589,0.279365787918228,0.528550648394483,0.315570024183384,7.46081682766738,7.14480185776222,10.3960068375013,7.14473271218502,-0.00182289461975836,13.0241666142035,2884,3451.21609392384,276363.421035988,143034216.153178,5.21695937719586,0.0561233935563171
DE,IR,1797,162.18597267404,0.540795728567514,0.292464960309427,0.54080029614399,0.325526527351049,7.66810765757662,6.98295661031505,10.2155411561634,6.98289763255824,-0.00204920898176272,12.7291410123138,2884,3135.64347949676,272658.895187614,149741680.158708,5.31711332049679,0.0543799923097287
DE,IR,1797,162.18597267404,0.538807461431716,0.290317242546871,0.538810952511984,0.312375083425828,7.47776114667554,6.9747462584478,10.1849802104773,6.97470106746027,-0.00230442215089193,12.5551578121079,2883,2616.77365677669,274099.304576985,148643220.843913,5.14669837154344,0.0554112679751931
DE,IR,1797,162.18597267404,0.531855424205405,0.282870661790412,0.531855865616251,0.285947396261815,7.07581917548598,7.06591519915239,10.2420962974398,7.065909334835,-0.00289312538280599,12.7318390122442,2883,2773.15476922357,275777.905331191,144833823.917039,5.31419966865838,0.0567000501344526
DE,IR,1797,162.18597267404,0.528233827281839,0.279027710719496,0.528230736250264,0.274613235946479,6.84361253380165,6.86890448273346,9.95166339769369,6.86894467729084,-0.00346196205681955,12.5736741462628,2884,3228.09452124254,269401.451119531,142869996.187074,5.44960258494975,0.0559207259886792
DE,IR,1774,160.110136629798,0.437013152630074,0.190986215923318,0.437019697408844,0.263480607091947,7.19221043005782,6.73803387013611,9.93766624112993,6.73793296177595,-0.000497963458152401,12.395501069701,2847,2645.14748365543,229109.679885849,97782140.639596,5.24414021729647,0.0441273699269417
DE,IR,1774,160.110136629798,0.435048816183258,0.189273223143025,0.435055425369027,0.268753709305819,7.24360253727553,6.27613245262212,9.25308625151008,6.27603710816053,-0.00040510202767517,11.6688722326676,2847,2307.058403385,228765.046451912,96905029.923327,5.31712737479234,0.0430008711810801
DE,IR,1774,160.110136629798,0.441351775510286,0.194797449702206,0.441358640679217,0.302110646540527,7.88693807906287,8.4949602591084,12.6161002407297,8.49482812317208,-0.000165723200797614,15.9476598498345,2846,2726.68984266828,236805.727203771,99733205.6092495,5.29174398246364,0.0416991040882078
DE,IR,1774,160.110136629798,0.43469458347914,0.188965240035576,0.43470132279023,0.297683111139007,7.80121966034475,8.62505753634893,12.7445402725949,8.62492381937394,-0.000214556004737895,16.1918925550548,2846,2664.85900459264,234953.614400812,96747226.5863694,5.34510571344186,0.0429449043910093
DE,IR,1774,160.110136629798,0.427910053727573,0.183112598630912,0.427916579055909,0.283698221440902,7.31033523318091,6.79273002307633,9.96631594822932,6.79262644028504,-0.000371105011309654,12.4723279810603,2906,2137.84476629251,230373.559426395,93750861.7089954,5.56030174974728,0.0442906474235799
DE,IR,1774,160.110136629798,0.439443868360838,0.193116912334789,0.439450693860857,0.306940775572846,7.60931469237664,6.66352086464119,9.87991562453357,6.66341736756536,-0.00018975947751685,12.3905010039124,2847,2828.76797703057,234831.176462362,98872806.117486,5.20845275401188,0.0426809736912976
DE,IR,1774,160.110136629798,0.443434389915958,0.196640194562581,0.443441309039404,0.297911193488847,7.90143726637502,7.25104845951224,10.764961407033,7.25093531962566,-9.27557963435181e-05,13.2003107740417,2847,2393.59771918836,243144.43501313,100676642.152587,5.51327647533288,0.0430581216093278
DE,IR,1774,160.110136629798,0.442931147766671,0.196194132500498,0.442938068470636,0.2691332430743,7.53619832997634,7.25928683522762,10.6511749889138,7.25917341220359,1.51011105133071e-05,13.2153084837279,2906,2577.81633364603,237449.721340977,100448256.863275,5.34935656681387,0.0413293338985225
DE,IR,1774,160.110136629798,0.444447289126212,0.197539435140432,0.444454086650614,0.250101294441186,7.14323341184866,6.28645059126414,9.22702135528016,6.28635444567209,0.000361633177596637,11.8485481447167,2846,2997.59962370864,237453.586422568,101137164.041366,5.32810035320444,0.0402313622701225
DE,IR,1774,160.110136629798,0.441356904819687,0.194801697429513,0.441363452756924,0.245548979112159,7.01232461694902,6.17495888109881,9.07117917229607,6.1748672712409,0.000554576906679795,11.3149862624341,2906,2167.18464415568,238184.395652222,99735667.0487166,5.51175673071967,0.0426422538881431
DE,IR,1774,160.110136629798,0.443508434690785,0.196705527277793,0.443514968493503,0.247077606509719,7.19068187900925,6.76395590958265,9.93602617324618,6.76385626389616,0.00059279997076213,12.8202520565189,2846,2868.87709808164,234693.745635752,100710442.519157,5.26448700240769,0.0409428177540534
DE,IR,1774,160.110136629798,0.444406912229382,0.197503318366319,0.444413454303893,0.24231510933077,7.88071509703239,6.75028091423586,10.0044196924891,6.75018154541548,0.000597703633865514,12.7943327735488,2846,2350.91252976371,238477.77962808,101118904.747869,5.55484637333514,0.0394340013848003
DE,IR,1774,160.110136629798,0.443609613505165,0.196795280194169,0.443616140592483,0.215343393086004,7.88726603737751,6.51774637570637,9.65534717380034,6.51765047770848,0.000599043018271051,12.2242532538155,2847,2831.79263014344,238432.66747262,100756402.196403,5.43130160097896,0.0404394288933912
DE,IR,1774,160.110136629798,0.454754485771789,0.20680796923174,0.45476144211195,0.232618255039599,8.24909292603856,6.88903846135807,10.3087942514595,6.88893308194266,0.0003685740924995,12.7245565324536,2846,2278.40179063957,243796.633199507,105882510.42631,5.36516196353405,0.040257843281616
DE,IR,1774,160.110136629798,0.454596119455049,0.206664089988452,0.454603222589162,0.250106331200695,7.81486175570605,6.89143837548033,10.2215315217249,6.89133069738087,-9.37814688977962e-06,12.7289893488899,2847,2174.22667173815,243364.874836113,105808707.53761,5.57903367644291,0.0407105079460059
DE,IR,1752,158.12455432661,0.478080169004597,0.228567619923721,0.47808746053805,0.294043750749631,8.01011907222377,6.76120649730022,10.1552805881446,6.76110337900614,0.000413291502579067,12.5969737875996,2870,3450.97954295694,248100.876522521,117023139.228181,5.06939275022909,0.0373981785969855
DE,IR,1752,158.12455432661,0.470673146401836,0.221540052725622,0.470680414639936,0.278411645824258,7.82767938991461,6.70903292173412,10.0328307423448,6.70892932097407,0.000284859314847858,12.4109681792661,2811,4085.32628352911,240766.719137572,113425045.403429,4.92264269063306,0.0379039223516454
DE,IR,1752,158.12455432661,0.471831151509279,0.222631334361298,0.471838250210068,0.253217178930337,7.7875060460697,6.32023160954965,9.42318359971118,6.32013652308074,0.000508333033074232,12.0081727292859,2811,4081.88127476741,242515.782816614,113983945.504379,4.99426652220827,0.0380565737706331
DE,IR,1752,158.12455432661,0.464846794666396,0.216088825779851,0.464853553046388,0.227653343097939,7.81605837817365,6.40820013723828,9.54761224458487,6.40810697015091,0.000685206229769722,12.3099833100259,2870,3193.99675547729,238869.304387256,110634501.841464,5.0532809454559,0.0384273526268062
DE,IR,1752,158.12455432661,0.460350083399354,0.211928301431784,0.460356711074992,0.220411883306093,7.89974436721627,6.4707955983834,9.65434441970217,6.47070243946269,0.000721535465799956,12.4302275385889,2811,3558.69983232298,241218.18748663,108504432.546072,5.24458334161374,0.0386825821072722
DE,IR,1752,158.12455432661,0.481175248032522,0.231536393957841,0.481182287660135,0.20881877933037,7.78166679969171,6.1355091704925,9.14738363149307,6.1354194088764,0.000678876740423739,11.5432270930556,2811,3733.83761765489,253600.342141665,118543400.950092,5.28714124439052,0.0355554080581071
DE,IR,1752,158.12455432661,0.489948108313009,0.240056582495154,0.489955694420581,0.195114925736301,7.70534730715293,6.02564862855121,8.99041382842023,6.02555533191397,0.000260983802030514,11.3365376156292,2870,3542.98983747441,251134.934059733,122905199.073521,5.12090213915858,0.0335032025780663
DE,IR,1752,158.12455432661,0.493345080528107,0.243396968836487,0.493352783347259,0.211435449095575,8.17022111887254,6.97942134742803,10.4980629171668,6.97931237627748,-7.61582117851469e-05,13.2543528983307,2811,3627.14879151952,256222.110176757,124615359.626817,5.2136792217182,0.0334891881029989
DE,IR,1752,158.12455432661,0.501858238065019,0.251869537348293,0.501866055186334,0.227511906089104,8.64029307359234,7.32711149638205,11.0569099804924,7.32699736848105,-0.000157125664265492,13.7556206814948,2870,3696.74974684143,262921.24981347,128953198.487741,5.1359654870468,0.032902593095316
DE,IR,1752,158.12455432661,0.50944673638279,0.259544019084666,0.509454629073744,0.236573267270412,8.93331970619822,7.9976933131921,12.1048913409171,7.99756940947612,-0.000262444292221613,14.7479803981869,2811,3466.28433009916,262448.121662684,132882455.584048,5.27505076877636,0.0317177613768641
DE,IR,1752,158.12455432661,0.517588724472328,0.267906346041161,0.517596702115808,0.25184039325252,8.55353043693057,7.8718846921365,11.8948649817912,7.87176336391061,-0.000337243301474386,14.515985621119,2811,4237.13776496211,263091.32735255,137163879.126818,4.98123552354294,0.030880470339248
DE,IR,1752,158.12455432661,0.503902725024952,0.253925712503418,0.503910421110159,0.25016955546686,7.89362167359313,6.83242583303296,10.2544747759311,6.8323214832732,-0.000423039797734491,12.8761071224075,2811,4226.1747524508,257455.840303038,130006085.220979,5.02305518375887,0.0319315031327124
DE,IR,1752,158.12455432661,0.492929703089727,0.24298711878959,0.492937236156481,0.259083591092903,7.71661755618711,6.35516935890146,9.49252294086155,6.35507223920447,-0.000408345441102597,11.8815002549057,2811,3960.60870285451,250910.252095064,124405687.65675,5.10216699277392,0.0338322434927245
DE,IR,1752,158.12455432661,0.491241209679587,0.241325272416057,0.491248686935708,0.283866562719561,8.09987138834451,6.70071590270316,10.0345205523095,6.70061391165397,-0.000441685601237393,12.4520644714683,2811,4449.20354286437,250769.163601278,123554878.040563,4.89913558337034,0.0345207910545713
DE,IR,1752,158.12455432661,0.488979666712819,0.239108328876119,0.48898704366897,0.27940710468033,8.27889364575035,6.73170687830742,10.1088509628622,6.73160532243368,-0.000507659075670232,12.6223667923114,2870,3274.50127029745,258441.131915022,122419902.344992,5.25155745439125,0.0352781082938374
DE,IR,1728,155.958464541314,0.442122824708795,0.195478678070314,0.442129707292231,0.344258103029206,8.63971680563652,7.01634863218849,10.4611116554953,7.01623940947832,0.000150886912127913,13.3729234660889,2830,2547.52650049715,248081.473530433,100081978.820306,5.59554560663685,0.0370397800623965
DE,IR,1728,155.958464541314,0.437376728393553,0.191304345011277,0.437383521650367,0.32894760106545,8.56473913313355,6.92158783897363,10.324780022323,6.92148033578381,0.000189181795990367,13.0989582624839,2772,2645.4297309469,246764.402297703,97944800.3834955,5.5440579557261,0.0389156191460152
DE,IR,1728,155.958464541314,0.440331825724921,0.193898087303372,0.440338605283902,0.303542863091148,8.56390716134748,6.8792081647923,10.2650057432738,6.87910225085031,0.000297922974595956,13.0290553045067,2773,2894.68320707477,240992.497785267,99272809.2104084,5.30884850692566,0.0385151697399038
DE,IR,1728,155.958464541314,0.446905378815646,0.199730578717122,0.446912271835449,0.252765801688764,8.15860558724895,6.77802155519441,10.0421745580711,6.77791701334192,0.000283686128710966,12.8374102923273,2830,3395.02473221563,243461.829181352,102258943.022465,5.0632679109761,0.0367851856596707
DE,IR,1728,155.958464541314,0.449122468310355,0.201717214877169,0.449129396585404,0.231678918646912,7.90455879073711,6.82808592296821,10.0825513374481,6.82798059283909,0.000283420150077656,12.3165026730479,2830,3022.27105259491,247408.151661484,103276068.7814,5.2370921154454,0.037211462652621
DE,IR,1728,155.958464541314,0.454584351737342,0.206653369374964,0.454591431259944,0.245381602953839,8.20711819473259,7.15802165204694,10.5907561684508,7.15791017749511,0.000146243934320508,13.3233347440531,2830,3071.77827207449,248519.196121026,105803240.566498,5.29762215435075,0.0355407448521818
DE,IR,1728,155.958464541314,0.455768661151848,0.207731562592808,0.455775781051174,0.254594465893983,7.93522050878925,7.13942161840195,10.484089414691,7.13931008995906,-3.88158615314262e-05,13.2887142180825,2772,2819.62352566582,250326.522104517,106355237.762525,5.35755300349156,0.0357954288316174
DE,IR,1728,155.958464541314,0.454069068787679,0.206185157682777,0.454076158461086,0.274155936370774,7.70727150305778,6.47394815081041,9.50657172575735,6.47384707045817,-6.95205782198487e-05,12.0084091214504,2772,3096.25387839296,244369.162113071,105563506.719918,5.13420447433426,0.0375367473292023
DE,IR,1728,155.958464541314,0.456487869656086,0.208387686802065,0.456495001946423,0.301774413516074,8.08473892051474,6.89226491748371,10.1903901242622,6.89215723254902,2.13611816530344e-05,12.9773634719258,2830,3136.56903222725,244579.159054349,106691161.875005,5.06094572980918,0.0364091833828595
DE,IR,1728,155.958464541314,0.457848913026044,0.209632173729686,0.457856062239746,0.326606852413232,8.298865218388,7.76382964307759,11.4709720780758,7.76370841441678,6.65948417443833e-05,14.7017908122371,2830,3201.0704795262,252204.223191935,107328323.35968,5.17394533240863,0.0376826259590577
DE,IR,1728,155.958464541314,0.455674509203625,0.207645747223352,0.455681629236194,0.339425642608121,8.21256843217957,7.80087736137549,11.5198824789664,7.80075547254497,6.64935514970152e-06,14.7719453402892,2772,3087.06197705351,252277.36492861,106311300.291462,5.18588329663184,0.0375101980844156
DE,IR,1728,155.958464541314,0.442646395095382,0.195941908095928,0.44265325944347,0.344997209218315,8.05038342896272,7.01082579705333,10.3206292805922,7.01071707821387,-0.000214894480021671,12.8914061721464,2772,2765.97484376021,247794.67609473,100319168.924317,5.28067942792039,0.0388164418140416
DE,IR,1728,155.958464541314,0.433270418127827,0.18772897597743,0.433277019904621,0.356316591814383,8.00947962409092,7.04487544848964,10.3495113805672,7.04476810678188,-0.00038180850196053,13.0295306879734,2829,2839.97807129157,241302.363423014,96114381.3115456,5.45088533478315,0.0425775971990985
DE,IR,1728,155.958464541314,0.432108903472239,0.186723776194731,0.432115466275776,0.337409236854163,7.87718607050421,6.58377999571972,9.70274507803473,6.58368000380086,-0.00040420694769481,12.2700253201645,2830,3236.87588614045,240385.662399015,95599753.0650802,5.31397580100843,0.0413610831574511
DE,IR,1728,155.958464541314,0.438048701474541,0.191892568628828,0.438055440131529,0.311529919745365,8.11266208060564,6.75375587320056,9.97050656514097,6.75365197940074,-0.000304758058854508,12.5987886230944,2830,3446.22362506533,239827.949830443,98246019.9629776,5.09357458954539,0.0393754106264523
DE,IR,1728,-1,0.838527753439993,0.70315076051669,0.838540852026119,0.138554603947672,3.41172667127687,4.40887886773141,5.63572013986158,4.40880999800439,7.89537756323016e-05,8.43895374418235,641,4590.4779112322,641878.902595249,360001945.2167,5.53725420283927,0.171010623264033
DE,IR,1728,-1,0.843610950141431,0.711701652420303,0.843624117969788,0.123246546636254,3.25247095529346,4.26172377969027,5.41107324715889,4.26165725996182,0.000153149809557998,8.16924157261315,641,4564.80614848303,640639.462835892,364379882.69198,5.59347199500002,0.166511362264837
DE,IR,1728,-1,0.851782205642182,0.725555494966214,0.851795453713046,0.119814400825369,3.30830419953871,5.38498372654687,6.830230951875,5.38489997328698,0.000323251700346975,9.4332836788341,641,4547.87597214464,639626.107286445,371472911.418185,5.55780518755373,0.166229607261736
DE,IR,1728,-1,0.834495317155896,0.696403921755944,0.834508191545142,0.0995773735033446,3.41705204572086,5.49653571643526,7.00794989682565,5.49645091853748,0.000524615793943914,9.66380738226711,641,4538.93268485787,629629.990453263,356547947.020804,5.5798652013764,0.170279178772018
DE,IR,1728,-1,0.823941977015783,0.678901211776353,0.823954617546593,0.0882755474775513,3.39711012753955,4.79388474631294,6.10348334386423,4.79381120191311,0.00062078594726172,9.01453230094835,641,4557.02937231593,620319.98414238,347586952.515366,5.52884463577475,0.17244970202044
DE,IR,1728,-1,0.831360015552664,0.691180999022094,0.83137296024233,0.103997335253444,3.34467115851262,4.79875099830743,6.09817948332567,4.79867628052681,0.000275397628133961,8.76980066451366,641,4626.20025102119,627710.228721734,353873689.820055,5.5195904400391,0.172491160806209
DE,IR,1728,-1,0.83691441655266,0.70044762836703,0.836927492897103,0.0903728389918278,3.2482942653118,4.76690283460448,6.04415920006799,4.76682835543643,-3.54264809456785e-05,8.79675596604612,641,4605.69373834796,637548.612440052,358617979.762986,5.57379464111087,0.168386036893237
DE,IR,1728,-1,0.832858987379006,0.6936755883322,0.832871891909074,0.0973200112736207,3.33275860640109,4.22439968752133,5.38098033374429,4.22433423460677,-0.000426483199816871,8.27387532913871,641,4617.07522419386,641266.523476684,355150988.601168,5.59261853415291,0.166635064535766
DE,IR,1728,-1,0.826806901648697,0.683630884392142,0.826819741172247,0.0905111428229681,3.37957345226049,4.25532157389769,5.44435412964024,4.25525549383351,-0.000362886916992521,8.30756358832598,641,4636.32584613989,632405.459127142,350008209.432583,5.5063451891875,0.173444240958332
DE,IR,1728,-1,0.818967161143907,0.670728130700617,0.818979933026821,0.0735551617306723,3.28684042507001,4.07266808473003,5.21310684655405,4.09096917954692,-0.000201458624732631,8.16370106339106,641,4671.25725193168,621855.905397439,343402112.800223,5.50699558717487,0.175347560179015
DE,IR,1728,-1,0.814877496812911,0.664045600388551,0.814889931456115,0.0925933913582299,3.29279395447862,4.0981551055493,5.21993307419135,4.09809257060493,-0.000697028362100764,8.10248312318887,641,4602.79413300536,618135.291192425,339981219.898748,5.52410220202188,0.172875909229505
DE,IR,1728,-1,0.845312984285319,0.71457620475505,0.845326093738416,0.0956439887141782,3.34110038899334,4.02254975781804,5.13056335608535,4.02248737546906,-0.000408843126347499,7.82125808817881,641,4487.30843319992,645214.520915915,365851754.299813,5.72928179141625,0.163687280854921
DE,IR,1728,-1,0.864548167330382,0.747466808062326,0.864561627683259,0.104867408849842,3.38113906677723,4.95622494432927,6.3222142777593,4.95614778090385,0.000289671794292707,9.40085639579121,641,4497.81236997154,659947.148158338,382691132.133052,5.74940034505344,0.159193936822618
DE,IR,1728,-1,0.848472841324334,0.719928467074787,0.848485985196448,0.116463546711271,3.50147659659029,5.05012651413679,6.45175653476739,5.05004828277149,-0.00043949379721226,9.57896678888583,641,4539.88771209588,651953.900939656,368592053.986884,5.71402962837853,0.166962252892135
DE,IR,1728,-1,0.839267390060929,0.704391603128853,0.83928040792625,0.0992107872827937,3.475516168495,4.92674136055829,6.28657914106472,4.9266649431239,-0.000401408056740346,9.46636101650523,641,4577.93893052541,644139.909014653,360637395.531595,5.64226185652113,0.173003825972029
DE,IR,1728,-1,0.832135201010037,0.692470608326561,0.832148188922238,0.0730310319312313,3.06859620562846,3.68834943939378,5.81329979396651,4.63101608248597,0.000155370410297288,8.31943780247815,633,6546.31928112835,657010.931047181,354533896.299656,5.70604244620792,0.227358670267605
DE,IR,1728,-1,0.837507524471136,0.701440758636085,0.837520601917401,0.0754435893618187,3.13859008040115,4.30127576696638,5.79778474799283,4.60130967177154,-0.0001222022719609,8.90265728690432,633,6523.01391563367,665759.066823625,359126460.637172,5.71750508247889,0.218525835796842
DE,IR,1728,-1,0.844985613386236,0.714022459954275,0.844998497013027,0.121589928363453,3.18649752482426,4.84813484284934,6.1265563747433,4.848060923712,-0.000734899525355033,9.0570972733277,633,6506.68502777785,667196.512230615,365568626.653443,5.72065555168442,0.2253281680653
DE,IR,1728,-1,0.839378615905882,0.704578324446188,0.839391639490285,0.120420283512645,3.25667682901785,4.88052008513829,6.18908516494644,4.88044436140902,-0.000393022298381892,9.32153976930329,633,6462.12506575086,662495.93898979,360732987.033864,5.72503601888153,0.226472432549999
DE,IR,1728,-1,0.835891390687871,0.698736251567292,0.835904451218734,0.114672098974679,3.26970731898982,4.78326037950357,6.06219307125786,4.78318564378501,-3.10913889172004e-05,9.2428073939041,633,6551.50878349119,657296.345938882,357741781.794843,5.67427774527692,0.224399482460101
DE,IR,1728,-1,0.83825537685979,0.702694010572884,0.838268459726885,0.124833776299929,3.22090762027998,4.76977098032287,6.02343422716981,4.7696965384432,0.000159528362212944,8.66575808015897,633,6519.79406785777,662210.888603296,359768116.269079,5.70814874344764,0.227625592711588
DE,IR,1728,-1,0.853707811279272,0.728839530980287,0.853720991296505,0.110353599902267,3.16012479336787,4.38181184265001,5.52685592788388,4.3817441948398,0.000521818262814205,8.20728010177275,633,6603.00980865503,672865.358060267,373154457.253445,5.67393243170842,0.222458975699438
DE,IR,1728,-1,0.861994553274432,0.743057488921706,0.862007824165016,0.0971915416111468,3.10310747347343,4.33968751126829,5.46637423399972,4.33962070036876,0.000584379681969012,7.91817763254485,633,6497.11930439373,678119.317277483,380433894.887861,5.66569547953625,0.228544269280903
DE,IR,1728,-1,0.840109608939618,0.705806058800245,0.840122645094301,0.0798034587323452,3.1909523146232,4.31586694989435,5.45397296132711,4.31579998073279,0.000390732354949503,8.04130534421515,633,6524.38040067554,665044.436354984,361361565.437199,5.6165707481157,0.235832829626343
DE,IR,1728,-1,0.825811755051044,0.68198634126128,0.825824643166623,0.100904699146542,3.28370513823406,4.53111930170874,5.74145085830312,4.53104858743574,-0.000159976152648203,8.32105880479566,633,6393.23232322867,648374.677588038,349166120.238186,5.61038602517693,0.232095378352113
DE,IR,1728,-1,0.835379918229791,0.697881396269223,0.835392959192992,0.112385630669075,3.34713930879415,4.72431713623713,5.99898285110975,4.72424338693719,0.00014249920049373,9.1191884738243,633,6497.36371651733,664098.96221397,357304129.473328,5.67275117818817,0.231540496549283
DE,IR,1728,-1,0.843564901891594,0.711623547928565,0.843577825650109,0.086512628581912,3.32951509536966,4.6784777959723,5.94199658519665,4.6784061208815,0.000658794872852463,9.0307063564439,633,6549.61301472482,674652.861171209,364340314.741535,5.62712005505638,0.218331686209994
DE,IR,1728,-1,0.844291727805446,0.712850532727987,0.844304762942853,0.0735280028623951,3.18417219051726,4.3444273985151,5.49843860977644,4.34436032533183,0.000515259026426251,8.28296644819701,633,6448.98197120591,667673.149284868,364968338.699025,5.60984177607859,0.218690191939486
DE,IR,1728,-1,0.836467216164929,0.699699126698035,0.836480201019746,0.0875222560770552,3.15525040243162,4.18043153108813,5.2823541627024,4.1803666373866,0.000377648488900575,8.00393151752382,633,6341.09165288463,660701.245196884,358234903.500196,5.55533965528898,0.22646694900458
DE,IR,1728,-1,0.834827101777809,0.696958004621741,0.834840107219185,0.0988845373900924,3.1498016247294,4.10150082828749,5.17378832217519,4.10143693362298,-0.000255301081860861,7.80661781562414,633,6253.16631979901,658894.503274669,356831413.601159,5.55677879288342,0.215077905305306
DE,IR,1728,-1,0.847346116484612,0.718017585821145,0.847359183476019,0.137057578155707,3.19670145161333,4.5838157119661,6.44331412084016,5.11117663501501,0.000541617915788022,9.6950711668398,625,7867.08932779769,648480.505938198,367613816.049299,5.25396076200779,0.316104653413905
DE,IR,1728,-1,0.837497937332589,0.701424174128784,0.837510700904044,0.13599630489746,3.16392194863962,4.24952859137209,5.3708788751407,4.24946382902127,0.000735127879055765,8.17788687594469,625,7437.03526784176,646103.340809707,359118506.15196,5.30652083262957,0.322826837593034
DE,IR,1728,-1,0.84613510098967,0.715964657808425,0.846146948117421,0.176366388981061,3.24976276036356,4.20615032486808,5.32848262647713,4.20609143344225,0.0015248652164688,7.74655419796511,625,7703.82726804297,662780.218063559,366564830.376337,5.33167866895496,0.30833252020177
DE,IR,1728,-1,0.83612500547847,0.699125539156147,0.836137272914051,0.160877480098942,3.20370929440663,4.24270144651507,5.35290861607393,4.24263919947936,0.00115468754396029,7.84155998452206,625,7530.45879336722,660231.224245608,357942454.050338,5.37607418765552,0.302812769447718
DE,IR,1728,-1,0.823741062231075,0.678570330746682,0.823753804693297,0.143182168128126,3.25238816595451,4.51961695620631,5.71275125263548,4.51954704326874,0.000460631885639296,8.17257994758286,625,7380.10641841305,642032.262027913,347417369.248795,5.32135374144964,0.318913513089762
DE,IR,1728,-1,0.824603942649085,0.679992197635971,0.82461639423187,0.179376933473917,3.31407722753938,4.51488754761788,5.71766122721947,4.51481937349903,0.000845193835543573,8.11581632771475,625,7461.46623616055,635567.695743108,348145856.733938,5.33669580464197,0.326672720229652
DE,IR,1728,-1,0.841411014316582,0.707994596672328,0.841424147901834,0.157192588773048,3.28434048545007,4.30094448353223,5.5856705658496,4.41296358800341,0.000152223773318055,8.71397695348812,625,7616.71723860989,658066.068132613,362481929.276163,5.38067076888531,0.30936210277707
DE,IR,1728,-1,0.841447213226127,0.708055409337275,0.841460283873977,0.134652415676126,3.3616885900601,4.53268544491721,5.87903597678801,4.62431423091328,-0.000360610981858085,9.15707150776708,625,7430.35859537909,657586.470591531,362513173.855346,5.36303657830685,0.309729186202576
DE,IR,1728,-1,0.82779679864761,0.685268718026012,0.827809590440949,0.142431708734825,3.38678893812175,4.60742967632546,5.98641770665353,4.70056980542355,-0.000486284543907725,9.3080721187991,625,7596.90358098217,646437.985132654,350846861.469017,5.32036837529617,0.328343431516777
DE,IR,1728,-1,0.831788530673578,0.69189339319859,0.83180129429966,0.123774420433843,3.31104288636837,4.60647626688259,5.84797023765271,4.6064055825244,-0.000623081100682942,9.12964465551548,625,7478.13883322975,646427.527289416,354238744.564778,5.34393082017105,0.331538142639927
DE,IR,1728,-1,0.826825221460041,0.683661307837424,0.826838138838203,0.126791345345102,3.30043701713604,5.42477013842367,6.8684419802114,5.42468538930044,-5.84883679544267e-05,9.97509043625696,625,7340.39271395717,646366.436084,350023654.471229,5.36273871096492,0.324369353085371
DE,IR,1728,-1,0.837034066084912,0.700647915058424,0.837047140284479,0.158201433483129,3.36774512850735,5.35860719749602,6.8084905306262,5.35852349910374,8.93060076404511e-05,9.15427491530228,625,7330.09465122629,656296.445051352,358720530.239945,5.44098835645422,0.307380692184874
DE,IR,1728,-1,0.857818989170149,0.735876220518118,0.857832279946446,0.13334284592612,3.33442645932031,4.36276608026871,5.5442016142902,4.36269848599723,-0.000440221163018425,8.4959070021016,625,7421.90465532143,682300.490290403,376757049.331361,5.48016026947723,0.299966464822556
DE,IR,1728,-1,0.853077511408289,0.727763723844834,0.853090689109214,0.107816746143132,3.28254773220931,4.39610337377566,5.56423525207051,4.39603546712021,-0.000509158222455989,8.5522166463099,625,7188.62743885575,668688.502087547,372603647.785489,5.49994972659728,0.308858519323136
DE,IR,1728,-1,0.845645430970623,0.715138106040227,0.845658386134866,0.147763823817752,3.27315189943574,4.43473918104148,5.61825255878096,4.43467124252705,-0.000661019726969131,8.59318613165591,625,7468.37408160044,654301.659996896,366139715.509299,5.38378724051717,0.315225997626883
DE,IR,1728,-1,0.824028227444319,0.679043737672606,0.824041101931576,0.146452078126056,3.27177779116314,4.67010807630119,5.92934007678392,4.67003511240804,4.5488714231692e-05,8.38214648390937,616,6752.38730068064,633706.431302965,347659531.104673,5.28266866917745,0.400388319208069
DE,IR,1728,-1,0.8261867080353,0.68260579370574,0.826199608875325,0.152733610811729,3.35251343326403,4.65790703561337,5.9353061341834,4.65783430389954,-0.000119413227378577,8.56174891975908,616,6476.4817289471,637090.861230489,349483258.590734,5.32527524482513,0.397989078240295
DE,IR,1728,-1,0.828917710673865,0.687126012148724,0.828930643750564,0.18359383880449,3.37477267462058,4.26565011617342,5.43798622349804,4.26558356298162,-0.000177786270151668,8.15663016572584,616,6397.97061438576,645616.71867425,351797556.23622,5.36316562472143,0.393132913285127
DE,IR,1728,-1,0.820631695737657,0.673457421401461,0.820644515854131,0.19663653516309,3.31366437702758,4.30872088806638,5.48151391942651,4.30865357718747,6.47473586414911e-05,7.74284181985222,616,6243.08644283162,637469.389610366,344799428.72811,5.32032967480157,0.406823638591629
DE,IR,1728,-1,0.822126126200085,0.675912437693706,0.822138940626039,0.175157949991044,3.25720966752838,4.56862434809794,5.80372078599605,4.56855313836011,0.000227927028761162,8.13398071295885,615,6326.53371169214,640605.864106831,346056406.471408,5.31660738119299,0.406889369252677
DE,IR,1728,-1,0.826211292492959,0.682646395066637,0.826224179667139,0.175362884933431,3.27665574242393,4.54603498099387,5.77964399323444,4.54596407342899,-0.000193587434962673,8.40670126709637,615,6442.14707907888,641672.543413053,349504070.190396,5.31168403008574,0.411080070770755
DE,IR,1728,-1,0.827853766383334,0.68536288963091,0.827866468478408,0.143784245715524,3.21172542568098,4.24443668446146,5.37363742716034,4.24437156135242,-0.00062167070303011,8.1097393289055,615,6442.98962915277,633115.447573746,350895229.370775,5.31383140532191,0.4131325687992
DE,IR,1728,-1,0.827378838711133,0.684577005961123,0.827391688356321,0.129376538626203,3.25369521470308,4.32258168823382,5.49180589852485,4.32251455722227,-0.000360301677052353,8.1901030734788,615,6445.27914534682,629053.097565815,350492606.263939,5.28426890124954,0.407650561279641
DE,IR,1728,-1,0.825899669299674,0.682131570450429,0.825912568284579,0.175466650767357,3.34332285625496,4.33032334360607,5.52637815138367,4.3302557132326,-9.95512899500394e-05,8.15308789250856,615,6681.98028087551,635253.200955227,349240460.076765,5.299007091797,0.409452660350442
DE,IR,1728,-1,0.824659164408255,0.680083690208573,0.824671868204908,0.196305355527827,3.38759201876044,4.43205986177058,6.19285612397712,4.86172549636524,-0.000547584939952769,9.29386025255858,615,6678.65755795003,638981.420468371,348192275.091065,5.34598942879532,0.405151708726275
DE,IR,1728,-1,0.831090066562607,0.690731944806871,0.83110284851327,0.163363448461361,3.36391848194903,5.03921961024335,6.4004658032045,5.03914210953865,-0.000582499306694334,9.86339981536789,615,6992.05774935468,639933.831283433,353644051.46324,5.34754033318835,0.403044880456798
DE,IR,1728,-1,0.825409708555686,0.681322478220198,0.825422605833035,0.15409128288788,3.36799720569701,5.0738988382255,6.44322836036779,5.07381955825413,-9.23213605280793e-06,8.96212470128234,615,7031.90037712021,633204.592497661,348826207.758464,5.34663933150332,0.408420245555355
DE,IR,1728,-1,0.814720309438464,0.663789874829882,0.814733008310012,0.177063144201493,3.34421318495868,4.6610354498921,5.93177384759912,4.66096280045989,0.000226307784725931,8.6002761184308,615,6877.21158435802,631437.081905199,339849847.029566,5.30883392713256,0.411034800885498
DE,IR,1728,-1,0.822782736032082,0.676992154921377,0.8227953299098,0.150571200364245,3.23186835532423,4.35719047014145,5.53566326417808,4.35712377807116,0.000657111789295546,8.22941319413303,615,6944.90110095963,634544.466602348,346609593.582171,5.29389068004845,0.406794204075057
DE,IR,1728,-1,0.822271670982165,0.676150740092787,0.822283856154787,0.132799621890768,3.24205192775894,4.3598985869886,5.53946618496007,4.35983397898675,0.00104427852684755,8.23452800668619,615,6996.95221554216,633180.945459285,346179476.965972,5.27882215545585,0.406346251350935
DE,OR,1796,107.304281067014,0.673283174900562,0.453227908838785,0.673222035318798,0.0619016390080898,7.55293019973464,5.20842156461702,8.5581750409977,5.20889457455937,0.00982283755070436,10.0520352919999,3337,4673.0680423628,288396.097047893,232144241.445942,4.83394549757617,0.00701064338247959
DE,OR,1796,107.304281067014,0.655996161037373,0.430274467608929,0.655953098635054,0.0513034001500495,7.48101991209332,5.10052995686479,8.34897795329967,5.1008647995136,0.00836311927185581,9.75349990210701,3337,4100.08139293913,283288.591924808,220365263.266271,4.87220246529831,0.00698931142352939
DE,OR,1796,107.304281067014,0.6459293393797,0.417198587089304,0.645909116741128,0.0574187600015886,7.5774809796088,5.18002181813353,8.51170246130804,5.18018399839435,0.00625794199704928,10.0612940510489,3444,5041.8145050478,277469.790059339,213639103.133568,4.77466856338669,0.00663500664253078
DE,OR,1796,107.304281067014,0.660458241063072,0.436197628937177,0.660452594011998,0.0635382888788441,7.74031556926038,5.15159491755071,8.50913483576287,5.15163896510217,0.00459243147535386,10.1421039736315,3444,4149.04441002685,282832.063887653,223347803.445569,4.87740719028881,0.00602621669060349
DE,OR,1796,107.304281067014,0.683141417662136,0.466687690330949,0.6831454386373,0.0587303880942321,7.74330062774151,5.07607644112664,8.40452915466165,5.07604656348106,0.00301499333453,9.90087954627018,3445,4691.90405321623,287498.227331949,238945938.786164,4.90107797571412,0.00514229312279787
DE,OR,1796,107.304281067014,0.693753317416531,0.481305297467715,0.69376170077896,0.0448729085034297,7.67868995375051,5.1367920152728,8.48958074889536,5.13672994267764,0.0018462798468594,9.83972251317195,3445,5116.20092854117,285917.487266103,246424101.974146,4.81135102151133,0.00462585999914488
DE,OR,1796,107.304281067014,0.688107443823753,0.473504960135525,0.688116966899905,0.0476574231080935,7.59067080412961,5.1789390355542,8.53387086441286,5.17886736252011,0.00130043844084368,9.92045675023917,3337,4702.17516929908,283722.657079237,242428695.224846,4.74157071180936,0.00489047738437526
DE,OR,1796,107.304281067014,0.672969026961922,0.452900919082694,0.672979137182346,0.0691839986101547,7.49754019118771,5.00943248632002,8.23379547972228,5.00935722920753,0.000738458599853323,9.74674083289963,3337,4671.37252223729,280413.032814898,231878582.563464,4.79701342925608,0.00566906577370991
DE,OR,1796,107.304281067014,0.659256044504703,0.434632076356069,0.659266316715839,0.0673463094164485,7.45656562808217,5.1704042525057,8.46112952264166,5.17032369100454,0.000195223728021509,9.99861549809287,3337,4198.96965096575,279556.299506177,222524708.005522,4.90811243400722,0.00681541538786481
DE,OR,1796,107.304281067014,0.653788756841608,0.427452735548672,0.653798696502733,0.0450449607469929,7.51842398009945,5.34130193409024,8.77133423008611,5.34122073060747,-0.000600767682526271,10.3046224532986,3444,4423.56307054793,280668.889990546,218849330.930777,4.86799214495999,0.00650542540852581
DE,OR,1796,107.304281067014,0.656572916112621,0.431098485978211,0.656580905889146,0.0483695587439086,7.68645342435503,5.31865245383582,8.79209899574598,5.318587732422,-0.00172627405327739,10.4144009469078,3337,4217.03631376859,282571.541081707,220718578.161584,4.93696224187329,0.00532968516989563
DE,OR,1796,107.304281067014,0.673119477300702,0.453093919120119,0.673122514197912,0.0692977878664837,7.77728843419181,5.29766595536015,8.77113184488071,5.29764205411391,-0.00317345023980818,10.2681512268451,3337,4355.49997029404,282767.899943488,231987149.514538,5.02553822081896,0.00479500982876643
DE,OR,1796,107.304281067014,0.690236780341493,0.476422213849532,0.690233448805208,0.072938843976687,7.76247916034873,5.36342065540183,8.89499084477061,5.36344654291939,-0.00441444003724932,10.2658641844409,3445,4553.78113897651,289187.37585992,243940505.310532,5.09377402076308,0.00455292049997449
DE,OR,1796,107.304281067014,0.6916319022223,0.478344629576432,0.691624630544945,0.0462445990395799,7.64535008657526,5.35260185787633,8.86300441000266,5.35265813463687,-0.00500068644093796,10.2451564471271,3445,4014.4955492824,281240.803676271,244930403.827321,5.08740519843464,0.00460927363763643
DE,OR,1796,107.304281067014,0.67763080598914,0.459168353894182,0.677619623309554,0.0297621280995452,7.54091118580071,4.91117307483495,8.10938929048674,4.91125412336571,-0.00543178997827701,9.66892687443695,3445,3949.56306500328,278859.889808085,235117062.940737,5.09302337989493,0.00510651862272547
DE,OR,1773,105.930117111256,0.588607664210153,0.346469329195824,0.588616453385244,0.0395612787093198,7.60310820200073,5.40644050937668,8.70831479880013,5.40635978082758,-0.000693063955487791,10.500793769672,2870,4514.55255349782,265357.82408144,177387244.903467,4.9131988003272,0.0046822043962277
DE,OR,1773,105.930117111256,0.590098954172557,0.348227058176963,0.590107666597344,0.0325131271071855,7.61220104023421,5.39277742726653,8.68899895037636,5.39269780761339,-0.000774360478880232,10.5021302654642,2870,4460.63512916589,270350.481482945,178287296.105099,4.94070370107097,0.0044722991798812
DE,OR,1773,105.930117111256,0.58974987825262,0.34781483049706,0.589758281414564,0.0291746850214248,7.60314987489856,5.08227043501471,8.23883524328888,5.11230424621986,-0.000978578240552569,10.1946475248621,2870,4415.53161238931,271106.517788467,178076608.734814,4.95745936700373,0.00451566314435211
DE,OR,1773,105.930117111256,0.586343106496017,0.343808550983006,0.58635190029794,0.0416168882452362,7.66645836050891,5.21660210334721,8.41859963710819,5.21652386745237,-0.000656939580772252,10.3554832861618,2870,4292.33900008316,276383.817146931,176024919.019679,4.98668700556353,0.00478734737724142
DE,OR,1773,105.930117111256,0.587622648559159,0.345311133591127,0.587631801037969,0.0443038941246527,7.63476183941465,5.41589145821199,8.72740707576394,5.41580710465638,-0.000185691892409507,10.6217451738241,2870,4073.41873064624,272465.637359153,176793810.701425,5.00504861017138,0.00480121619844896
DE,OR,1773,105.930117111256,0.591509950538049,0.349894945453011,0.591519184349089,0.0384098331708438,7.53063755614834,5.38029914811846,8.67341353387603,5.38021515986079,0.000101732788817976,10.5519408856698,2870,4144.36222978063,270190.431353901,179140624.341342,4.97969837638804,0.00451376959256467
DE,OR,1773,105.930117111256,0.593399939716623,0.352134351641333,0.593409092988415,0.0250805951234748,7.49843533138599,5.19429473403746,8.37233477048247,5.19421461259674,0.000375516772049154,10.1968451688769,2870,4335.74556092739,267181.166490881,180287298.286692,4.98656597482739,0.00440103324019321
DE,OR,1773,105.930117111256,0.59116564166066,0.349487458455186,0.591174642939957,0.0306417925950161,7.55557482876324,5.20647799259042,8.38905336800954,5.20639871827931,0.000528117365622554,10.2279354611337,2870,4207.77316316095,266476.176590225,178932272.453945,4.99638224216014,0.00458929860978958
DE,OR,1773,105.930117111256,0.593935619001269,0.352770304737398,0.593944698383105,0.0388984004701043,7.51079844586783,5.0200950428004,8.08150546878997,5.020018302727,0.000488725939915363,10.0197571003979,2870,3960.75788806201,266003.662110683,180612996.284061,5.02466904404075,0.00473438622173013
DE,OR,1773,105.930117111256,0.598616891477843,0.358353302300564,0.598626179097242,0.0294615456000865,7.42774081217431,4.98083715835342,7.99749920522918,4.98075988121214,0.000281074240418554,9.94140112046514,2870,3953.53237780679,268944.831204593,183471237.868777,5.06793873402773,0.00451221985458182
DE,OR,1773,105.930117111256,0.597984423091202,0.357596477362169,0.597993710135959,0.0316583236876908,7.42675295600387,4.91286663472055,7.93322717622254,4.93214289355607,0.000260360261900027,9.84508612731504,2870,3891.44162361022,270071.304307641,183083744.259469,5.07823490878707,0.00446860838543315
DE,OR,1773,105.930117111256,0.596498100972315,0.355820990244326,0.596507326228543,0.0273777466720826,7.45843635342602,5.02469926899065,8.09717978848093,5.02462155973849,0.00033708336863716,9.98085066464991,2870,3639.50820597511,269429.318524062,182174770.219444,5.13056780122086,0.00447604922699088
DE,OR,1773,105.930117111256,0.592678279282968,0.351278357788977,0.59268740309625,0.0284298931883878,7.5953208347443,5.12686662830626,8.28643175391412,5.12678770546499,0.000402980797479114,10.1149605048334,2870,3231.36368270798,272349.416269652,179849065.004906,5.17739299851517,0.00451774932656952
DE,OR,1773,105.930117111256,0.590441825739625,0.348632162483949,0.590450812925132,0.0383459952076166,7.71113647315992,5.32176572099926,8.62542559121621,5.32168471900093,0.000530899114640389,10.3178974080565,2870,2849.10168085359,272091.309743304,178494377.687133,5.21264544785152,0.00464310630462037
DE,OR,1773,105.930117111256,0.590945245024466,0.349226940688012,0.590954262771674,0.0330677482040634,7.726753269127,5.31723217154453,8.60767259284787,5.31715103251467,0.000505243416481346,10.4602059040702,3390,2742.13527038247,274140.616365665,178798867.395313,5.2532630894568,0.00465945933237892
DE,OR,1750,104.555953155498,0.56318432884608,0.317186496576477,0.563193125469831,0.0143605207697161,7.83505662543323,5.32814044448077,8.68909238178702,5.32805722321143,6.13135468084731e-05,10.3270838703504,2833,3830.78136115145,250024.652278826,162394414.847732,4.79714109667555,0.00617046268100587
DE,OR,1750,104.555953155498,0.566580065950111,0.321022967307218,0.566588887384158,0.0289906318582172,7.86160773325779,5.29620680387082,8.64548730729183,5.2961243452486,-0.000189189175515627,10.5527933073232,3462,3848.0590274886,251040.168499777,164358659.518437,4.83462516570262,0.00656905008296473
DE,OR,1750,104.555953155498,0.571615099204853,0.326753975112513,0.571623980526108,0.0201029025987375,7.79118733875083,5.0230067811215,8.48042150410638,5.21020326169206,-0.000239975380208468,10.2332909949946,2833,3952.8576885568,251571.758935307,167292865.90482,4.81470830467743,0.00653672016712091
DE,OR,1750,104.555953155498,0.57181698075636,0.326984812125749,0.571825858217123,0.0111820684797588,7.75618877837935,5.0769314373409,8.24730552618894,5.07685261918502,-0.000256185380496549,10.1230501326674,3462,3958.21694455736,249768.58442743,167411059.256251,4.73733613474753,0.0060894575776441
DE,OR,1750,104.555953155498,0.57035286566905,0.325312547768054,0.570361769202717,0.0140416968809585,7.85528885517495,5.29015534646914,8.62182418283132,5.29007276541484,-9.81119822794583e-05,10.4016560809588,2833,3886.35622141229,255919.444600154,166554829.028946,4.87163941248255,0.00604518763440494
DE,OR,1750,104.555953155498,0.568210302528726,0.322873035919143,0.568219179471393,0.00442732688884028,7.85514574287531,5.31010305210118,8.66305321453756,5.31002009559064,-4.19882772832432e-05,10.4497458009008,2833,3836.34616001617,255709.849279223,165305830.22183,5.03109702257834,0.0061207016688549
DE,OR,1750,104.555953155498,0.566761054155219,0.32122810430247,0.566769886552267,0.0249039598904203,7.82263020406506,5.32701351258912,8.68069995742297,5.3269304977721,-0.000163042707352445,10.4797986938821,2833,3613.34490819423,258814.054164273,164463676.64676,5.10713909200768,0.0062156560287226
DE,OR,1750,104.555953155498,0.571987774306565,0.327180237615461,0.571996711192871,0.0287269732977907,7.83794640441037,5.34186576828189,8.71315791408612,5.34178230688063,-2.68913471217159e-05,10.4689751377003,2833,3669.208939757,257743.050144559,167511047.514318,5.09464377055911,0.00639340966670645
DE,OR,1750,104.555953155498,0.570975038795822,0.326022682845872,0.5709839602352,0.0138392032812031,7.92601946123378,5.35134060831794,8.74787794437858,5.35125699535478,1.70545311646e-05,10.4875439054443,2833,3609.21416898385,258516.498608836,166918397.534418,5.11033297487266,0.00631214532280428
DE,OR,1750,104.555953155498,0.570909060241908,0.325947338449901,0.570917978741168,0.0132945380518404,7.97656096534893,5.4742264252247,8.95776168711821,5.47414091051656,-4.9706369391154e-05,10.6315747933844,2833,3348.80106386083,258542.597096436,166879824.645391,5.0641029735271,0.00625702284288636
DE,OR,1750,104.555953155498,0.572989857518218,0.32832761566345,0.57299879202617,0.0193311637196558,7.94853343248166,5.49222607359311,8.97349298061481,5.49214043582527,-0.00014626444785772,10.630845669687,2833,3534.50573908225,260902.885446882,168098507.876946,5.03027829061337,0.00649555930373882
DE,OR,1750,104.555953155498,0.571809256850734,0.32697604187371,0.571818189526802,0.026101122521186,7.90377128387515,5.50356573920847,8.97650838065541,5.50347976508092,-4.84539725255701e-05,10.6131286195615,2833,3504.15430553729,257968.900417711,167406504.226638,5.04316924636145,0.00645698974316259
DE,OR,1750,104.555953155498,0.575079644973503,0.330726917154377,0.575088616783863,0.028999169951355,7.80495040188748,5.38958724101222,8.77546128315383,5.38950315944072,0.000126982807303072,10.4886004815597,3357,3933.95651165801,257675.183931011,169326906.45742,5.03820299978465,0.0060790298792638
DE,OR,1750,104.555953155498,0.577825208069157,0.333892399899998,0.577834232198126,0.0321570727452847,7.7804678998385,5.43181238986255,8.84071172047254,5.43172756038584,7.292230449028e-05,10.5065974340939,2833,3350.77066645446,260181.094610575,170947571.790221,5.14503267623186,0.00614623970274625
DE,OR,1750,104.555953155498,0.576233072662382,0.332054926219723,0.576242072587313,0.0165861115582635,7.84626521996661,5.59254059369283,9.11704316084106,5.59245324768338,-6.72803961997436e-05,10.671456196672,2833,3302.89129211343,259766.955698789,170006813.958077,5.16856455567937,0.00635576419085543
DE,OR,1725,103.062296681848,0.572745345971924,0.328047401189859,0.572754224069853,-0.0113886262454846,8.00205154108627,5.5494796866484,9.06299967013406,5.54939366576538,0.000285699015058753,10.9390705352917,3309,3219.67497484273,275694.14978104,167955104.222945,5.14328162006492,0.00763155876087883
DE,OR,1725,103.062296681848,0.57670373558335,0.332597169969118,0.576712380627569,-0.00569125340306891,7.97883917932954,5.44655229285328,8.88953148426685,5.44647064784791,0.000649867858822751,10.6268491918061,3309,3899.51966426162,272062.411677923,170284861.930639,5.0765165464619,0.00738686768702444
DE,OR,1725,103.062296681848,0.578826722415661,0.33505038741307,0.578835371598065,-5.70926742932914e-05,8.06412259535895,5.44959189623013,8.9136823770496,5.44951046631646,0.000676383023498103,10.6567194225535,3309,3842.421226401,272432.100259251,171540905.831835,5.03908723994084,0.00753761076879103
DE,OR,1725,103.062296681848,0.582440556658005,0.339247026292509,0.58244916198112,0.00826631234473309,7.97594967166281,5.41577913787003,8.82677321839635,5.41569912311091,0.000759748083599857,10.5905983100725,3309,4309.17213108508,271731.506100416,173689640.57969,4.83104615390988,0.00752567130906689
DE,OR,1725,103.062296681848,0.586281518379546,0.343736322293473,0.586290305474578,0.000376909673226881,7.88461526887681,5.336261271119,8.67022090746233,5.33618129327447,0.000662012103140307,10.4889865602231,3413,4567.69557788324,265759.395925088,175987945.814749,4.66777932949572,0.0070019242536392
DE,OR,1725,103.062296681848,0.583803971403297,0.340837698904009,0.583813068459424,0.00249708396468915,7.97730699766376,5.5390777154101,9.02146393681545,5.53899140473364,0.000171173432457799,10.713670137293,3309,4536.28960268186,272322.930755918,174503478.317932,4.68609864844726,0.0068221299058201
DE,OR,1725,103.062296681848,0.581190801544766,0.337793233920938,0.581199822712411,-0.00128183304820063,7.9907854443591,5.56398270511658,9.05344644744677,5.56389634304488,-0.000264419871667947,10.8038144141878,3309,4297.9399268801,267170.688161704,172944802.669243,4.73203467555626,0.00746308793724589
DE,OR,1725,103.062296681848,0.582226266665418,0.338997749278052,0.58223513229455,0.000430768861623586,7.92776088190484,5.53513828725021,8.99263886668316,5.5350540043196,-0.000519612127409435,10.7656511742698,3309,4650.02958488237,269481.930496364,173561700.00593,4.87433889401236,0.00729405099370613
DE,OR,1725,103.062296681848,0.582822763185651,0.339692798515369,0.582831706854877,0.00827842814910263,7.90074602711179,5.52947328763813,9.01744761930336,5.52938843676352,-0.000436087079298366,10.6328785471954,3309,4570.17062069074,267268.983878966,173917472.491112,4.91374467472851,0.00729833355997622
DE,OR,1725,103.062296681848,0.583513081200055,0.340498057178708,0.583522113701536,0.00587262258606989,7.98387359539046,5.52789867607454,9.01687918789713,5.52781310818979,-0.000315146253529061,10.6252664144537,3309,4563.49410751325,269102.244586822,174329659.006793,4.91909543056932,0.00759128908700735
DE,OR,1725,103.062296681848,0.581171300844689,0.337770577385863,0.581180331210428,0.0020287869218839,8.0171742784114,5.55017287390101,9.02584255540768,5.55008663545096,-0.000242631794490033,10.7329802071317,3309,4689.71458626092,271951.88028907,172933191.569178,4.90030121856915,0.00710208753624006
DE,OR,1725,103.062296681848,0.581276771265702,0.337893215636269,0.581285829550549,-0.00687991418396172,7.9561441320951,5.46294579155275,8.90437671929701,5.4628606614557,-0.000168344282564793,10.6448127244467,3309,4588.49331462099,271711.318574132,172995949.131288,4.98944200361988,0.00698671023128683
DE,OR,1725,103.062296681848,0.580736538401805,0.337265436980776,0.580745587138444,0.00476536767171013,7.95273532795669,5.41978054135916,8.8507356170045,5.4196960944553,-0.000172043717052876,10.4425410719817,3413,3812.06482590994,272373.578860916,172674537.795793,5.05533495143108,0.0075682573971474
DE,OR,1725,103.062296681848,0.580421118985084,0.3368991386828,0.580430132473151,0.00409478803042906,7.93785153084943,5.26232786554292,8.59740664890318,5.2622461469574,-0.000254517546844387,10.4756156158185,3309,3877.15911853275,274852.648942425,172487034.95292,5.13251373989662,0.00773324404556707
DE,OR,1725,103.062296681848,0.587360344745705,0.345002868925474,0.587369448410005,0.00947981543430514,7.88710438907994,5.19748258285218,8.49130844462583,5.19740202684647,-0.000294947411543873,10.3491792145276,3309,3752.85219691676,276118.874166991,176636037.919076,5.13780454570178,0.00705513057900826
DE,OR,1796,107.304281067014,0.102428293782962,0.010477541755738,0.102359863988469,0.0200958126553017,3.07752409548494,3.89867951819019,5.02183602768917,4.00092408105621,0.00378695586594534,7.8969306814174,3416,560.831691297015,87881.4412663935,5379018.94951055,5.81625872601143,0.127114724679632
DE,OR,1796,107.304281067014,0.096954324711573,0.00939678918461689,0.0969370372180669,0.0222709470969102,2.95483732606474,3.83936261243576,5.23718602346409,4.19764915047926,-0.00190933111907933,8.03626329880426,3416,507.788284880726,83713.1761762037,4814738.74712565,5.89991363788907,0.125175490978579
DE,OR,1796,107.304281067014,0.098140992258068,0.00956560610174486,0.0978039165971632,0.0192821095986883,2.91229669185561,3.80484793996103,4.74588782176079,3.81796113295602,-0.00814537812774787,7.56296457208845,3416,631.03386050778,84386.3421946713,4965376.79135343,5.79543833147135,0.133304951461065
DE,OR,1796,107.304281067014,0.101057694494314,0.0101617149241817,0.100805331824173,0.0338619565813058,2.96868199635691,3.79352627923179,4.91953305064601,3.93908026155387,-0.00715962610166948,7.72276981516396,3416,667.692191518918,87068.7022025627,5255125.94361062,5.6708523135137,0.142068924169523
DE,OR,1796,107.304281067014,0.0993883667429345,0.00986700177959953,0.0993327830054083,-0.000913319224141106,3.0181196331442,4.13025220571529,5.17747339803781,4.13256337477321,-0.00336957089762449,8.12549134547323,3416,595.16211024272,86971.2655755052,5063373.54334371,5.75841891341248,0.159150783296682
DE,OR,1796,107.304281067014,0.0977480796955951,0.00955465090117665,0.0977478946125012,-0.0512470405091863,3.06049703797136,4.19956097593745,5.54541357480993,4.42400476733463,-0.000578589526686851,8.62355736655008,3416,525.489912303843,86667.0422816448,4892171.18703765,5.75904997502971,0.175370164292515
DE,OR,1796,107.304281067014,0.0981830731406244,0.00963990157605763,0.0981830004433437,-0.0289617053766751,3.06543314642297,4.13110633227978,5.54121024886574,4.40439943584903,0.000561713631478596,8.53550250699782,3416,517.847072927003,86608.7425919393,4935798.46256114,5.87024011700236,0.157990872143484
DE,OR,1796,107.304281067014,0.0997863033638711,0.00995615710093641,0.099780544701542,-0.0136575514185491,2.97370189141135,3.68467389821778,4.91100441731058,3.91963288773576,0.00120845686703674,7.60408058414534,3417,489.773475053734,86260.6496462106,5098888.55399544,5.8388448794614,0.127588795318333
DE,OR,1796,107.304281067014,0.0992945706056238,0.00985367425495297,0.0992656751095411,-0.000733395732492642,2.85190803823519,3.70292136983845,4.89839263921055,3.9399631759595,0.00245874441996479,7.64173798572098,3417,552.663098761262,83483.0112551866,5051114.07361,5.74413907560964,0.113014683175814
DE,OR,1796,107.304281067014,0.0984357863631512,0.00967919495387777,0.0983828997025284,0.00950565965288748,2.93801057311508,4.3331108084739,5.41508649268973,4.33544011327648,0.00327285164596453,8.3002119290133,3417,476.391855979692,83570.9985489277,4966561.58455214,5.83658792101385,0.118375079221871
DE,OR,1796,107.304281067014,0.0992985594656956,0.0098503446046511,0.0992489022843634,0.00501692424170127,3.02333326435831,4.29546180856885,5.38895441940614,4.29761095602564,0.00318859382488071,8.34219537233985,3417,480.888715773052,85876.0816096647,5053629.97307025,5.87831218341339,0.13085876286501
DE,OR,1796,107.304281067014,0.101584514128333,0.0103128130164937,0.101552021232931,0.00732069404659241,3.11270685681651,4.53180167532689,5.87821483378018,4.67741178680719,0.00263111565740624,9.20771734185191,3416,594.871024924027,88055.4650601214,5287084.17549454,5.80959317677891,0.139095864679128
DE,OR,1796,107.304281067014,0.100991650559609,0.0101953226664999,0.100971890477003,-0.0179512302292724,3.10843146194286,4.55840526185209,5.90405983018371,4.70428570610144,0.0020759142775089,9.26177052479176,3416,594.443778415925,87880.3446421542,5224254.92376521,5.75187019475686,0.147106960388843
DE,OR,1796,107.304281067014,0.0990341531817321,0.00980568459218262,0.0990236567300088,-0.0311739498785052,2.92854595130359,3.95845947034764,5.15351651946824,4.13110404143099,0.00154445196870164,8.08912566349356,3416,570.554371135334,85647.2450430518,5022796.19673013,5.80039883558818,0.14351600879336
DE,OR,1796,107.304281067014,0.0982872801941246,0.00965987661292309,0.0982846713019029,0.0313915909151951,2.8894935893118,3.98853931837175,4.97545738532681,3.98864519112959,0.000902610757417071,7.74134987815846,3417,521.143654273725,85143.4945301744,4946536.52689957,5.72279290210806,0.129278067389714
DE,OR,1772,105.87037085231,0.0942448960202255,0.00888237454589434,0.0942463503054327,0.0319194176825422,3.00041808891177,4.16992892522229,5.2285761167066,4.16986458038632,-5.8772215681574e-05,7.92180169772442,3371,692.840743445688,78313.7737439367,4547637.17955198,5.65108912175991,0.1103863183074
DE,OR,1772,105.87037085231,0.0947223751249898,0.00897260694157329,0.0947238456861486,-0.0336096404518485,3.00052824567403,4.13932956856832,5.77800975194319,4.60661698257429,-4.24465888922323e-05,8.74601806869059,3371,546.75083722814,79802.2445145255,4593833.03685395,5.6512681657572,0.113815556407955
DE,OR,1772,105.87037085231,0.0944496227538507,0.00892100905700077,0.0944510934664113,-0.0187974291304789,2.91340238877949,4.1512831573899,5.76306993218206,4.61991979317566,3.10302589585129e-05,8.7712748891702,3371,564.919581607966,78407.295599961,4567414.87102116,5.70432201784229,0.11666626479462
DE,OR,1772,105.87037085231,0.0940279691604538,0.00884152806964632,0.0940294000281099,0.0186201448782506,2.77950860625933,3.69919482549941,4.58236209120408,3.69913853397539,8.49267041545931e-05,7.32519859566395,3371,603.450208272255,77782.0185886194,4526728.28958205,5.74891375885952,0.114907918090813
DE,OR,1772,105.87037085231,0.0939086597434058,0.00881909881947193,0.0939100570730949,0.0232822193182064,2.83009426342113,3.70389459205324,4.60391836188311,3.70383948015106,0.000114682906054375,7.39937509332094,3371,758.997900516264,78228.3572631173,4515250.95487818,5.63179116343896,0.114227642225282
DE,OR,1772,105.87037085231,0.092147469686223,0.00849141309966095,0.0921488638001628,0.0123993513218507,2.97541658164584,3.92333873242971,4.91152016175396,3.92327937650288,9.17963605348211e-05,7.68944996873017,3371,784.253072316981,78533.221947907,4347476.27120045,5.56571695785271,0.119151965573879
DE,OR,1772,105.87037085231,0.092051318178652,0.00847370423953601,0.0920527253237839,-0.0452962927989816,3.08927424359308,3.92743682620283,5.66980981953268,4.51036746577864,-7.57769681379124e-05,8.4378732398439,3371,683.29500243787,78668.0345545533,4338406.86647729,5.76103028077293,0.116695585740057
DE,OR,1772,105.87037085231,0.0954202830033005,0.00910528480777815,0.0954216160404871,-0.0411305126010136,3.00865517332579,4.11061556824961,5.45491394681085,4.35112749778297,-0.000173611065432073,8.46180385200571,3371,664.473191057158,78751.0675299003,4661790.99835167,5.72100971904766,0.106803867135133
DE,OR,1772,105.87037085231,0.0961262311144276,0.00924052394037802,0.096127643996813,0.00451134893491586,2.93638036132322,4.08042733281863,5.09840079508017,4.08036735877096,-0.000130897897155538,8.13120763587377,3371,552.655884738248,78817.4143793551,4731017.95142837,5.6727505496879,0.103878788906596
DE,OR,1772,105.87037085231,0.0934798794575512,0.00873872332937693,0.0934811388964476,0.0159489385578516,2.91840083563087,3.76399799738731,5.20101885730273,4.16539901205725,-0.000193956503967834,7.92945312917391,3371,564.539512310968,77112.3345435131,4474125.04245738,5.71762812445255,0.111845867631075
DE,OR,1772,105.87037085231,0.0923830566163289,0.00853480340502653,0.0923839997241218,0.00785433531538896,2.94392421780559,4.2683190900973,5.34163255320393,4.26827551669705,-0.00030406801162985,8.34248536967418,3371,693.69006134643,77386.6913236057,4369777.46283713,5.7014165236765,0.115755058666304
DE,OR,1772,105.87037085231,0.0933490834972833,0.00871421598095081,0.0933499650827509,-0.0264796042327608,2.962653405301,4.22414821210849,5.29722152369685,4.22410831977781,-0.000328219562757151,8.25615281214769,3371,713.025743623357,77977.3871455488,4461649.46824559,5.65279170931226,0.111199725660236
DE,OR,1772,105.87037085231,0.0933159289264475,0.00870808104508092,0.0933170994249227,-0.0454396423142221,2.92550529293672,3.41784595266537,4.57688630412984,3.66165367004831,-0.000231676191183169,7.07954555227884,3371,699.871133643872,77916.7169401389,4458453.1274343,5.65464144022562,0.111304221087044
DE,OR,1772,105.87037085231,0.0924723661728564,0.00855139184358572,0.0924737359664122,0.00207940923756193,2.92679709821888,3.65772532305575,5.34740461322747,4.28515916989796,-0.00011786863977251,7.94294796903483,3371,567.706763252111,78199.0621547216,4378190.02537508,5.79484414825406,0.114258630387273
DE,OR,1772,105.87037085231,0.0930137002865595,0.00865180069940802,0.0930150563049231,0.0390546199895995,2.93992694529554,3.71069570175753,5.31800831586711,4.26022080072881,0.000134574744123379,7.97097861094586,3372,589.464555748093,78028.9861399711,4429602.07280444,5.69644549414451,0.113618177967154
DE,OR,1749,104.496206896552,0.0968694666587986,0.00938393972135232,0.0968707371777067,0.0204047496836525,3.03959496675929,3.95822860950998,4.97270036876134,3.95817669492321,-0.000217019639842989,7.89115951057925,3326,555.524630202458,82209.0890491022,4804475.21712297,5.63595269337752,0.124757354708331
DE,OR,1749,104.496206896552,0.0969907324605685,0.00940748503955486,0.0969921906111768,0.0230282030015731,3.03984047828269,3.83439772779406,5.339920000328,4.25558825538433,-0.000105487393524293,8.09004996133843,3483,548.419611035897,82263.2093840216,4816493.21513836,5.70428088933423,0.12303367636924
DE,OR,1749,104.496206896552,0.0981378710687347,0.00963134082046648,0.0981393948446111,0.0122374099262489,2.9974696996617,3.78957725609729,5.27226785005158,4.20584239267487,4.35527007076148e-05,7.99548495242209,3472,642.985770103842,81434.6988007551,4931094.33916539,5.62344744305691,0.121368107762048
DE,OR,1749,104.496206896552,0.0957708479293053,0.00917228122333269,0.0957720273531509,-0.00495455931822929,2.93883643832026,3.82678992463241,4.92591582001455,3.933564658832,0.000246421495930499,7.7604030255536,3472,593.708602574368,80619.2538985293,4696123.40779312,5.65635768388446,0.128541992359706
DE,OR,1749,104.496206896552,0.0973874013557566,0.00948445655783086,0.0973881746303464,-0.0307175468426254,2.97168252047496,3.76326825469508,4.85370127996953,3.86828753625348,0.00038180395996283,7.63158650589132,3472,615.007312317048,81219.88205603,4856039.278441,5.46521001311265,0.123351455008814
DE,OR,1749,104.496206896552,0.098982751609668,0.00979782727359959,0.0989839748322909,-0.0136633690864114,3.00896822192784,5.19964208561676,6.51777266318471,5.19957782956076,0.000253031073119235,9.12910091500482,3472,636.366022324307,81580.8226794637,5016396.3551005,5.44193210639307,0.120706274628494
DE,OR,1749,104.496206896552,0.0997782035485641,0.00995599586724716,0.0997797367567542,0.024023756910729,3.07740214755426,5.15818949144817,6.48593938529454,5.15811023108298,7.1840116801447e-05,9.13633279700065,3472,672.952855479785,81922.2700084797,5097315.87233871,5.44307760204072,0.121249992482271
DE,OR,1749,104.496206896552,0.0992181263648682,0.00984453603048712,0.0992196353071665,0.0205699094457331,3.1007395307864,4.28280275475637,5.40231399772883,4.28273762145678,9.06124647014044e-05,8.47133654610791,3483,644.064006622524,81783.206836273,5040253.34035894,5.41313156313597,0.120569249315433
DE,OR,1749,104.496206896552,0.0981305538035109,0.00962989716441821,0.0981320394388001,0.00931232734862254,3.0183533964776,3.93884109312517,5.31291762118871,4.23489084065161,9.67452940305374e-05,8.17379604737887,3472,571.914298495023,81158.5423446412,4930362.84478903,5.63444263172434,0.120915689266084
DE,OR,1749,104.496206896552,0.0976789847331615,0.00954148215364667,0.0976805106131549,0.00442102550974399,2.92750646987574,4.18983253989436,5.22686560273515,4.18976708997392,-8.72764896394231e-06,8.02863438903025,3472,574.891332926801,80539.1330555257,4885086.27687974,5.65791476429945,0.124855896233469
DE,OR,1749,104.496206896552,0.0958025815471047,0.00917841714065563,0.0958040559718409,0.00522831304810484,2.96643773182101,4.27189520459444,5.34648795841698,4.2718294601132,-6.56960397373452e-05,8.03325593369708,3326,546.150777619045,80603.3811477876,4699207.12279199,5.5597078465551,0.132147380126243
DE,OR,1749,104.496206896552,0.0940097619441945,0.00883810066395582,0.0940111730804154,0.00624660446648331,3.0374984375476,3.94421662520243,5.44034145074435,4.32606914718329,-0.000104247273491096,8.27035070897041,3472,517.080059693075,80530.1454727006,4524977.2576239,5.68842427825528,0.133752078234874
DE,OR,1749,104.496206896552,0.0923360875188688,0.00852621722930574,0.0923375179940729,-0.0112957746767756,3.06450151929753,4.01570909007644,5.68787791712421,4.52310325630487,-4.76788723918962e-05,8.53888241851917,3326,466.91487563003,79989.4770707013,4365289.12785603,5.8602070569128,0.134467335183647
DE,OR,1749,104.496206896552,0.0914978397772438,0.00837211292199552,0.0914992509368001,-0.00113877249985565,3.00568252362259,3.8003017279424,5.72059878835647,4.56454150216573,5.82274459474363e-05,8.3649136284517,3326,495.775523881139,79816.4279475407,4286391.33383324,5.89377225422059,0.137367967177831
DE,OR,1749,104.496206896552,0.0933883837821968,0.00872165866201468,0.093389820976457,-0.0131375460743835,2.93196980084069,4.01772294602527,5.27590388586571,4.22322662455879,6.41503653189845e-05,8.24101456364656,3326,560.69110975521,80075.6744639174,4465353.90177592,5.71292355649837,0.136260095867703
DE,OR,1723,102.942804163956,0.0974758328553284,0.00950183341997216,0.0974773482403587,0.00927762797223115,3.98350386614561,6.80971922456589,8.78121687429955,6.90896107077478,-3.8770635558995e-05,13.7187877038734,720,532.992649927749,87241.7024524562,4864788.22070836,5.96428824569382,0.154829141257977
DE,OR,1723,102.942804163956,0.0957125023363039,0.00916116642689327,0.0957139824001346,-0.0277375504108871,3.20887573529022,5.91946348999676,7.44802667639862,5.91937195495048,-5.44337627238258e-05,11.1834111263763,3432,532.821876755116,84476.9749634231,4690373.66571233,5.82296713041335,0.162556869404692
DE,OR,1723,102.942804163956,0.0946903891816324,0.0089665418171348,0.0946918255032334,-0.0285160893770222,3.01863194169651,3.72403747438302,4.81429315007158,3.83171981301038,9.05022983784476e-05,7.55581540925755,720,538.667541956055,84559.3426137416,4590734.33224528,5.80706053961894,0.171563634772599
DE,OR,1723,102.942804163956,0.103019316515862,0.0106132831637232,0.103020789958742,0.0522636493547787,3.92278564972338,6.29680836457598,8.10427765337823,6.29671830520588,0.000167561245563908,12.0659068887972,3432,551.99741839178,93297.4190069261,5433859.91740318,6.09545880775873,0.142413807450145
DE,OR,1723,102.942804163956,0.10293493467235,0.0105959316115705,0.10293654167287,0.0531005037025535,3.94939379775247,6.30197023017325,8.11379859353954,6.30187184655485,1.69497298484397e-05,12.0757980250782,720,523.116766994455,93358.3245177432,5424947.7442387,6.25524975014416,0.14036499051765
DE,OR,1723,102.942804163956,0.0925029132713556,0.00855705303622056,0.0925043406344835,0.00550147702306061,3.06458520985728,4.6520165941199,5.84370707092348,4.65194481244012,-5.77527037385764e-05,8.616915102796,720,539.382212763759,84182.4141386451,4381077.63787006,6.00966187646127,0.179656307894295
DE,OR,1723,102.942804163956,0.0892042355277842,0.00795763739200793,0.089205590587182,-0.0108728507898028,2.99128559033658,3.99085325866237,5.00710534596631,3.99376508299897,8.31880818610357e-05,7.98467900905988,720,526.394512583616,81732.3895181798,4074190.10839534,5.96442510866199,0.186872873921444
DE,OR,1723,102.942804163956,0.091785703387076,0.00842481300692543,0.0917867801315932,0.0659440025955108,5.72449444719968,9.2518271781897,11.8630501105738,9.25171864563007,0.000256153745513423,17.8125580248563,720,500.775541246658,86943.5438577151,4313436.64120002,6.18494279669381,0.171322091311211
DE,OR,1723,102.942804163956,0.0927032013791333,0.00859410834077462,0.0927044138149561,0.0883995324016482,5.7306749313486,9.16026040668055,11.7654872945189,9.16014060410151,0.000209215322450906,17.6362643696418,720,523.799732554094,87981.4842853434,4400090.77845449,6.1442868929093,0.174247601258018
DE,OR,1723,102.942804163956,0.0894285285490607,0.00799771124309205,0.089429923644673,0.0228952339086023,3.0947387076809,6.11131375559497,7.67054410025147,6.11121841986551,-2.00956328964962e-05,10.1765587649088,720,508.553379042359,82984.3162887038,4094700.60636608,6.07779556416195,0.184700742289908
DE,OR,1723,102.942804163956,0.0966221474258775,0.00933602905906231,0.0966231290067875,0.0387221847651005,4.59496679789004,7.11130459688134,9.12323809944627,7.1112323541284,-0.000319476186575002,13.7562513680054,720,513.717125560452,89932.1951472831,4780002.01569196,6.20559512949582,0.158001460143454
DE,OR,1723,102.942804163956,0.0967136964409568,0.00935366944205446,0.0967143704009619,0.0343266483623797,4.63080414982804,7.10457304844786,9.12966404644131,7.10452353979606,-0.000402416934499881,13.7432297246367,720,540.258707205572,89796.0295675215,4789094.92080991,6.18621177615989,0.163025305008836
DE,OR,1723,102.942804163956,0.0909599596639868,0.00827389100875313,0.0909609312218885,-0.00318215017798536,3.10830171954073,4.40415452116625,5.77187441129013,4.57991242805826,-0.000286028696102705,8.9841158680029,720,514.676408691387,83369.2284790641,4236183.58999313,6.0159622684153,0.17889578659082
DE,OR,1723,102.942804163956,0.0937846327117203,0.00879575351660438,0.0937856786327442,0.00380594948175289,3.44964417577607,5.41769775139273,6.89341189061002,5.42593575484932,-0.000280505909544338,10.8436940182909,720,501.261900337783,86263.8404655186,4503365.64035504,6.06722357514104,0.165001510749009
DE,OR,1723,102.942804163956,0.0933715006112039,0.0087184135026623,0.093372445093091,0.00362770774135539,3.44531385307009,5.44166892929332,6.91682878564845,5.44994903452376,-0.000309958299904513,10.8916730917535,720,516.224623715342,86441.4167722841,4463786.59866879,6.10722124081629,0.173581270070474
DE,OR,1796,107.304281067014,0.59752040160732,0.357040867032478,0.597528967525824,0.0786764365394771,20.8526098146638,10.0088254734644,20.0166435974497,10.0086819912435,0.000959599702707844,19.8034849871515,2795,1709.4610350519,440651.818630047,182800154.198299,6.29734628289591,0.0612481456982372
DE,OR,1796,107.304281067014,0.591285467104364,0.349628465905894,0.591293891314543,0.141546415318724,19.4922316388758,9.81264760422437,19.3664598347203,9.81250780266876,0.000981627470366342,18.9234244905691,3440,2130.4096173486,427005.582213544,179005167.186432,6.35760211306572,0.0628382334178719
DE,OR,1796,107.304281067014,0.57284329867333,0.328159060165542,0.572851691247867,0.10091082015095,19.1547720363812,10.1285568594964,19.6916169205932,10.1284084708826,0.000799774987413074,19.5326469123994,2795,2368.78554237493,425103.31324116,168012843.250304,6.2274935088964,0.0710055607630373
DE,OR,1796,107.304281067014,0.573400971211076,0.328798488409879,0.573409529402746,0.0574340015772291,20.8984890419742,11.4830103820301,22.5446687100337,11.4828389970099,0.000678475268651939,22.3913473880027,2795,2530.93684366939,428471.828891032,168340036.658696,6.22510195242978,0.0715331024407883
DE,OR,1796,107.304281067014,0.589810978333701,0.347887247200382,0.589819673459933,0.118321433740421,20.4043880659887,11.1635244974326,22.0777134214658,11.1633599246673,0.000783861627830076,21.7683644602173,2795,2614.99093130894,434670.540478926,178113333.555907,6.12501510555948,0.0669180329960029
DE,OR,1796,107.304281067014,0.566545848746113,0.320983879918816,0.566554392727491,0.00968915222242235,17.8940882698142,9.34979004132842,18.1121577869234,9.34964904086486,0.000591235049350131,17.4619672374692,3518,2147.41841235891,414482.81127526,164338968.721633,5.94278697449721,0.0705166281381768
DE,OR,1796,107.304281067014,0.587323373026799,0.344959325556527,0.587332380817308,0.0989530853572402,20.272234296253,10.3828870384712,21.0829832409835,10.6850471540527,0.000446011180166202,21.0680980693093,3518,2109.70663090507,436169.414512054,176613858.731183,6.17242708222381,0.063990943285997
DE,OR,1796,107.304281067014,0.594932179765289,0.353955359101061,0.594941475357922,0.21738112591145,20.461864179154,10.2500964725037,20.967953616406,10.5483891173657,-2.28951842791093e-05,20.7986504045012,2783,1920.67036335261,434997.643990405,181219481.107699,6.19480060755775,0.0639353938687979
DE,OR,1796,107.304281067014,0.606149373247515,0.367428211386114,0.606158569506456,0.294534778358512,23.4784141401541,11.0539538759036,22.2810912610961,11.0537861722246,-0.000577437311465254,21.3349275702314,2843,1846.03603220541,447979.87944351,188117706.568874,6.29211711277147,0.0622697494110883
DE,OR,1796,107.304281067014,0.623663928931409,0.388968034459887,0.623673018864763,0.281879372066811,25.2563012889979,10.743522116577,21.9623871602053,10.7433655314802,-0.000903903397445608,21.3701380016787,3440,2180.1283792701,451939.769190281,199146246.800033,6.09896676872111,0.0585941554842591
DE,OR,1796,107.304281067014,0.58683913644657,0.344389838944055,0.586847372784488,0.168151699708295,22.4950367592861,11.3739614610836,22.6666279185631,11.3738018287935,-0.00104656761303261,22.6674090219909,2795,2182.48611393393,431845.284695333,176323208.889541,6.19631363006375,0.065481767757357
DE,OR,1796,107.304281067014,0.548936886381781,0.301340519180407,0.548944914522766,-0.0183489791095697,18.3018699319352,9.51527934729793,18.3448781300054,9.51514018942965,-0.000776492976198854,18.8757494975829,2795,2204.47826208318,404448.190441459,154282141.775346,6.2796485379011,0.0772415247730336
DE,OR,1796,107.304281067014,0.550603036766364,0.3031726718263,0.550611180259083,-0.0121876243582652,16.7386031085506,10.4263084832716,19.9466151048717,10.4261542790523,-0.000711629142652639,19.0380532874859,2795,2292.46383373864,400257.129860225,155220075.781072,5.91990782415911,0.0753676257634157
DE,OR,1796,107.304281067014,0.58231931396605,0.339106080479879,0.582328155321275,0.125640321397103,19.2950347934293,10.2997856682199,20.4651264296261,10.4999257305564,-0.000547725320909087,20.7998708191682,3440,2563.16872099942,422101.955178166,173617194.685785,5.92824367710763,0.0671587379373226
DE,OR,1796,107.304281067014,0.596347079883386,0.355640941764803,0.596356388214969,0.151949350280684,22.9189935156019,10.6030060809058,21.6936763162859,10.766585641682,-0.000108166857360801,21.3697597773206,3440,2890.72348157979,436280.689298154,182082483.901556,5.78902321068985,0.0625954316904684
DE,OR,1771,105.810624593364,0.530769924799652,0.281725310263066,0.530778023530615,0.199411757227997,20.9937236779582,11.3742002289926,22.2726452739146,11.3740266788766,-0.000454669887918451,21.8107548840896,3423,1666.9448999748,383021.639258287,144239062.742633,6.2532558650477,0.0660453493280969
DE,OR,1771,105.810624593364,0.530609826991801,0.281555586900563,0.530618117765086,0.204265726581276,20.3109986499963,11.3776321000778,22.2947149137411,11.3774543274667,1.45532209528841e-05,21.8173357159304,3393,1828.48051476882,380363.468646975,144151955.806732,6.17641420807004,0.066945783628338
DE,OR,1771,105.810624593364,0.547025916929104,0.299246704645348,0.547034463855202,0.142242575195647,18.5437098069255,10.1824911389676,19.9282229343491,10.182332046616,2.46231275801894e-05,19.0634670620606,2757,1923.43208394768,381878.180890692,153209525.30681,6.00685813053376,0.0635366679819204
DE,OR,1771,105.810624593364,0.577802792018456,0.333866499699313,0.577811820318097,0.0915684535734269,18.9835378581819,9.70740129526075,19.2581741510031,9.70724961728438,9.65014246096958e-06,19.1182881306256,3287,2048.37820659876,390784.264986117,170934305.932298,5.94627719512921,0.0567480967627825
DE,OR,1771,105.810624593364,0.590948456100929,0.34923089398085,0.590957607600452,0.107416206041222,19.6527374458104,10.1503250438001,20.7423485478826,10.3566113886971,0.000311853583874073,20.5070968162383,3470,2050.03865461353,389157.006979193,178800729.608041,5.96029249104025,0.0532407902753345
DE,OR,1771,105.810624593364,0.577477178556942,0.333490275492634,0.577486169092069,0.131040855903028,21.9338623289212,10.38710989159,21.631323512585,10.5982075704679,0.000194505944892865,20.9854824617513,3470,1871.06665014896,405861.48573168,170741723.863498,6.13249899066006,0.0556897430376267
DE,OR,1771,105.810624593364,0.579514261153134,0.335847129595459,0.579523191594141,0.172467607961003,26.4878373916179,12.3404269234547,25.8365158891849,12.3402367577181,0.000380141032125664,24.0733491596782,3405,1490.4013222361,423988.791827185,171948504.760622,6.23096149913411,0.0561238635745212
DE,OR,1771,105.810624593364,0.55491914935506,0.30794487276026,0.554927808602398,0.101089148502789,25.6149200398792,12.8873789977724,26.1643946278069,12.8871778995384,0.00011330471359712,25.1403275017024,2757,1852.23216207497,409679.028785412,157662860.830452,6.33577863953411,0.0615016282792768
DE,OR,1771,105.810624593364,0.532230047826232,0.28327767317443,0.53223836123905,0.0648704685053838,21.3266656100215,10.2150566839733,20.0208619753525,10.2148971276742,-5.53350680921646e-05,20.2771728634603,2757,2190.58420025236,386759.209299838,145033639.327647,6.17097213703742,0.0657991043726578
DE,OR,1771,105.810624593364,0.528369575301413,0.279183099615103,0.528377800077845,0.11320285283242,20.7717707515294,11.1387401630677,21.8442023476586,11.138566776435,0.000181551521209464,21.274374056042,2757,2359.45417459108,387997.462914419,142937313.821049,6.04924801547086,0.066436594315202
DE,OR,1771,105.810624593364,0.532653422424813,0.283728481061954,0.532661694757521,0.0648046395620263,19.8384808611809,11.6544329722133,22.9452597773329,11.6542519767559,0.000232107615176109,22.0842063470854,2757,2045.41369280247,383662.567727003,145264497.810295,5.95541740236923,0.0655096146990584
DE,OR,1771,105.810624593364,0.58988200357292,0.347971592686975,0.589891170205975,0.104211493554136,20.7584999047258,10.5237548721091,21.1455235442008,10.5235913378774,0.000244058394099083,20.5661353520676,3470,2235.29781874908,395280.488568163,178155948.904107,5.92949520485017,0.0536383161708576
DE,OR,1771,105.810624593364,0.637939497814628,0.406979480811614,0.637949434368912,0.129362308055896,21.082207055017,10.3146032839312,21.1464869697122,10.3144426260327,0.000200422404907227,20.4217901931756,3470,2631.11013078407,408854.028742535,208367023.615047,5.77636724615717,0.0452750652632918
DE,OR,1771,105.810624593364,0.641139492268441,0.411072636492271,0.641149465017534,0.174850863640311,23.592046443511,10.263122017062,21.6932285480905,10.2629623794948,0.000240985174140504,20.3198628963187,3393,2133.36193647302,410950.153265935,210462672.18408,6.00175590650373,0.0434922768952872
DE,OR,1771,105.810624593364,0.599831196563477,0.359808699501055,0.599840561733745,0.150982980732778,25.3604991078746,10.5358700268912,22.1671010893889,10.5357055328189,9.42951649163634e-05,20.9829113660497,3435,1807.93675940569,416712.128979701,184216306.291425,6.15976623847138,0.0501195537145204
DE,OR,1748,104.436460637606,0.618634802268379,0.382720978582422,0.618644468642872,0.109130242147117,23.5970074373307,10.755924904464,22.655874021425,10.7557568421869,-5.07901293040982e-06,21.477752484143,3499,1900.2853506409,406190.733910597,195947017.510824,6.13943945223485,0.0438194144216253
DE,OR,1748,104.436460637606,0.57293698957011,0.328267015903365,0.57294591010266,0.114192477707111,24.7823328139953,11.2377186104122,23.0134540683969,11.237543643748,-0.000190941201600045,22.4234821964369,3359,1571.6465490903,399124.232882832,168067497.203529,6.09669508685778,0.052457981550546
DE,OR,1748,104.436460637606,0.523012376064667,0.273550445033624,0.523020501542362,0.0699555597726063,23.1931950652392,12.3104250777605,24.1544673278596,12.3102338269699,-0.000221211646754052,24.563935717875,2720,1765.17066984095,393907.391112549,140053501.151279,6.16958059132837,0.0626422466675892
DE,OR,1748,104.436460637606,0.522155322460142,0.272654699650442,0.52216347981302,0.200052316550924,22.3554016709096,10.574386165476,21.1623042509791,10.7801424088906,-3.97791079832441e-05,21.3546969867564,3348,1860.52457178871,378498.559490048,139594845.363351,6.01490719369778,0.0603196848643702
DE,OR,1748,104.436460637606,0.518659720919641,0.269016204320622,0.518667720530806,0.122106112592632,20.5235779095436,10.6456541646651,21.2905192310249,10.8527992976804,0.000329454402702139,21.4986208518128,3423,1941.93837053064,378016.907050277,137732103.493658,6.05804718726522,0.0603262528807958
DE,OR,1748,104.436460637606,0.532586581804295,0.283657142891654,0.532594726684046,0.15090939628716,20.2175476571487,10.3257647089728,20.4356023342362,10.3256067988252,0.000434179737553681,20.01322079735,2720,1604.65109578477,382882.237514282,145228111.682447,6.20655515539338,0.0597593931794022
DE,OR,1748,104.436460637606,0.567491643463498,0.32205671779536,0.567500412154352,0.235400730349722,21.03239329117,10.1079111744136,20.3087353509862,10.1077549927679,0.000334481650435104,19.3056560457467,3348,1983.14039578197,394212.570677106,164888001.164708,6.06454097293531,0.0541841363333771
DE,OR,1748,104.436460637606,0.598391199808931,0.358083176446765,0.59840051507896,0.224810415844579,21.0081934752298,9.69079365919641,20.3334773537007,9.97648057565147,0.000204110929899642,19.6674295406253,3423,2320.89998667056,396278.866143332,183332899.671056,6.06503795072715,0.049504799811263
DE,OR,1748,104.436460637606,0.617538104561073,0.381365225858078,0.617547751884887,0.224164784924081,22.1340096775896,9.65975476534686,20.1065612770717,9.66715706910693,4.88887770943716e-05,19.3270628570286,3423,2101.15928668249,413045.716768398,195252896.241611,6.15296004974223,0.046010326236101
DE,OR,1748,104.436460637606,0.600690990888951,0.360840921754439,0.600700359375987,0.184363411009014,23.9188950938998,10.8645440224931,22.7495548256352,10.8643745797115,-0.000145118969884159,21.6813380613334,3348,2025.70293336865,401590.47873364,184744800.041512,6.0637019268306,0.045667195145149
DE,OR,1748,104.436460637606,0.586239532826421,0.343687485593081,0.586248655088505,0.207000721687572,27.4253695283006,11.9821661495765,24.8930419862903,11.9819797023087,-0.000210925065786476,23.6985212057302,3423,1935.00034941317,417761.63739231,175962539.175704,6.19106594086859,0.0484822895623586
DE,OR,1748,104.436460637606,0.577399520106063,0.333400564754937,0.577408490373095,0.249295566594519,28.7624141791008,12.1656136542787,25.2005720573205,12.1654246567061,-0.000244604627350383,24.0613466352939,3464,1641.12166020557,406595.405250012,170695816.012698,6.21622753695011,0.0498162596026317
DE,OR,1748,104.436460637606,0.541937088164229,0.293704942766504,0.541945516418859,0.0968902752897769,25.0653178404854,12.2124465269214,24.6965454441067,12.2122566008018,-0.000207462962502469,24.2148394810057,3423,1521.56092210268,389483.520991554,150372275.490526,6.35024485962645,0.0552895364852964
DE,OR,1748,104.436460637606,0.530518438080741,0.281458555475087,0.530526677439587,0.0237130126952335,22.1472633539094,10.3108240823537,20.5978873907798,10.3106639498228,-0.000230756148146238,20.2567033527504,3423,1913.10925354908,387510.792630444,144102331.123581,6.33183331883176,0.0588478073823858
DE,OR,1748,104.436460637606,0.540279751952431,0.291911331257132,0.540288192779679,0.0347906648812202,21.2634671897671,10.1245369046834,20.4564819983572,10.1243787308271,-3.66299078434457e-05,19.8907225090905,3318,1433.19187851577,392032.907994927,149453932.396259,6.33067351991083,0.056458103129511
DE,OR,1721,102.823311646064,0.53408998462275,0.285260793633052,0.534098112366119,0.0480676645990072,24.0551675264186,10.8656630811724,23.7223762110795,11.5889549215991,-0.000482121436481969,22.4547943626625,3451,1532.32577843843,373689.751039215,146049200.135978,6.18771109050187,0.0483574348044172
DE,OR,1721,102.823311646064,0.480653926592963,0.23103513648903,0.480661145183413,0.00519086978805916,20.2271140246294,10.4672260133329,20.6088994670391,10.6731550064172,-0.000529630265569489,21.1405413120739,3399,1672.16548895883,356329.582754196,118286580.560496,6.30150238829698,0.0616481516029865
DE,OR,1721,102.823311646064,0.492988836098117,0.243045516085607,0.492996466605601,0.0915885344120419,19.8106414372823,10.2053290367881,20.1500580172552,10.4061007646303,-0.000267589511994301,20.6115908676007,3399,2167.86822252725,361380.174969157,124435488.828154,6.1839533285395,0.0592458406612936
DE,OR,1721,102.823311646064,0.475272208241653,0.225890679779671,0.475279580646667,0.0955464692245722,18.4044600109469,10.3950342190619,19.9021543197881,10.3948729741747,-0.000226342591525649,19.8305137825907,3399,2017.16873927203,338105.202099039,115652466.256817,6.07715484020246,0.0664573962818343
DE,OR,1721,102.823311646064,0.516912513462099,0.267206889745572,0.516920583596331,0.155056544615405,21.7400987034201,11.1145566861264,21.9196322199225,11.1143831663107,-8.39251906804956e-05,21.8855838886863,3399,1966.87235610179,362460.112050437,136805659.451567,6.15728088947827,0.0577171785303056
DE,OR,1721,102.823311646064,0.552316353187767,0.305062870709895,0.552324968392608,0.135884242549754,20.8714016421772,10.4021063281633,20.951464807744,10.4019440753558,0.000128465751136158,20.482703637494,3474,2370.69377515072,375192.067976848,156187325.696776,5.92035460856345,0.0480573861293566
DE,OR,1721,102.823311646064,0.559710881274036,0.313286053486507,0.559719620423035,0.0744755200383502,21.051616919992,10.5183566851638,21.5835460868507,10.5181924574273,8.55524538178756e-05,19.9129099527675,3474,2364.95083776624,376344.92487983,160397454.30035,5.88265540874277,0.0464725594867544
DE,OR,1721,102.823311646064,0.599558700496571,0.359481845346589,0.599568048970748,0.17951139133605,25.5078089618601,11.9856927956119,25.3406585235308,11.9855059145068,0.000154279664804104,23.0960701129627,3296,1944.4153677127,399551.309300913,184048977.478274,5.92989584151569,0.0417666171158871
DE,OR,1721,102.823311646064,0.578507184691298,0.334681017743899,0.578516220813124,0.228917810607464,26.0428938697628,12.421844684475,25.5710304572301,12.4216506617357,-6.14602060328125e-05,23.936521706113,3382,1779.68892720376,408979.139153662,171351330.056412,6.16442020029215,0.0463202510089661
DE,OR,1721,102.823311646064,0.575781489891203,0.331534492066634,0.575790319531889,0.208418935551616,26.4896802187263,12.3867084016688,25.7245872882124,12.3865184537299,-0.000438734061090497,24.6610088107914,3411,1673.33390863542,397400.278954564,169740552.492799,6.17535023463155,0.0438654246531757
DE,OR,1721,102.823311646064,0.589084212185219,0.347030898877844,0.589093285378338,0.206804945333879,27.723244376169,12.106991277027,25.8964005531754,12.1068048055925,-0.000393552569429036,24.1041129631107,3411,1788.17928165662,408275.143382965,177674426.085751,6.2517211473108,0.0413863271926451
DE,OR,1721,102.823311646064,0.521741895220241,0.272223039879282,0.521749978322263,-0.00165607445741166,24.7498820726269,11.1634421274917,23.2024344873303,11.3737399884632,-0.000268921408634914,22.5373583239642,3370,1597.32498550123,382896.416124245,139373914.902146,6.31560305491135,0.0539404486637158
DE,OR,1721,102.823311646064,0.492654492453565,0.242716033593587,0.492662190140046,-0.122836558020186,18.8699259654265,9.14678479267664,19.004017210847,9.70008715505469,-1.47357726159659e-05,18.8470235108063,3399,1906.48885352279,362781.302269436,124266725.799029,6.16117093090957,0.0608264619973755
DE,OR,1721,102.823311646064,0.529732470845979,0.280625198712894,0.529740690067219,0.0517064467328645,20.5025177188026,11.5445035902304,23.2610309429002,11.5443244708407,0.000247978129864492,21.7528803836687,3399,2012.33375066207,373023.391275812,143675674.706352,6.26608237756955,0.0543717962939265
DE,OR,1721,102.823311646064,0.583345394245497,0.34030222857109,0.583354290779702,0.171008636561749,22.8750244672336,10.4834948074851,21.9337201032296,10.4833349273374,0.000504837584941281,20.4071198252109,3445,1721.0648455467,390653.435271001,174229557.170367,6.23502726570289,0.0426195717953916
DE,OR,1797,107.36402732596,0.249915659002666,0.0624582981875501,0.249916582458128,-0.0350087539907913,7.12833388426998,6.06811890399305,10.2214960321557,7.02205011562454,0.00122075755378053,13.0901949665733,3417,1365.88363705587,148656.701630616,31979175.3301136,5.4906063539169,0.0167924652544325
DE,OR,1797,107.36402732596,0.255299754172945,0.0651797429677867,0.255303237284189,-0.024151516764115,6.77542220254118,5.27673003446578,8.11369315516153,5.56897043895556,0.000508310876483417,10.8457764521218,3417,1337.25632592475,146295.089062565,33371250.1045673,5.52513146882897,0.0161429312381524
DE,OR,1797,107.36402732596,0.245391365564302,0.0602187985005745,0.245395188421808,-0.0214792515649824,7.44507120413969,5.50240026978304,8.33276247765374,5.68114799757809,7.50359345440735e-05,11.1836367717762,3417,1202.38545599841,144118.259200493,30831067.0612001,5.53182110310252,0.0167097981798905
DE,OR,1797,107.36402732596,0.235723796783347,0.055567443799255,0.235727477819738,-0.0195404754659608,7.90699610211094,6.06940447693421,8.85681708207835,6.06930969927417,-3.24548941740115e-05,12.0261452939926,3429,1125.7979818569,142287.038300288,28449643.2241677,5.53586589745523,0.0189099332611192
DE,OR,1797,107.36402732596,0.228327284123608,0.0521349532084021,0.228330797765878,-0.0180878867416721,7.64176946787656,6.26601885538236,9.04792919852686,6.26592243147052,-0.000157111898092733,12.4157243854985,3426,981.58293407957,142297.888907134,26692287.1572141,5.68261707753158,0.0182575321353211
DE,OR,1797,107.36402732596,0.223811720305487,0.0500930175416737,0.223814694650896,-0.0385726382695402,7.62781295545734,6.68363096226588,11.2626358072544,7.86239008067188,-0.000483747068465505,14.546125530155,3309,1138.44945381923,140905.137851084,25647063.1191896,5.6534005906885,0.0181703597252245
DE,OR,1797,107.36402732596,0.22537272580589,0.0507935253647045,0.225374189659563,-0.0303500717418843,8.04427123953715,7.52228964556042,11.9866719973776,8.35783767049063,-0.000963052511557218,15.8801816023509,3309,1194.39444794845,141702.521676171,26006422.0087401,5.51858853157322,0.0189288792517647
DE,OR,1797,107.36402732596,0.233011775675062,0.0542937367280575,0.233010164430777,-0.0240841913339797,8.25627011460024,7.27567916604148,11.7316757023647,8.08394301980157,-0.00156446619022454,15.3595662864922,3417,1298.62115235178,143046.932006954,27800030.8007439,5.38335083963665,0.0182040487223281
DE,OR,1797,107.36402732596,0.245004308591256,0.0600250883635906,0.245000180333792,-0.0404072686787175,7.94339785568792,5.98162805299752,10.6293868727442,7.24482176097549,-0.00197449960762271,13.2263277406524,3417,1399.38805407203,147156.28770497,30735877.0532331,5.43716466908682,0.0180684819347593
DE,OR,1797,107.36402732596,0.25484131984969,0.0649425227558976,0.254838228599827,-0.029438620676185,7.87360789839627,6.5963074308614,10.4150230668878,7.0252519194772,-0.00189868393124305,13.6214741333532,3310,1412.35406865064,147985.569253791,33253224.0900058,5.41476085055086,0.0160108118688208
DE,OR,1797,107.36402732596,0.253003003862937,0.0640100786222712,0.253002131655588,-0.0203819952031525,8.25669547676673,6.64423610055522,10.5727156018838,7.0762358518949,-0.0015625800315322,13.7204475577006,3310,1387.51857638593,146991.176022679,32774636.3463817,5.39031684188882,0.0156338616251388
DE,OR,1797,107.36402732596,0.241754112432482,0.0584450353418365,0.241754080300285,-0.0210868988085728,8.40110903938432,6.41616869950121,10.0969691621464,6.81554399296203,-0.00135718220414171,13.2317117865907,3310,1377.0018556779,143056.33871957,29924809.1245613,5.44146160011332,0.0181570066890487
DE,OR,1797,107.36402732596,0.230800694065314,0.0532692389785955,0.230801297610294,-0.017088685803539,8.72223643501355,6.86564199850191,10.8178435187265,7.39332668009185,-0.00117731310759812,14.2589880121804,3310,1202.03750456372,139990.703574339,27274417.3745769,5.54654070345509,0.0182366809142226
DE,OR,1797,107.36402732596,0.224336731090567,0.0503277983558423,0.224338579731268,-0.020758543097205,9.31275815554652,7.0634662935268,11.1048171534487,7.60631271476385,-0.000862150948363494,14.6698416879027,3417,1395.82360371521,141118.210499604,25767788.6525861,5.42424677827132,0.0181338474502281
DE,OR,1797,107.36402732596,0.223826580917151,0.0500994704859762,0.223829110005772,-0.0241317401424589,8.83959585721798,6.75996506772092,10.3325742094415,7.10549627868725,-0.000658367328026254,13.8655416336989,3309,1510.89691622908,139043.441117146,25650571.1462119,5.33979593495812,0.0188389587714395
DE,OR,1773,105.930117111256,0.249671175191523,0.0623375963957417,0.249674981517455,-0.0228811624595635,6.90420637861712,5.90936169600996,8.67041074649243,5.99473503731884,-0.00021765950912785,11.9041881251982,3311,1231.27863764516,146450.937098665,31915900.4542319,5.58182433339304,0.0195704628686766
DE,OR,1773,105.930117111256,0.244071281918624,0.0595726438420242,0.244075078289497,-0.0309614645519934,6.91814321826064,6.04494419694365,8.84671731277246,6.1322744220094,-9.19809555167954e-05,12.177314002514,3311,1171.2700631208,144797.576864995,30500249.14562,5.59776169248565,0.0195384566274457
DE,OR,1773,105.930117111256,0.234771341396571,0.0551192948132177,0.234774987622655,-0.0508652711359379,7.09167835174131,5.87567571370963,8.45571130143087,5.87558446019807,0.00010200926703486,11.6282694570359,3311,1023.36347447759,143417.486044341,28220207.6884746,5.64956311994769,0.0215648360554989
DE,OR,1773,105.930117111256,0.227840279257552,0.0519128109723294,0.227843830226604,-0.0542842387434958,7.09202886321929,6.05441791685805,8.62947530851828,6.05432355814477,6.44606291007184e-05,12.0098252866441,3310,1094.03857979323,140866.258448578,26578532.8668381,5.4861333144618,0.0205186737464055
DE,OR,1773,105.930117111256,0.226428197904287,0.0512713274507289,0.226431728012505,-0.0502759864002936,8.17457580314652,7.62914729355877,12.4807723180589,8.67605328239213,-5.98701661036124e-05,16.3053358391702,3370,1277.94428572004,141157.506441368,26250102.9703166,5.38930640389338,0.0190012918960245
DE,OR,1773,105.930117111256,0.227949576757771,0.0519626149607186,0.227953098159947,-0.0421471811143043,8.79406085878957,7.57822891271497,12.507036726915,8.61814887763518,-0.000135702048257404,16.1965109249172,3370,1468.99903451078,142308.117155211,26604046.3050037,5.30362889432554,0.0224177207691737
DE,OR,1773,105.930117111256,0.234686513788359,0.0550794303156235,0.234690072895348,-0.0392854847299058,8.6063123804222,7.95252161202322,12.7138639326378,8.71524080262299,-0.000225101549585274,16.6678945844669,3418,1422.42387047099,143392.00479615,28199838.9374016,5.30126339933875,0.0230177411161487
DE,OR,1773,105.930117111256,0.244020214936167,0.0595476024005924,0.244023774252822,-0.0395395657569423,8.30318684539318,7.64834000921,12.3497352674529,8.3818902708593,-0.000351794650298372,16.0303525396192,3311,1400.07397180048,147629.5313315,30487546.3971682,5.40749470456834,0.0213402783877415
DE,OR,1773,105.930117111256,0.243676599765855,0.0593800601093887,0.243680241524397,-0.0282690151997302,7.98185627624197,6.58199327380843,9.79931429682741,6.62985548436761,-0.000284237468101211,13.2119478416862,3311,1624.44302370783,145525.416759662,30401723.4159762,5.1521580259152,0.0207442977129758
DE,OR,1773,105.930117111256,0.235203448181595,0.0553223880393405,0.235207117322883,-0.0354889664683303,8.2722036838321,6.06602972622917,9.78534407866285,6.61667007937839,-5.31205993458644e-05,12.6828030247464,3419,1559.55042052637,140593.006496578,28324180.4011872,4.97088498353542,0.0210094383801508
DE,OR,1773,105.930117111256,0.226733554782998,0.0514096738588892,0.22673701475253,-0.0582121620545624,8.23392910648236,6.34403111811402,9.86732541572657,6.72669383313513,0.00019379874494122,13.0708276010565,3311,1347.97958556481,138369.737387926,26320968.8313347,5.23457429161167,0.0231265310754317
DE,OR,1773,105.930117111256,0.219860122899565,0.0483399031180509,0.219863373752999,-0.0731706641458584,8.02090897036462,6.69019024365877,10.1382461005652,7.04659115251755,0.000284860199082765,13.7368855871262,3418,1110.24566266093,137045.642116976,24749340.0387546,5.58079665254662,0.0228100064133147
DE,OR,1773,105.930117111256,0.221149638231978,0.0489086392315227,0.221152976989962,-0.0821554608617381,8.45976365131214,6.96026416734106,11.3711373897413,7.93824224988834,0.000227274257905187,14.8986262630944,3418,1285.39556721896,140377.072916819,25040493.5994322,5.51650367354672,0.0216284649545713
DE,OR,1773,105.930117111256,0.227200622762973,0.0516216956990965,0.22720408380814,-0.0696706426532775,8.18591255222184,6.86284832952434,11.1179955562508,7.75572826834628,0.000201153614860809,14.6186947442274,3418,1368.59483311666,144542.980721159,26429523.6311341,5.50779266672176,0.0227636928347015
DE,OR,1773,105.930117111256,0.237835431709139,0.0565674369294209,0.237839098824018,-0.045452545377318,8.03455215938151,7.103718636541,11.7471848336964,8.16593048224354,0.000152902765972653,15.2697750268755,3418,1383.68114782388,145771.55895281,28961646.5690345,5.60017003615205,0.0214521452838056
DE,OR,1750,104.555953155498,0.277473200302869,0.0769936392548712,0.277477277006373,-0.020407503925367,8.5992863341731,6.78572620309876,11.4836022659413,7.56667130232509,0.000379054971690945,14.3525086767924,3282,1230.39542279969,166776.67174878,39419658.5169964,5.58442256279223,0.0156568975667967
DE,OR,1750,104.555953155498,0.271142672799388,0.0735206283956081,0.271146876057255,-0.0199117125664979,8.46629748055215,6.89644120366866,11.2955382511363,7.50293311513631,0.000134673030874906,14.399490629389,3282,1241.95694095444,163948.072514305,37641403.8808989,5.59741599218763,0.0163151595692882
DE,OR,1750,104.555953155498,0.264838097604632,0.0701413951568943,0.264842208035076,-0.0128228724332521,8.10268726466204,6.37830124774968,11.2652340999527,7.57009338547458,-0.000121262297898063,13.9485121251659,3433,1224.80280388921,159305.043881541,35911287.0846714,5.5765667737162,0.0165244437205188
DE,OR,1750,104.555953155498,0.261800550065277,0.0685416357863945,0.261804575564283,0.00420088000833817,8.64926592967038,7.29941968845978,11.9637914061287,7.99073356568829,-0.000184808564602858,15.2902761213079,3433,1317.58185775523,161177.578524284,35092255.8101372,5.53002308422392,0.0172161689722558
DE,OR,1750,104.555953155498,0.26363185166237,0.0695038957532827,0.263635915142992,-0.00272889105607472,8.7919240452656,7.24871474196324,11.9667719478842,7.93522615641206,-0.000171622811033475,15.1840632077151,3329,1249.15977638136,164472.170488708,35584912.7167446,5.51243636228868,0.017742110867685
DE,OR,1750,104.555953155498,0.263949027109522,0.069671253210257,0.263953126918885,-0.0285197579774153,8.00668447091633,6.44658733217203,10.7937279560989,7.20617292546753,-0.000113703425212552,13.6528721880966,3433,1491.34561722989,161753.248728173,35670580.139454,5.48297906959328,0.0176892927068965
DE,OR,1750,104.555953155498,0.270413578964362,0.073125781301031,0.270417790282058,-0.03166729209178,8.61473129052349,8.25005827981184,12.9288625322885,8.54472937526559,-8.69939665256316e-05,16.7949207274259,3433,1505.1301789618,165800.257269234,37439237.7506912,5.50641545078064,0.0170116174509406
DE,OR,1750,104.555953155498,0.275336005573859,0.0758122609239147,0.275340263898898,-0.0222868078423434,9.14128314999366,8.10256465171986,12.8650662135717,8.39196855373813,-0.000155481853926883,16.4946629949846,3329,1429.13289309893,168004.61650664,38814689.3515814,5.52754623951236,0.0164475441852384
DE,OR,1750,104.555953155498,0.270286423781023,0.0730570106246727,0.270290604025876,-0.0293861725917442,8.6605735425058,6.20265548332037,10.6302960017401,6.95874387343924,-0.000152601585371468,13.1615069805642,3433,1464.05856105418,166110.482957217,37404044.3364603,5.56059675352411,0.0164854111354088
DE,OR,1750,104.555953155498,0.275686357336958,0.0760053397264051,0.275690659483424,-0.0392179863902507,8.40300424685391,6.05098476833006,10.2960459032732,6.74760432276747,-5.53369896917606e-05,12.7986943889526,3329,1210.21076470355,169271.686647265,38913520.9842795,5.65046827594538,0.0155001270582568
DE,OR,1750,104.555953155498,0.276578882262264,0.0764982604478916,0.276583189018949,-0.0357110908667137,8.46403711459683,6.03145813388782,10.2586250223136,6.72582991133824,-9.0753461237943e-05,12.7573927766961,3329,1497.28637566326,169831.121979374,39165893.7808935,5.69058827073853,0.015545924979259
DE,OR,1750,104.555953155498,0.267879274932905,0.0717615289943344,0.267883424261999,-0.0383180566884806,8.17536353925161,6.16192728781165,10.1967950724006,6.72750486351024,-0.000139613844506639,12.8895363573366,3433,1158.96434968163,164624.031962384,36740774.5889032,5.62243093689113,0.0165927970528992
DE,OR,1750,104.555953155498,0.271700652982038,0.0738235438099504,0.271704883669673,-0.0377774660029792,8.29875009576534,6.13551349910648,10.2936012732699,6.76830928435889,-8.94799368668379e-05,12.9039281737252,3433,1044.28051116544,165850.426437102,37796481.4524111,5.64293927869577,0.0162473438827756
DE,OR,1750,104.555953155498,0.275273878689675,0.0757780662887443,0.275278161663333,-0.0170338434998894,8.43166539103109,6.53383707406235,10.7810220480246,7.09840252604285,-0.00010032290252823,13.6323500438247,3329,1074.71327402876,168697.690417023,38797167.7738644,5.69952808888111,0.0161148460242984
DE,OR,1750,104.555953155498,0.271770798601546,0.073861635425965,0.271774972037465,-0.0133936695847653,8.11637354259916,6.61805713990829,10.8090401781573,7.18990120196228,-0.000199305453530499,13.8080687532617,3375,1162.72715594791,167222.563508434,37816016.2273229,5.6069440650537,0.0170067505139804
DE,OR,1724,103.002550422902,0.261769756570626,0.0685255466778304,0.26177384643587,-0.0363028593171883,8.03861576090412,6.21388747569415,11.0610855849702,7.45047850260508,1.41615059851139e-05,13.6644823838515,3279,1329.49546372907,166731.764900398,35083983.6834572,5.61009194066412,0.0178915157962194
DE,OR,1724,103.002550422902,0.257375942991931,0.0662444416073957,0.257379955721878,-0.0265369770315317,7.86631230291843,5.88425214630466,9.71693602751822,6.54542896407925,6.75454696385235e-05,12.4297831596994,3382,1307.26020281577,164419.39090852,33916098.8600078,5.5843602466097,0.018850418284218
DE,OR,1724,103.002550422902,0.255983300929658,0.0655293815247625,0.255987072964168,-0.0415026642835871,8.20679622767454,6.28488142106016,9.63320611667239,6.44757464352893,0.000341501470527884,12.7325510726383,3279,1610.8668526336,163425.809727563,33550114.2824409,5.50755112836073,0.0184598784597539
DE,OR,1724,103.002550422902,0.259468647392669,0.0673258578447199,0.259472267968505,-0.040064646080045,8.11100688309569,6.20045893128557,9.52187381028574,6.36097172787382,0.000474413447519016,12.5615194189412,3279,1517.20297244152,164728.514520027,34469992.4711933,5.42614778155139,0.0174262490306033
DE,OR,1724,103.002550422902,0.259556965559379,0.0673717236127715,0.259560635714993,-0.0322868772989185,8.09755003020023,6.16199599361535,9.39904118278871,6.29340030887036,0.000447352192647869,12.4554852916539,3279,1605.24424642564,164957.865428868,34493449.450474,5.39723424594739,0.0178260528120006
DE,OR,1724,103.002550422902,0.255637666885676,0.0653525474823189,0.255641443201839,-0.0319830977756347,8.51109558288784,6.26026066187312,10.2101570592755,6.82897466726542,0.000333939428045333,13.0893362077286,3382,1586.51749736433,164270.313886091,33459572.8372539,5.40409588155839,0.0185169047328134
DE,OR,1724,103.002550422902,0.255948165862791,0.0655113960436736,0.255951940886709,-0.0332063155665127,8.29437632719497,6.25266613770284,10.1431185808598,6.82069037445295,0.000338815553546929,13.0734571117019,3382,1580.34240727023,161825.334796401,33540904.1295981,5.46117749278234,0.017742685448986
DE,OR,1724,103.002550422902,0.254217030162491,0.0646282067860332,0.254220783544606,-0.0263530754727981,7.77978484962126,5.89010166662233,9.24319521663526,6.26612141402439,0.000333571680120538,12.1563155966675,3382,1560.00445068247,160398.904596575,33088721.7339717,5.52190453866642,0.0184194444149006
DE,OR,1724,103.002550422902,0.251265881562989,0.0631364798208969,0.251269735186904,-0.0351233689998971,8.01851232521277,6.27729825083415,9.94301807871721,6.70919521660809,0.00019087096098021,12.9865963652769,3382,1450.62762439273,161238.711643413,32324904.7895262,5.58733331141945,0.0194950419186599
DE,OR,1724,103.002550422902,0.254706784382038,0.0648775683054151,0.254710754200554,-0.0465258468492092,8.17153024123385,6.66265558508631,10.7167019753517,7.19167512991521,7.16158684212652e-05,13.8544428032804,3382,1385.33376899476,163873.884178601,33216282.1790608,5.60275465161206,0.0187782701632789
DE,OR,1724,103.002550422902,0.257384092339117,0.0662486411231086,0.257388113795312,-0.0355548461451298,7.89616676913576,6.59335067719121,10.6063463578044,7.11686708953004,1.16686523165937e-05,13.7103289630621,3278,1453.26959157682,163911.740900401,33918244.4160265,5.61327431650095,0.0179580978965504
DE,OR,1724,103.002550422902,0.250865762328905,0.0629355973844486,0.250869682075074,-0.0273453563988282,8.09348094761753,6.28672288169499,10.4115555081,6.99936757097086,-7.86333945359792e-06,13.286199816909,3278,1298.0429873285,162665.844543751,32222018.9496088,5.66860199825883,0.0191279081156521
DE,OR,1724,103.002550422902,0.249372057307247,0.0621883484700054,0.249375917983284,-0.0440749871203973,8.46487509863835,6.32437950465251,10.4800792989349,7.04129384848519,-0.000133721849972757,13.3657823635646,3278,1264.28014887976,162367.062790025,31839457.7098429,5.72506180239601,0.0188358955775016
DE,OR,1724,103.002550422902,0.250981857569753,0.0629937488609581,0.250985555084268,-0.0484124972760379,8.53374061375516,6.08879453786297,9.70066406179963,6.47771155284693,-0.000335444269360803,12.5666015216415,3278,1172.64005594552,162339.958831752,32251906.7323879,5.76549348930539,0.0176619923630603
DE,OR,1724,103.002550422902,0.254366341019674,0.0647039832776692,0.254369776659235,-0.0405297704606839,8.78394752971032,5.95755114717176,10.4808195442458,6.94353217843459,-0.000523608198030127,12.9011771095314,3278,1221.17353586065,166730.711936663,33127684.9185423,5.74909271104012,0.0178861225840455
DE,OR,1796,107.304281067014,0.387160617478972,0.14931913588692,0.386418343103585,-0.349172627838375,33.1917413342598,11.6634210173287,26.4757768464382,11.6858253847844,0.0240598018024971,22.2672417666778,3503,1510.39641117689,267004.613441118,77041775.5061262,5.75675330613923,0.0457335037855568
DE,OR,1796,107.304281067014,0.388988782655538,0.150915948196058,0.388479018990804,-0.337192303911758,35.4006208122949,11.891574773387,27.1663612219467,11.9071789435985,0.0200260070698106,22.9357696237404,3503,1489.44198680483,265170.498856475,77677216.727009,5.66733008034911,0.0436346654242506
DE,OR,1796,107.304281067014,0.389009964571129,0.151065262659622,0.388671149764968,-0.35953184200941,36.9771451703412,11.8909272672662,27.5852499249131,11.9012928995484,0.016377138500585,22.9345207520393,3318,1250.54234742748,269239.793631189,77617645.1577619,5.77885369735004,0.0417976346284189
DE,OR,1796,107.304281067014,0.390555295717218,0.152363552790022,0.390337741949228,-0.344426932225063,34.6552065315243,11.3679173570941,26.4657777912446,11.3742532375112,0.0132154297609267,22.2055251023672,3503,1170.28710731784,268485.144402813,78186540.3232429,5.82321016700484,0.0424207268342686
DE,OR,1796,107.304281067014,0.381622191284535,0.145540473974405,0.381497672305356,-0.303204590095828,32.6502164075683,11.6340203124574,26.6303126107935,11.6378175999331,0.00997852926122166,22.5590462144265,3366,1168.31189467481,263043.535407202,74616354.7785139,5.89076157531245,0.0404864354399894
DE,OR,1796,107.304281067014,0.373201788320316,0.139237209977528,0.37314502539566,-0.313848309656069,31.2248368839471,10.5473282897001,23.8599282653416,10.548932752202,0.00683490971166819,20.8131255216527,3462,1278.73128478903,260807.718733918,71335060.8815615,5.97292813972257,0.0423486949921007
DE,OR,1796,107.304281067014,0.364808042920756,0.133073318401519,0.364792157812526,-0.280365131003721,30.6069780502558,10.4941191940164,23.57630917145,10.4945761671601,0.00396841521932075,20.9702642791773,3306,1272.46341647127,253192.967830781,68147536.1235129,5.89919447510167,0.0448112118921739
DE,OR,1796,107.304281067014,0.3559110282273,0.126675314652254,0.35591475756458,-0.300178709275405,32.7444076178118,11.1517988538332,25.2557221186273,11.1516820033281,0.00114191293143806,21.7348655196755,3414,1327.96021767023,244087.905083854,64857069.5569585,5.78751484073061,0.0436523762073079
DE,OR,1796,107.304281067014,0.369330599411904,0.136408527451829,0.369335250757126,-0.376019800392255,33.6871002654958,10.8676973460378,25.2317988074054,10.8675604801091,-0.000909382543487314,21.0662298933971,3521,1284.0205151402,253251.647331328,69839830.3423938,5.9862400950563,0.0427960437738672
DE,OR,1796,107.304281067014,0.386635047623362,0.149486015074586,0.386634213533394,-0.375718796204327,33.4173594525469,11.8517619727552,27.8686538928182,11.8517875406833,-0.00230573504643024,23.0200964551159,3414,1432.45467129244,260840.735731478,76539891.9492005,5.88279209385077,0.0402035666320896
DE,OR,1796,107.304281067014,0.388978022459304,0.151291844865622,0.388962523728986,-0.358513200302917,34.8311079285573,11.9167654888231,27.9973847263285,11.9172403282313,-0.00409694531087016,23.0178284927436,3336,1467.26564564319,264529.184075277,77476191.6884141,5.66661497614058,0.0382918631983691
DE,OR,1796,107.304281067014,0.389722186342004,0.15184964183555,0.389678895804675,-0.31450134621027,35.3941853158626,12.3218288809656,28.7653115586871,12.3231977479966,-0.00620370799992389,23.7925700046409,3551,1498.15776180925,269748.028710949,77783996.1900515,5.64609947170166,0.0394079092081186
DE,OR,1796,107.304281067014,0.386055989528743,0.148974389131241,0.38597200563155,-0.302874343175377,35.7436744529777,12.4388436430785,28.699247299226,12.4415502190749,-0.00833626831599098,24.0185171384668,3473,1611.90027067999,262437.1219707,76343664.8543584,5.71558275491439,0.0376554223939538
DE,OR,1796,107.304281067014,0.393239668204486,0.154518276769642,0.393088128502557,-0.348652340732134,36.2249807037806,11.7982463743302,27.344961800859,11.8027947252195,-0.0111350157647223,22.8483281069525,3473,1829.07760690053,274993.024479053,79237849.2803892,5.71289045100933,0.0381124556848087
DE,OR,1796,107.304281067014,0.40245646302173,0.161784957250336,0.402225008235858,-0.331864257880898,35.7716412994804,11.5280506487627,27.1350651261532,11.5346843051485,-0.0138312384673131,22.3250706333423,3473,1677.62401496366,267508.942512213,83027203.9802329,5.54627025532202,0.0394318524246815
DE,OR,1771,105.810624593364,0.363034063516297,0.131797840394504,0.363039722887873,-0.41911666891135,33.8367474112503,11.3082378956681,25.5044536590454,11.3080616132503,9.77812018305764e-05,22.2001446079317,3482,1516.24943849302,246564.514283127,67478395.3046128,5.66032097324472,0.0511904003963387
DE,OR,1771,105.810624593364,0.358583671301471,0.128586120848904,0.358589069617165,-0.408748873266986,35.1374051555811,11.4485847600739,25.8195515777687,11.4484124093805,0.000383133675983006,22.5945841758877,3482,1441.77605967063,248735.334638369,65834186.8108179,5.76727908462386,0.0509835534061605
DE,OR,1771,105.810624593364,0.348147152690445,0.121209916632938,0.348152145811193,-0.405478606787469,35.8764957492377,11.4369746366725,25.5148058519031,11.4799619618431,0.000557766456893373,22.9171012439417,3376,1194.86085834857,242032.072171322,62057856.5264384,5.82132414365849,0.0543712259092941
DE,OR,1771,105.810624593364,0.337661765480074,0.114018835282267,0.337666751816442,-0.373504530785359,34.2218375861862,11.75787498962,25.7057801686288,11.7577013606815,0.000442349924921189,23.1538767612381,3512,1047.67881999224,236574.719622896,58376019.7323635,5.92554277794856,0.0575692864379185
DE,OR,1771,105.810624593364,0.340094823525084,0.115668055072908,0.340100066264192,-0.344274020801625,30.5033513433482,11.6737584716466,25.266583646343,11.6735785173445,0.000220323333792005,22.9882325872304,3335,1113.02597097287,236686.185845587,59220243.2142903,5.91757672348026,0.0573145706105694
DE,OR,1771,105.810624593364,0.349577237758669,0.122208064102847,0.349582699947876,-0.42411324807776,30.6446083760721,10.9240921223062,23.7484368695962,10.9239214346318,-7.62480382066944e-06,21.1719840621361,3471,1326.53217499739,240969.135706408,62568573.5500104,5.87837563627851,0.0554684863601892
DE,OR,1771,105.810624593364,0.356882517560042,0.127369081573143,0.356888051877817,-0.441603423324827,33.4899813299084,11.9936798349712,26.669258857302,11.9934938471379,-0.000173351231647854,23.4302959402089,3500,1302.574886421,244685.94855117,65210962.6320094,5.91556456480996,0.0520768935531441
DE,OR,1771,105.810624593364,0.352453724359711,0.124227445561783,0.352459140272718,-0.423404775673201,34.5469816067141,12.1443876414969,27.278978748971,12.1442010299454,-0.000253694543952151,23.7247117121808,3394,1228.29729841692,243868.804885539,63602530.3904283,5.87925831508851,0.0533969456600451
DE,OR,1771,105.810624593364,0.35784604700531,0.128057727336162,0.357851543710744,-0.406305503946851,32.7210773204761,11.5496079062239,25.6687816981133,11.5494305008343,-0.000260432608393233,22.2148626051175,3453,1289.60886830086,245477.100135082,65563576.9246941,5.85052627198919,0.0544754669556209
DE,OR,1771,105.810624593364,0.361168259469549,0.130446555268507,0.361173857399047,-0.414196826459025,31.8626495056233,11.4433686386884,25.116203862138,11.44319127488,-0.000181203225153423,22.3747069162008,3512,1344.47427553014,247603.152862581,66786582.7694757,5.8669182358662,0.053719567589885
DE,OR,1771,105.810624593364,0.35512817134044,0.126119902921189,0.355133640931395,-0.4336306178494,33.3202341654196,12.0633995922458,26.4776119645624,12.0632137977907,-0.000237498173586943,23.2823808261222,3406,1321.85375868086,244171.557369005,64571430.1362628,5.80692632482739,0.0551042760632967
DE,OR,1771,105.810624593364,0.353090543489768,0.1246767423882,0.353095939353881,-0.403810656831153,35.008205573513,12.1330155007887,26.9385847008466,12.1328300891325,-0.000292680541958019,23.5870299298724,3406,1234.81580185372,246313.512626636,63832584.9913334,5.89799093534819,0.0560121648269331
DE,OR,1771,105.810624593364,0.348532036752921,0.121478297623179,0.348537369048397,-0.366760439908727,33.2307894977802,11.8892896413925,26.3632540010821,11.8891077463907,-0.000281454724038563,23.4931129730532,3406,1058.36965784867,242420.524723126,62195025.8453598,5.94147587126307,0.0568716014704305
DE,OR,1771,105.810624593364,0.337982330543299,0.11423559618379,0.337987568090588,-0.345978668822829,29.8776967325723,10.4581430146853,22.5610293006159,10.4579809524565,-0.000171575263302862,20.2992354503586,3412,1133.55616566242,235632.985201878,58486827.6181699,6.01879461679733,0.0591964436306648
DE,OR,1771,105.810624593364,0.342646828595788,0.117410511283575,0.342652172448352,-0.365800415993429,31.0302355745451,11.6748605057238,25.1282268901561,11.6746784297346,8.33165864148945e-05,22.0861127265161,3335,1223.45595224627,237642.246891389,60112310.3128775,5.86387385057041,0.0567388786023458
DE,OR,1746,104.316968119714,0.350737987326369,0.123020886167483,0.350743333746321,-0.375797085823124,31.2386135136923,11.063581102945,23.9175386707838,11.0634124595381,-0.000306576193128619,21.6869401748242,3498,997.737318526572,255368.269687509,62984821.6274733,6.13315720841614,0.0544902379057858
DE,OR,1746,104.316968119714,0.339509835238536,0.115270494999219,0.339515088028822,-0.401487803053121,33.866857555127,11.8537577535734,25.5164417119232,11.8535743587677,-0.000188221803299776,22.8750237530751,3498,1106.74707206525,243893.56920012,59016685.3893853,6.04650482027107,0.0574356463108613
DE,OR,1746,104.316968119714,0.343812892327116,0.11821099599228,0.343818260120488,-0.385668135350133,32.4970462665821,11.7053997441265,25.2808320763675,11.7052169959294,5.50607181792772e-05,22.5887269465596,3464,1036.05032947342,244678.629399949,60522141.6761541,6.07161300918474,0.0572101015776247
DE,OR,1746,104.316968119714,0.3417513792587,0.11679754535411,0.341756558611697,-0.406432066827041,33.1006108255993,11.1261990800878,24.1582182273194,11.1260304614876,0.000331352389753101,22.215311015943,3464,1166.29898053309,251479.12500266,59798586.8589764,6.0690668156564,0.058604093318608
DE,OR,1746,104.316968119714,0.339181293372223,0.115047247492847,0.339186154630237,-0.42890268042945,33.8210606773036,11.0053264116196,24.5271838597727,11.1729775732266,0.000545442289290628,22.1784641196409,3464,923.973579946118,248093.98303315,58902654.6071558,6.21271051319793,0.0605876751320452
DE,OR,1746,104.316968119714,0.353634135368961,0.125060626746935,0.353639119367379,-0.436025247736859,32.0318225135838,11.3209146734701,25.1847964219387,11.3207551226236,0.000618947335228206,22.2835631543674,3377,903.615693180066,253779.098611007,64029432.1387297,6.32132365211722,0.0572836182391694
DE,OR,1746,104.316968119714,0.359572718366674,0.12929639959067,0.359578085526176,-0.495507341857023,35.7521997801728,11.2512144671583,25.4924327087311,11.2510465284961,0.000425106359627778,22.2604374678081,3406,985.70093261757,256690.301072797,66197872.8973264,6.1917652693438,0.0552684299895058
DE,OR,1746,104.316968119714,0.364365164382642,0.132765963531648,0.364370640326095,-0.487273026256333,36.3721140796693,11.1032287560673,25.1996219693425,11.1030618912158,0.000398020479833866,21.9676489268479,3464,1396.5701104786,256197.437024241,67974211.279241,5.83378714302791,0.052898821847136
DE,OR,1746,104.316968119714,0.353481371889764,0.124952878106402,0.353486743890633,-0.441917607788496,34.5514892000409,11.3973352138044,25.3139655017795,11.3971620064756,0.000327023101863893,22.252090478656,3510,1153.17688405632,251239.482575618,63973983.8548696,5.93206415655708,0.0553123509357948
DE,OR,1746,104.316968119714,0.339231308901568,0.115081332575913,0.339236396301919,-0.411086420001663,32.6093086241587,11.876102180274,25.7567225283541,11.8759240788466,0.000380335117105237,23.1868322982323,3498,940.18356029123,245114.606813516,58919949.1039498,6.05185742169592,0.0586437261378172
DE,OR,1746,104.316968119714,0.329676809181055,0.108689962788975,0.329681608205516,-0.387466318832792,31.4311129654203,11.7542117597277,25.1674634101966,11.7540406590404,0.000481958674464459,23.2551367490637,3498,1069.22049674821,242604.317876243,55647759.7675206,6.09365766559716,0.0619374135196829
DE,OR,1746,104.316968119714,0.327447901839981,0.107225342436284,0.327452809479906,-0.371931226565404,33.3313566069211,11.7243418696356,25.0342524426456,11.7241661531763,0.000369831141152307,22.8096557222315,3464,985.611678794683,247367.369371962,54897799.7767151,6.1239020630039,0.0638351493427187
DE,OR,1746,104.316968119714,0.333260609789806,0.111066007779551,0.333265671468801,-0.406648990523493,34.3635674057035,11.5198467292255,24.9579320306319,11.5196717644115,0.000311561656550332,22.4118113228198,3498,1065.1686874884,246776.177649496,56864118.3245012,6.17110116518294,0.0600034490671053
DE,OR,1746,104.316968119714,0.332767541111431,0.110737695176643,0.332772738030991,-0.414040362820292,32.7257223224222,11.2135829884258,24.4575784059824,11.2134078656405,-4.23518608665114e-05,21.8752566935813,3464,955.506947391044,242687.657439685,56695929.9638404,6.2489236484976,0.0608458842714171
DE,OR,1746,104.316968119714,0.34307434581584,0.117703300498942,0.343079146114919,-0.436573050315494,33.082391867674,11.3578865356645,24.8982830397759,11.3577276182459,-0.000620069484111204,22.4614016623234,3377,1045.38864631551,245607.740122174,60262600.316454,6.01776571751664,0.0595911550184553
DE,OR,1718,102.644072869226,0.315671211314965,0.0996514120608308,0.315676118927028,-0.425609625491086,34.7548952082994,12.2997282672482,26.4309786331725,12.2995370513431,0.000125295066947352,23.6165901741036,3472,995.322970340887,238304.897845943,51019944.6274382,6.1814625198608,0.057567860616667
DE,OR,1718,102.644072869226,0.2995146901058,0.0897118489244411,0.299519363187827,-0.437094556693684,35.1417049710152,12.9632043075939,27.1509541861139,12.963002056506,6.44981467228629e-05,24.7406979002217,3426,969.002481273387,224594.144037467,45931035.519542,6.11157048623534,0.0665053298449598
DE,OR,1718,102.644072869226,0.301482134861409,0.0908943035852955,0.30148682157815,-0.479463406005924,33.3028134874043,11.8242128493456,24.6905168074603,11.8240290378741,-0.000120425431348535,22.7629270882786,3500,927.043056158601,229302.876151837,46536443.9217465,6.1800938076357,0.06341013387851
DE,OR,1718,102.644072869226,0.318208136360894,0.10125952229451,0.318213014024426,-0.432897120754302,32.2848037135339,11.424918703701,24.3824942365532,11.4247435791559,-0.000245177151168232,21.7886603701058,3443,942.544349585183,233127.512230139,51843316.8149843,6.15010648130075,0.0547958490581777
DE,OR,1718,102.644072869226,0.317557267765979,0.100845517833797,0.317561833087349,-0.442376099923463,31.7863810846496,11.4483353328842,24.0683837571542,11.4481707497243,-0.000501896033828778,21.660843883452,3483,894.900074764775,239238.532873227,51631549.4813858,6.10342049437479,0.0567670326142574
DE,OR,1718,102.644072869226,0.31832466038048,0.101333417746604,0.318329102889766,-0.492740492498886,33.5909416299643,11.0332330536967,23.5098413016012,11.0330790770736,-0.000581660596137634,21.4600405625687,3488,846.119915799168,233867.216189329,51881435.0003197,6.20263262976369,0.0571993086117534
DE,OR,1718,102.644072869226,0.316323695368195,0.100063662170589,0.316328408731478,-0.480662646783228,33.4273547587986,11.5580020388954,24.7761399795434,11.5578298221076,-0.000380880879230792,22.6891852670405,3443,867.754907178362,233863.332640405,51231142.5646635,6.34062175383936,0.0562329589545908
DE,OR,1718,102.644072869226,0.309196233613559,0.0956051809108155,0.309200874692837,-0.480732614945189,32.7842310761595,11.8244322490227,24.9755076926296,11.8242547652832,-0.000342975070014075,23.2122068392787,3443,1005.40266593555,231185.76194232,48948443.398454,6.11413457848711,0.0564263529237929
DE,OR,1718,102.644072869226,0.301124202851047,0.0906785079636171,0.301128723245753,-0.424278734285752,30.6229013978966,10.8492744268656,22.5787315162139,10.849111562951,-0.000333590220114854,21.4645360580555,3472,904.899277557973,225705.116531929,46426059.1654774,6.27229533418195,0.0610326633748055
DE,OR,1718,102.644072869226,0.310410688895162,0.0963577759781553,0.310415489269069,-0.401754590079163,31.1906466461454,12.0098149618253,25.1316279896266,12.0096292378381,-0.000176019070087383,23.377610194928,3444,1055.63648145234,231913.443223148,49333671.3024284,6.26481858313427,0.0591688542444634
DE,OR,1718,102.644072869226,0.321833383294156,0.103579954926239,0.321838398775285,-0.421787997256613,34.9539019303158,11.6107447199027,25.0769380372794,11.6105637798058,9.24657519320307e-05,22.5750676667901,3443,1160.16965666836,245577.405057708,53031288.3760196,6.26751682904351,0.0523178938304821
DE,OR,1718,102.644072869226,0.315139584970701,0.0993160133637166,0.315144432544376,-0.412718406960338,34.5589851869015,11.8573655420611,25.2934253580402,11.8571831512361,0.000219720746317287,22.7603946658915,3443,1030.93221968853,236196.391447593,50848259.2209503,6.32745966224118,0.0558701986089906
DE,OR,1718,102.644072869226,0.313987917060207,0.0985914569462203,0.313992765754596,-0.455054173017246,32.9165628712921,11.6188889394175,24.265814016666,11.6187095198647,0.000189991097193519,22.7515374164702,3500,1019.13951710745,237269.268797141,50477285.4557998,6.2050069450339,0.0582626356256073
DE,OR,1718,102.644072869226,0.320128731466076,0.102485468607873,0.320133516845508,-0.448614710380277,34.2380210750797,11.4868708886068,24.5587707819611,11.4866991820132,0.000372522616265158,22.405969248398,3443,1107.19515905761,238983.257009187,52471062.2610837,6.12775460786011,0.0541668553657689
DE,OR,1718,102.644072869226,0.31199984634005,0.0973467188090569,0.312004357035374,-0.396760062791645,33.9717481603061,11.7861513369991,24.9512332758563,11.7859809427834,0.000476856499043594,22.6381407156036,3500,1168.50696071389,231633.199692322,49840195.3308788,6.06304743019085,0.0592864318673836
DE,OR,1797,107.36402732596,0.74353210479492,0.552857068983497,0.743543589161723,0.0613942078812578,4.21758139149417,3.97627821417555,5.38018260540534,4.02747780278268,0.000445713665829481,8.00381822413406,2634,5988.65322715669,261059.618901455,283054176.772041,4.54228038141561,0.00333035041024094
DE,OR,1797,107.36402732596,0.743935370033229,0.553456590124961,0.743946631234366,0.0616726111069631,4.21232539576727,4.11978286731948,5.52548753758051,4.13614046742017,0.000734969358656484,8.25598594489587,2634,5138.81189521325,262069.102095004,283361471.873056,4.51888788145115,0.00333704433496349
DE,OR,1797,107.36402732596,0.762349781128827,0.581194997604766,0.762361461253627,0.0624353779242583,4.22300213219405,4.05128045039638,5.42319494754911,4.05121838080909,0.000594580591121722,8.08757434490382,2634,6155.82924540773,266151.824200371,297562901.478249,4.49069254377176,0.00315614424892743
DE,OR,1797,107.36402732596,0.777084336405878,0.603878771553486,0.77709637211448,0.0637158002464095,4.26518227515576,4.1694606715101,5.60788791988658,4.16939609468865,0.000406872816487377,8.08451368549852,2802,5804.33940331668,264775.037120731,309176438.479145,4.45407636317892,0.00296368221569597
DE,OR,1797,107.36402732596,0.782108156087202,0.611712185310384,0.782120313833098,0.0634937062371264,4.27190768382817,4.14267841841759,5.57501845804662,4.14261402214678,0.00031386864969653,8.03311252329411,2635,5632.70834632717,263499.899542448,313186952.358117,4.46654659899168,0.00293251407970847
DE,OR,1797,107.36402732596,0.782722010539169,0.612672889785983,0.782734239564096,0.0626193043070674,4.28330371160934,4.13005646814151,5.54645262009517,4.12999194232809,-4.49922380790399e-05,8.01743947663488,2635,5773.82143156237,263639.813827675,313678718.829712,4.49097389586838,0.00295859308628639
DE,OR,1797,107.36402732596,0.769426488203029,0.592035429978003,0.769438386082994,0.0619909401039375,4.25663306074784,4.20142294546404,5.63186380580144,4.20135797856507,-0.000438038389444112,8.0524019045308,2802,5168.87336481348,261379.405642779,303112864.047127,4.62445575673748,0.00307465287030178
DE,OR,1797,107.36402732596,0.754496994684713,0.569283296349583,0.754508645642701,0.0597790495480788,4.13977092484097,3.97053701937867,5.30116715164049,3.97047570721178,-0.000456882580558543,7.87602590298046,2634,6321.27792363884,257686.362871696,291464152.925503,4.46851005131628,0.00324191328357168
DE,OR,1797,107.36402732596,0.75535233835427,0.57057487091081,0.755364065143961,0.0582279786789739,4.09012348705592,3.88524345043924,5.23101428758459,3.91957375837709,-0.000338542711883707,7.80487805991166,2634,6427.05349969738,258049.969105045,292125321.993075,4.37438825765232,0.00325248291130568
DE,OR,1797,107.36402732596,0.766157598733186,0.587015642807931,0.766169460894867,0.0608288011389586,4.14013285690725,4.07343953161587,5.45761560659571,4.07337646489135,-0.000409301240909157,8.04090234236292,2634,6716.00001983437,264681.188474365,300542788.337299,4.41463135050939,0.00347032729310051
DE,OR,1797,107.36402732596,0.775014369883837,0.600665982337665,0.775026439766841,0.0628863962048754,4.19487592867424,4.10507942500508,5.51278696380401,4.10501549450434,-0.00024899944698108,8.16025690805323,2802,5553.35384934438,264031.084065871,307531435.673095,4.51315670862389,0.00343303573609329
DE,OR,1797,107.36402732596,0.787745964843998,0.620563093363137,0.787758270894782,0.063986486744042,4.24478287231049,4.0849516113459,5.4980419512686,4.08488779783376,-6.60418881472135e-05,8.09273641095778,2635,6031.69406667185,269881.627007199,317718379.18985,4.66166505644369,0.00334091052138022
DE,OR,1797,107.36402732596,0.793951371937476,0.630378386907263,0.793963718885985,0.0658709258977856,4.27394599616482,4.10059849776712,5.52264545704628,4.10053472926322,-0.000305644771113437,8.07705904112896,2635,6008.63631335423,268143.256083335,322743743.29351,4.44949165726028,0.00326204610557832
DE,OR,1797,107.36402732596,0.792106089965406,0.627451599387927,0.79211842510317,0.065180863611914,4.26681433048205,4.11015120867098,5.52050156821181,4.11008720399721,-0.00025736130188858,7.98445053321475,2635,6021.72250439867,260116.001513148,321245247.462391,4.53345535204809,0.00310644090690739
DE,OR,1797,107.36402732596,0.78048142464519,0.60917028989211,0.780493619379499,0.0634295410017377,4.26113011327077,4.00782722038485,5.36978886683786,4.00776460054159,-2.99271564016401e-05,7.96528314203331,2802,5325.06046518874,262733.388039838,311885442.585759,4.73594720992007,0.00326105823399516
DE,OR,1774,105.989863370202,0.844665972189213,0.713482674948553,0.844679036645608,0.0703164510175716,4.04239438997173,3.90139972014038,5.10756257344488,3.90133937808818,0.000475351854402703,7.68401446964789,2707,5474.21096891332,275227.884374293,365291945.231494,4.51100565544555,0.00294584338044443
DE,OR,1774,105.989863370202,0.844254056433092,0.712786915991901,0.844267088066271,0.0724668189521479,4.10261215231285,3.96083155410859,5.20001919106462,3.96077041693455,0.000520002840740276,7.71902446506697,2601,5951.605269462,275281.45559254,364935773.285258,4.42172345836562,0.00306825872251791
DE,OR,1774,105.989863370202,0.848306730271773,0.719646584696138,0.848319859897278,0.0739437627277931,4.09932383883874,4.0569386054038,5.32407734727711,4.0568758153088,0.000461393562730344,7.7971772439894,2601,5734.17867293591,276500.621797718,368447754.857348,4.42637417438747,0.00296381835554589
DE,OR,1774,105.989863370202,0.850346168772498,0.723111136365234,0.8503594159914,0.0724531070492884,4.06405481750636,4.04720859533168,5.31775650750246,4.04714554639356,0.000260007388827496,7.7883202630155,2707,5829.70865868309,277042.991264493,370221401.183969,4.44075758022911,0.00287160843701972
DE,OR,1774,105.989863370202,0.851541583698404,0.725145680881053,0.85155486075828,0.0699494697631189,4.03757915496072,3.97146190511041,5.22598805198536,3.971399983865,0.000220655978154875,7.77462223606699,2707,5795.77406185877,278260.335638441,371263035.340391,4.47100278137987,0.00285723781329293
DE,OR,1774,105.989863370202,0.857720283997805,0.73570706130399,0.857733677375437,0.0684583916826328,3.98514548554724,3.82553558129822,5.01444361068346,3.82547584615661,0.000122975402649829,7.63718836372329,2707,5697.45359014331,281587.638615191,376670259.30354,4.49142648721123,0.00290239518857422
DE,OR,1774,105.989863370202,0.855049861870063,0.731133085942434,0.855063205817227,0.069045574575644,3.95248712986904,3.98061161602524,5.19170723341155,3.98054949538817,-0.000168078893962348,7.80416864215277,2707,5705.33995326904,281598.158098039,374328470.68364,4.44759331618546,0.00284559155711319
DE,OR,1774,105.989863370202,0.84578096783632,0.715367650500935,0.845794094624061,0.0702548127854287,4.00972659915126,4.02423504651318,5.24771120982544,4.02417259008364,-0.000387675490022977,7.78413398979071,2707,5592.20393785181,288880.070967176,366256944.521504,4.43375434341314,0.00286446563606592
DE,OR,1774,105.989863370202,0.844739916313669,0.713607798943601,0.844753099398635,0.0712750207206067,4.07232434747926,4.1015725015772,5.36683877496633,4.10150849307718,-0.000165872661243352,7.8661051178283,2601,5569.29191550116,285568.040521503,365355803.308582,4.45738536166815,0.00285342063865177
DE,OR,1774,105.989863370202,0.847469660279621,0.718227165341271,0.847482840735593,0.0704941103048084,4.06822702178227,4.08836112267852,5.36428812080052,4.08829753854302,-0.000323035760962807,7.82428767066601,2601,5809.8444399525,290897.351114239,367720923.353662,4.44594378799742,0.002945956960666
DE,OR,1774,105.989863370202,0.856341698172452,0.733343592039969,0.856354828350941,0.0692337426181883,4.05306023610725,4.07891342161885,5.34783172029826,4.07885088111637,-0.000654962717631592,7.83509008699151,2601,5948.56164220091,288918.002082303,375460624.594793,4.4363357831181,0.00294324938096368
DE,OR,1774,105.989863370202,0.859042022732095,0.737975986492703,0.859055287215382,0.0721412084500485,4.0669285945358,4.06609170882996,5.32184298149229,4.06602892520437,-0.000521609551580563,7.83913695907921,2601,5848.93546523514,278698.246364847,377832176.029783,4.44145118185135,0.00280707655831072
DE,OR,1774,105.989863370202,0.849037938043597,0.720887692127323,0.849051053899188,0.0717035049106688,4.09472157080353,4.0224189886823,5.27226660427485,4.02235685170438,-0.000505816543303064,7.83992145636049,2707,5783.4265115966,279615.78444162,369083225.795177,4.45071736469792,0.00279589183949782
DE,OR,1774,105.989863370202,0.844448301576916,0.713115143492132,0.844461451750245,0.0683906238949142,4.10485328291939,4.12234536326793,5.41449034716502,4.12228116903392,-0.000274576474589704,7.99880289061297,2601,5608.22195693986,278999.753712056,365103620.718075,4.46276435161344,0.00285485721771322
DE,OR,1774,105.989863370202,0.848607770915718,0.720157637333494,0.848621021029702,0.0682727175637943,4.10164097853905,4.16690502062036,5.47780425831464,4.16683995981569,-0.000128262303113728,8.0243620075735,2601,6053.47451277394,280738.36543958,368709204.407781,4.47503114650983,0.00294462405622631
DE,OR,1751,104.615699414444,0.859942016277233,0.739523330781596,0.859955423717762,0.0710693687243967,3.97757520079276,3.99947801606423,5.2102801638207,3.99941566078142,-0.00022512539492438,7.75109709445444,2672,6636.05224864146,267138.464470618,378624164.869225,4.23331565389721,0.00272004057694292
DE,OR,1751,104.615699414444,0.859284986798946,0.738393610039341,0.859298324238643,0.070402506357173,3.97682075892435,4.00253611086943,5.21757504418232,4.00247398624692,-0.000391534211168045,7.75702376530096,2672,5731.23169183478,267662.297217012,378045870.999523,4.29274780510485,0.00267204343853593
DE,OR,1751,104.615699414444,0.846029043288914,0.7157874890019,0.846042250128148,0.0697280558713129,3.99718010563821,3.98682119443766,5.20012220655098,3.98675895959471,-0.000146442774710322,7.69809115727988,2672,5941.65070293868,282774.439729799,366471763.222825,4.31521968098914,0.00291246572430498
DE,OR,1751,104.615699414444,0.844533607014573,0.713259256919532,0.844546776039985,0.0661469384766572,3.95936146784229,4.06264636661616,5.28942764549959,4.06258301773513,-0.00021403105783486,7.81430029169997,2672,6381.55793397489,266135.384445609,365177374.241759,4.26307682588859,0.00275191232423741
DE,OR,1751,104.615699414444,0.85021346996039,0.722885203685985,0.85022656020968,0.0689461391967691,3.9949143386411,4.1409162652854,5.40037824716687,4.14085251095363,-0.000575307497379636,7.95107479684008,2672,6004.70187026064,274495.818971676,370105996.126573,4.3210637140747,0.00279643568146999
DE,OR,1751,104.615699414444,0.852775143176489,0.727247944781169,0.852788335275037,0.0746810771329237,4.06946635912438,4.14594133401311,5.42392818930566,4.14587719891136,-0.000475958808769965,7.94465443222294,2672,6367.99886083593,268794.437655911,372339543.672735,4.2506581659176,0.00275267141692078
DE,OR,1751,104.615699414444,0.857847482302884,0.735925025583863,0.857860726216012,0.073790732954374,4.01778813771435,4.12142692920562,5.38354228312685,4.12136330137124,-0.000524372561226193,7.86790866938426,2672,6095.31656732117,265245.981180151,376782119.839058,4.21042355340151,0.00268859043923017
DE,OR,1751,104.615699414444,0.858162495742977,0.736465714097323,0.858175806054519,0.0715032184660753,3.99016313136534,4.16337572009566,5.42654895762189,4.163311146115,-0.000411771850213453,8.02971790690975,2625,5675.72233129557,265407.877427471,377058835.659832,4.21810768375656,0.0027373306795044
DE,OR,1751,104.615699414444,0.85185596491262,0.725681247406457,0.851869266616924,0.0724705617798563,3.98874094930831,4.19419836901593,5.45950338992959,4.19413287776195,-0.000122840277042883,8.08916418142658,2672,6150.29128607686,279083.793199993,371537202.448118,4.28056813930668,0.00292316037570439
DE,OR,1751,104.615699414444,0.847224821675271,0.717812090901023,0.847237918710573,0.0712330763721404,3.94695761434249,4.26102417968912,5.52865181910614,4.26095831060693,-0.000489070050163185,8.24067321067794,2672,6677.07682535904,262581.442787615,367508550.42432,4.27099348517527,0.00267494910637542
DE,OR,1751,104.615699414444,0.850635146918732,0.72360249322621,0.850648278212688,0.068312107882372,3.91929047549426,4.25156051964665,5.50586206969234,4.25149488912416,-0.000522039419721605,8.21525453443416,2672,6146.71812195632,272879.750257592,370473177.644889,4.35119402432366,0.00266776667391633
DE,OR,1751,104.615699414444,0.855788624376236,0.732397055351557,0.855801995412232,0.0694692953810489,3.90506421790372,4.22595802777761,5.48205965638704,4.22589200148039,-4.08435378976777e-05,8.15144386711908,2672,5846.07003656423,265766.987057993,374975575.603929,4.39839046861871,0.00272536769626714
DE,OR,1751,104.615699414444,0.860396576970944,0.740305383236338,0.860410008796003,0.0688520379278276,3.85273609989444,4.12986501046928,5.34553869762006,4.12980053931742,0.000144810926555065,7.97196847187467,2672,6331.33639509831,260988.575685949,379024532.80418,4.37127335861068,0.0027960892803444
DE,OR,1751,104.615699414444,0.862044633155815,0.743144037347816,0.862058024350923,0.0679681174729731,3.82348620004583,4.16342687729176,5.37817460859384,4.16336220268743,0.000368043603946047,7.99818500861915,2672,5861.21938177964,268638.268756509,380477995.075711,4.3991944024589,0.00276747139450639
DE,OR,1751,104.615699414444,0.853471691157861,0.728436298479077,0.85348479686464,0.0668603504589159,3.83112913281209,4.20524761663382,5.43844673155324,4.20518304285067,0.000626708154936399,8.05473552248203,2672,5891.60115987119,273855.61436049,372948132.026313,4.40359952848889,0.00277906926740321
DE,OR,1725,103.062296681848,0.795028182270552,0.632088922866134,0.795040202043981,0.0790401007917323,4.03577477485459,4.28804500502152,5.63249237110663,4.28798017643891,0.000800323137887009,8.24673504309294,2634,5028.22389260388,267333.837325231,323620070.973533,4.54949626822218,0.00290525880770167
DE,OR,1725,103.062296681848,0.787869160114818,0.620756864253179,0.787881250096218,0.0775261249648908,3.99613152029267,4.24760725131419,5.56764042141169,4.24754207208489,0.000589795606444209,8.18215469919753,2634,5218.78188376902,266020.40866366,317817938.593907,4.55448979361619,0.0030335370334112
DE,OR,1725,103.062296681848,0.785213195875786,0.616578812896195,0.785225326193823,0.0779110349931774,4.01866270501604,4.20910050041011,5.51311912790936,4.20903547738294,0.000467085832012844,8.10285397739555,2634,5311.86755618022,266671.950407422,315678710.283197,4.57327297081664,0.00311673973975255
DE,OR,1725,103.062296681848,0.791617855391901,0.626678136529518,0.791630050294655,0.0809239631784811,4.07694898812718,4.26374618583847,5.58785228480557,4.26368050368039,0.000525487888895357,8.26601071207526,2633,4812.04024241372,269091.771792126,320849461.812496,4.5935127406664,0.00302756381403716
DE,OR,1725,103.062296681848,0.793427523982517,0.629546717893314,0.793439801051922,0.0817339834929666,4.10142823183092,4.45872689826345,5.84883275000545,4.4586579073967,0.000437326707536537,8.4629793969744,2633,4695.73837293952,269503.782773371,322318042.616727,4.59484919532351,0.00302431945536236
DE,OR,1725,103.062296681848,0.794489700737179,0.631233564647007,0.794502085992861,0.0809933831791602,4.06551786188941,4.452765894537,5.83866847536538,4.45269648169962,0.000214427935573719,8.45166498977402,2633,4746.84373227467,266648.567101131,323181532.42059,4.5960272613683,0.00296029108764002
DE,OR,1725,103.062296681848,0.790651681969957,0.625149599220951,0.790664024235927,0.0806559954436867,4.09975380599105,4.56154544789829,5.98206780853586,4.56147424217066,0.000137498903369692,8.62069413149211,2633,4688.56514877853,266758.160251574,320066611.761057,4.59716245300354,0.0029690221880485
DE,OR,1725,103.062296681848,0.797711516271854,0.636363535884914,0.797723972239091,0.079564133104087,4.11717991480455,4.52117527100371,5.93105781827564,4.52110467564365,0.000116911598447464,8.72179249625869,2633,5456.31472485773,269543.330733037,325807962.55268,4.61564532128887,0.00292950599440242
DE,OR,1725,103.062296681848,0.806677895045467,0.650749553756463,0.806690494400711,0.0806749803264322,4.10046546546079,4.3038484540331,5.64315304542949,4.3037812340572,9.23150995957359e-05,8.45777501705978,2633,4558.12460755729,273079.721232724,333173368.250395,4.63387782268081,0.00282283750903872
DE,OR,1725,103.062296681848,0.798209162506425,0.637157765143411,0.798221626582124,0.0799116048604185,4.04027359055705,4.20733128412714,5.50446433324764,4.20726558746613,-0.000114655822985163,8.17640065196013,2633,6039.70931660125,270983.970677966,326214594.58011,4.60338963319887,0.00290607779206242
DE,OR,1725,103.062296681848,0.796126753937893,0.633837579476741,0.796139170922233,0.0793031420072035,4.03359292012539,4.28672506726904,5.61739660233124,4.28665820936281,-0.000190481764892726,8.33684566003723,2633,5135.79786823838,272406.176136087,324514736.004179,4.63186494100915,0.00307961525738992
DE,OR,1725,103.062296681848,0.799718398500585,0.639569439775392,0.799730854585086,0.0816411983729412,4.11636455809108,4.31673823394178,5.67615424545435,4.31667099925164,-0.000252329036497083,8.34866918191433,2633,5148.45616784595,270399.843471213,327449385.239469,4.61518421966572,0.00303623700071218
DE,OR,1725,103.062296681848,0.803380841158691,0.645440837172535,0.80339332656709,0.0804099766439869,4.11263394916154,4.29705914098624,5.64646515143946,4.29699236107095,-0.000329840069753623,8.18694928452332,2633,5129.36368197945,270352.049629157,330455492.906996,4.61050552925872,0.00283149826922959
DE,OR,1725,103.062296681848,0.806755698519153,0.650875022130033,0.806768258008477,0.0780380399048391,4.10091548791031,4.28565118984926,5.61400060504544,4.28558447231318,-0.000273509661993477,8.30792860239194,2633,5235.81671267641,272124.744582559,333237673.841451,4.62909982966185,0.00275815086273647
DE,OR,1725,103.062296681848,0.804516280363149,0.647266444803886,0.804528709744957,0.0798082429350813,4.15173884671192,4.49631944574653,5.89620551918865,4.49624998089034,-0.000477118299722534,8.74849655254394,2633,4765.26788667193,272320.674881917,331390296.563584,4.65027948975125,0.00288189562417387
DE,OR,1796,107.304281067014,0.316694412065627,0.100297664787106,0.316698065651033,0.0511206933842159,6.67777952508391,6.70077270393974,9.48301127454293,6.70069540051414,0.000905620512180108,13.2921943896947,478,1841.88087176782,258694.284122542,51351639.4367212,5.90907084421468,0.397267676977915
DE,OR,1796,107.304281067014,0.317706163743992,0.100940358974985,0.317711125041263,0.0758453829063447,6.61914092791475,7.04639781239409,9.94580936416097,7.04628777761254,-4.34989270705084e-05,13.616828775543,478,1814.92455799309,258620.616442217,51679850.6838348,5.88446294888754,0.398424516485529
DE,OR,1796,107.304281067014,0.316687490786203,0.100294097642781,0.31669243382623,0.0745439466306561,6.46437201753893,7.06906361104465,9.93568489653601,7.06895327476677,-5.80364679107592e-05,12.4297286805769,478,1827.45495755756,259796.059069797,51348976.6819704,5.89570755169889,0.404290220736724
DE,OR,1796,107.304281067014,0.315187478397751,0.0993457939344854,0.315191678085709,0.094236414164148,6.75095802931937,7.31580396667063,10.3084571873771,7.31570648918006,0.00067613630828988,12.7019810395842,478,1808.2452412058,259584.068142781,50863925.085653,5.9536153322829,0.399983936922517
DE,OR,1796,107.304281067014,0.314789786411585,0.0990939823331852,0.31479196675453,0.115609449443039,6.90893646896058,7.32504644128542,10.3465594284344,7.32499570583147,0.0013130052604173,13.0652504038303,478,1867.86150755563,258944.356254096,50736298.7451545,5.8981119769946,0.403469994439308
DE,OR,1796,107.304281067014,0.318661904346957,0.101546637272518,0.318663831133246,0.192637142186802,7.80156065636701,8.84895336014417,12.6212711893809,8.84889985535215,0.00139475514908011,14.5194070751293,478,1839.49902062583,263213.893504743,51992245.5552759,5.94510051729536,0.393619311132367
DE,OR,1796,107.304281067014,0.319898646186946,0.102336514769916,0.319900788948568,0.193775374616198,8.03706897968266,8.8147429282119,12.6294582069116,8.81468388524137,0.00135169464422645,15.1340602150183,478,1841.26751814171,262959.272000644,52396529.1059699,6.05121595834293,0.380657336547522
DE,OR,1796,107.304281067014,0.318986427023743,0.10175395046785,0.318988950385197,0.103415454966681,7.33045479235204,7.7046889046636,10.9688418376969,7.70462795673743,0.00125298382918418,14.0420778140815,478,1827.979361969,259192.346197821,52098002.1373583,5.89903455497564,0.386439920226822
DE,OR,1796,107.304281067014,0.317454574646927,0.10078001075887,0.317458675671134,0.073080757265713,7.13829966521214,7.17520170085729,10.2222161708389,7.17510900949897,0.000738634366613456,13.354340250878,478,1811.80605444558,258033.020771815,51598311.7018694,5.83457166651854,0.396494722001954
DE,OR,1796,107.304281067014,0.314434557088971,0.0988721493149631,0.314439420739454,0.0337555530967877,6.94081464223236,7.50482491076894,10.6433438160031,7.50470882848761,0.00017644103888856,13.7120412253213,645,1795.37668551523,260218.321727756,50620989.9495839,5.87555856219328,0.397772210235893
DE,OR,1796,107.304281067014,0.313270313799799,0.098141221097061,0.31327499277322,0.0757657669461762,6.71333529347784,7.53271597370686,10.6205921952994,7.53260346751057,-0.000367864543881192,13.0761422115746,478,1772.12461217722,256976.736800607,50246873.4716748,5.82953110492195,0.397047204110447
DE,OR,1796,107.304281067014,0.311657002788518,0.0971317483668154,0.311659667533057,0.077507651190217,6.65007756611252,7.22975987178005,10.1700814352705,7.22969805607163,-0.00117234271594639,12.9822566178021,645,1830.84026016422,256656.64582477,49731308.2904406,5.86280059049472,0.409758674346651
DE,OR,1796,107.304281067014,0.31079494829051,0.0965935644171449,0.310795052111749,0.0539911805145655,6.72355084182121,7.24981311605337,10.2252023843273,7.24981069424976,-0.00171872471446198,13.0182656094966,645,1884.58551906595,257434.300562207,49457384.3828835,5.90559910751124,0.416131973491421
DE,OR,1796,107.304281067014,0.311720044990647,0.0971699934785544,0.311721018666619,0.0415942104369533,6.74687759467624,7.27959764123546,10.2450502752882,7.2795749030533,-0.00155869583723707,13.4932590358413,478,1828.41032253389,254803.89601764,49751969.7778873,5.7731004137783,0.410240738122307
DE,OR,1796,107.304281067014,0.317381653909003,0.100733177048866,0.317384903624709,0.0789200243215588,7.20056984186877,8.06471049148793,11.4601858137012,8.06462791662046,-0.00104168178003901,14.4699322793709,478,1770.92374005734,263882.196699844,51574886.0608638,5.99704910813288,0.387242584263872
DE,OR,1771,105.810624593364,0.289080469582394,0.0835696443229921,0.289084147477844,0.164460098181607,7.00568566232058,8.37230342872196,11.9243175198538,8.37219691144331,-0.00069650726535377,14.1773955328459,471,1358.33270452026,240625.665976382,42786817.5296095,6.05799942718468,0.370911288917279
DE,OR,1771,105.810624593364,0.285692008785016,0.0816220596714902,0.285695746680783,0.156708010503055,7.00768834656367,8.47160344790216,12.0049790660065,8.4714926098129,-0.00064412847478919,14.345547064897,471,1303.40476518678,239283.513907586,41789613.4578908,6.14551560856658,0.374167253260257
DE,OR,1771,105.810624593364,0.281682896993029,0.0793476560169407,0.281687159836832,0.139632629608939,6.79490479836247,7.44213586522102,10.4781755261982,7.4420232414764,-0.000279384493502456,13.2810522286228,636,1403.55029006729,236042.86752251,40624810.1928913,6.10894466667506,0.388931624440241
DE,OR,1771,105.810624593364,0.282161362879208,0.0796174465253466,0.282165636684105,0.141258699072645,6.9497108062156,7.42951610716667,10.5244464115792,7.42940357644644,-0.000276082794813014,13.4378643406329,471,1287.17058014448,232029.599634995,40762936.7901257,6.04462046919636,0.390852192915693
DE,OR,1771,105.810624593364,0.283277790049173,0.0802486253450534,0.283281883192437,0.0873566037040579,7.13935335014376,7.72823310830832,11.0073689396805,7.7281214429772,-0.000434464764822595,14.5639236602237,471,1370.19175025916,238329.728224808,41086205.4855075,6.1526822410812,0.387639692691382
DE,OR,1771,105.810624593364,0.286605272220614,0.0821451435701439,0.28660974088496,0.133151257355775,7.3513755352831,8.41771712307007,12.0039151416552,8.41758587856922,-7.43656174173861e-05,15.1740454278615,636,1499.65016084789,242569.649058642,42057004.8388857,6.17282649158775,0.374990458382614
DE,OR,1771,105.810624593364,0.286397223785121,0.0820259172761589,0.286401671217468,0.115506511520174,7.3718536761223,8.42383203177878,12.0636117401245,8.42370122100905,0.000125799765828094,14.5352406775855,471,1489.24592563649,241715.881101109,41995973.427837,6.20694117719348,0.363733282795699
DE,OR,1771,105.810624593364,0.286545254472671,0.0821107446440407,0.286549724557607,0.162775367834086,7.42982423151325,7.66798707362408,11.0134794694245,7.66786745545461,6.46338693720767e-05,13.7762385356715,471,1430.239206242,240785.121068418,42039391.7592076,6.24851204910861,0.367263096150501
DE,OR,1771,105.810624593364,0.286774476368812,0.0822421342955374,0.286778894438795,0.271391458028479,7.30107104006378,7.66185796981102,10.9707795881901,7.66173993244715,0.000189915153058952,13.0927861330684,636,1516.2248325283,238422.841889518,42106693.7894459,6.15537614660013,0.3780368360309
DE,OR,1771,105.810624593364,0.281585776913908,0.079293007929099,0.281590141747006,0.230501131325012,7.17712069938154,6.83708795299493,9.74418370738729,6.83698197361792,0.000140490596334034,12.3680902546166,471,1436.01156250675,230374.587371714,40596771.5825528,6.0897871403386,0.376969226034133
DE,OR,1771,105.810624593364,0.281561112702139,0.0792790518472271,0.281565359814071,0.139509184973437,7.1067257649816,6.83768686874552,9.72924706822181,6.83758372956141,0.000292932091100292,12.8039780038271,471,1415.07262395543,234186.630637593,40589693.9266341,6.19010395160107,0.382027046190061
DE,OR,1771,105.810624593364,0.28519179699424,0.081336712374956,0.285195919281739,0.121389120608183,6.9277984774531,6.61039236896145,9.39721640498888,6.61029682082777,0.000436428813936086,12.5007285862139,636,1668.35018440184,234693.444207276,41643290.3887181,5.95651560772261,0.394142493965804
DE,OR,1771,105.810624593364,0.284452126060928,0.0809154506923987,0.284456412640669,0.128813214561289,6.64011447989386,6.3481583469682,8.98065729488663,6.34806268420317,0.000299893343859482,11.8744078083915,636,1657.01627156232,228715.134827879,41427508.1869319,5.95693309834247,0.39607338394032
DE,OR,1771,105.810624593364,0.279398810414522,0.0780661031452454,0.279403119426476,0.115701765749815,6.73003755331465,7.16206361008151,10.1290791469986,7.16195315527422,0.000177993054978462,12.7979846351878,636,1531.94814974851,227042.377583568,39968628.1940246,5.96646374967109,0.381039414644685
DE,OR,1771,105.810624593364,0.280443009741049,0.0786507020182845,0.280447324854926,0.127948450652839,7.20592758119325,7.91929935535157,11.2852030226377,7.91917750473821,0.000193723440774464,14.104257699797,471,1522.29461391015,233713.345638433,40267939.4454744,6.08938886449709,0.372230649308679
DE,OR,1747,104.37671437866,0.281066834889399,0.0790010084014157,0.281071180310995,0.185813678609811,6.9976246039369,7.27672016537727,10.326677618297,7.27660766570044,0.00016141512126492,12.8040718216221,628,1606.84888793814,234801.667067905,40447278.9652329,6.02748435286598,0.381054958170654
DE,OR,1747,104.37671437866,0.27818037335174,0.0773866518957663,0.278184564445561,0.18348570889824,6.93159818735987,7.35222503520183,10.3975591951107,7.35211426749991,0.000294202683445999,12.8193399675894,465,1564.3525327251,232768.977470341,39620816.2108307,5.95997235445372,0.394641383296456
DE,OR,1747,104.37671437866,0.273635577267676,0.0748786494685093,0.273639634315845,0.133621770843687,6.87062220198759,6.56893125617255,9.31340277688102,6.56883386359055,0.000345884230491115,12.2472108144885,465,1532.50879252713,224313.457613342,38336792.9750159,5.94867091046334,0.386456609436959
DE,OR,1747,104.37671437866,0.278726821026314,0.0776908341362133,0.278730755633843,0.116878699953188,6.48656515025082,6.20680532500345,8.76097392956629,6.20671770875561,0.000484212544596351,11.7813650286796,465,1522.26183170877,225207.03561357,39776704.109246,6.01026907690133,0.375518359894048
DE,OR,1747,104.37671437866,0.279812000736226,0.0782971834597624,0.279816338800582,0.116931245347366,6.32469648725554,5.95098518310484,8.35510588701828,5.9508929234576,0.000138142066935884,11.1780957959985,465,1489.37261367021,224080.963554404,40086924.7171287,5.9507128915828,0.380839067394832
DE,OR,1747,104.37671437866,0.279939466763863,0.0783685383703022,0.27994381288091,0.070078189561713,6.61175587650279,6.43317989170686,9.08227599950027,6.43308001683372,-0.000125293884665315,12.2462441381885,465,1541.34058285781,230729.696914276,40123453.7989822,5.96777196744126,0.382791861587656
DE,OR,1747,104.37671437866,0.280027333370395,0.0784177162034473,0.28003163429057,0.100865078365068,6.85204008814191,6.43116129702364,9.13765542003743,6.43106252278537,-0.000204413106821519,12.2424015278895,628,1604.90378743749,234004.363472142,40148658.7944339,5.98129252860139,0.384750057209533
DE,OR,1747,104.37671437866,0.281632244895292,0.079319081513689,0.281636434989667,0.147726667279737,6.69649377466564,6.38144456897329,9.02347813119541,6.38134962793701,-0.00034434339001653,12.2902079008638,628,1604.54571120235,233623.663903762,40610222.0417348,5.99210881210201,0.403808715931747
DE,OR,1747,104.37671437866,0.282832629887331,0.0799967360665201,0.282836942542024,0.177743021784375,6.87830353384568,7.43292194873159,10.5146797233673,7.43280861266793,-0.000245683669928198,13.3166075842194,628,1558.95667376581,237407.393747815,40957110.7138035,6.03731954214274,0.391565841590662
DE,OR,1747,104.37671437866,0.285149818361904,0.0813129259770584,0.285154214377165,0.25955261240307,7.58592971019272,8.55186334919429,12.191418789945,8.55173151133287,-0.000184292444299742,14.2795546305364,465,1524.08647691374,240217.292681519,41630951.8611395,6.108886945684,0.371389993237554
DE,OR,1747,104.37671437866,0.283228778355234,0.0802210475041895,0.283233203392875,0.216954846377242,7.42531734623175,8.60986759481078,12.256943934357,8.60973308025623,-1.70921878367168e-05,14.4258408058732,465,1542.29976977181,239242.552755094,41071893.0837064,6.12301935398472,0.37206195190205
DE,OR,1747,104.37671437866,0.281151135290186,0.0790483650875924,0.28115541091644,0.16981730554393,6.72076419741229,7.03125446702277,9.94180622437963,7.03114754033728,0.000256999567113425,12.8902063998178,465,1521.89921352662,232881.892078243,40471565.7848361,6.08082947545986,0.38068064745665
DE,OR,1747,104.37671437866,0.277944654858322,0.0772556405204447,0.277948989061743,0.159095324475435,6.6491119465531,7.11236982386047,10.0539501828934,7.1122589169717,6.98758444349817e-05,12.727311157003,465,1617.74185271508,233364.64249373,39553656.7684413,6.0282048746205,0.387589524487328
DE,OR,1747,104.37671437866,0.275427054229903,0.0758624303035429,0.27543135315999,0.183437681684322,7.06462733986541,7.60761521540264,10.806516641657,7.60749647581268,5.09820148174949e-05,13.6198071332004,465,1580.12993436892,234775.301238581,38840353.1533358,6.06540535153068,0.375452060713736
DE,OR,1747,104.37671437866,0.278451360868029,0.0775375832623001,0.278455711491612,0.196720296268411,6.83760719292977,7.52498763863473,10.6449913252862,7.52487006737534,1.25073854233697e-05,13.471880137999,465,1451.44729120769,232492.889744092,39698002.1148734,5.98728894235091,0.382297666403259
DE,OR,1719,102.703819128172,0.274354078372843,0.0752725039173009,0.274358349457969,0.164314030918045,6.12347424534944,6.49107953794896,9.02544253652096,6.4909784877957,9.31034860702351e-05,11.7536565517411,618,1596.45232809118,225846.859689168,38538326.4806594,5.94146406879206,0.402869901813577
DE,OR,1719,102.703819128172,0.275368940079533,0.07583038030604,0.275373165551838,0.155894891831736,6.44995589105943,6.30960927886424,8.82020851148722,6.3095124608638,0.00020628589369289,12.0714971147991,618,1698.83885633398,233232.286622356,38823984.9973559,5.97602953898343,0.392122645115951
DE,OR,1719,102.703819128172,0.288650917018655,0.0833219240222932,0.28865537241197,0.170543845578765,6.79047848717819,7.68996500645108,10.794094773665,7.68984631190403,0.000177998715989633,13.1867254623896,618,1624.59143081641,245984.16312459,42659524.3879368,6.07460550536911,0.391369082060545
DE,OR,1719,102.703819128172,0.286287617094262,0.0819631610502362,0.286292090443023,0.164982125025202,6.86282438252347,7.75344555060731,10.9081671775042,7.75332440207681,2.39356918633932e-07,13.6664636049148,618,1585.93440694647,242738.812641938,41963827.0415148,6.12910630105957,0.380708758996999
DE,OR,1719,102.703819128172,0.282474672878694,0.0797944205295691,0.282479062108272,0.157000316651085,7.018350640899,7.63527621878352,10.8305476547577,7.63515757997195,-0.000117745478063967,13.7406410371041,618,1687.76665418871,239480.153700441,40853480.7614849,6.02131685768274,0.377572332054158
DE,OR,1719,102.703819128172,0.285665586166006,0.0816073353738385,0.285669976325547,0.184744015438779,6.67625381976456,7.54998941659705,10.641656566393,7.54987338879989,-0.000204877914474581,13.5871566967257,618,1788.69192223659,240971.1938382,41781692.9747654,5.87258913128183,0.390781691048597
DE,OR,1719,102.703819128172,0.277705381099104,0.0771226882217952,0.277709719350611,0.192191227005601,6.09842904964749,6.05363688299151,8.44217318215196,6.053542315904,2.35289257740417e-05,11.6828881263751,618,1780.30372728323,232598.378686302,39485582.9242884,5.80524041917695,0.409925034677945
DE,OR,1719,102.703819128172,0.272450587342378,0.0742316419802071,0.272454843928691,0.148526676051328,5.89019903338896,5.98896491587716,8.33007438234155,5.98887134974443,1.73727110780502e-05,11.2556236579422,618,1684.83110107983,221700.164879356,38005413.2865287,5.73331841071817,0.414835109602757
DE,OR,1719,102.703819128172,0.275649661418734,0.0759850861529528,0.275653924610104,0.0857266449385123,5.845334630563,5.43816964491681,7.64527430323111,5.50755774560654,-0.000155631784040127,10.9458125702857,618,1677.51889007407,225267.183372675,38903173.1496055,5.80371003845288,0.402863005672067
DE,OR,1719,102.703819128172,0.280672346938136,0.0787794271077254,0.280676730613219,0.155597718247856,6.10808312916202,5.97385866958862,8.32114992725175,5.97376536846123,3.29413568744339e-05,11.3829412676967,618,1864.90424975399,232469.876578267,40333807.3185788,5.85480809252661,0.406681161088261
DE,OR,1719,102.703819128172,0.280086234291712,0.0784507445099045,0.280090600538298,0.145175435601003,6.18121559852661,5.9863596556619,8.35385062435338,5.98626633613471,7.56014101264987e-05,11.4046199001177,618,1856.33808808359,231746.827379769,40165531.8267088,5.83519512173196,0.401871805532563
DE,OR,1719,102.703819128172,0.277046346386502,0.0767570564741113,0.277050638826391,0.105983312328021,6.1659076407534,6.22455767984016,8.7173718033024,6.22446124064843,0.000142232250784357,11.702269723604,618,1856.01696093256,228451.311073794,39298405.5170265,5.82344088795363,0.401361453341173
DE,OR,1719,102.703819128172,0.278497694777799,0.0775633843944738,0.278502036607408,0.116165357698288,5.85628418146693,6.19211934392366,8.61255305097365,6.19202280916422,7.3877171484201e-05,11.2716207891394,618,1869.40563444586,228568.127970371,39711217.3846301,5.76709766218577,0.412093360273482
DE,OR,1719,102.703819128172,0.274384016967131,0.0752889391022937,0.274388299864068,0.150863468221971,6.31272987533327,7.82265096829847,10.9399527530089,7.8225288653958,-4.94375568911857e-05,13.1071319288302,618,1760.34202988208,232266.314175494,38546734.6711435,5.85952007212267,0.402991228644484
DE,OR,1719,102.703819128172,0.279287102393149,0.0780037174816889,0.279291456155911,0.21355255614478,7.07412232259685,8.18015161861019,11.60318488385,8.1800241014996,7.54827369647299e-05,13.7251641735665,618,1723.20577089255,237715.600342427,39936661.1255306,5.93129211868782,0.396863809652857
FE,B,1798,119.497400851177,0.0901136070418414,0.00812069550471217,0.0901149016795345,0.0302668181118517,3.3291889373824,5.24526738938212,6.65993401776626,5.2451920331342,-0.000142972423124614,9.64694918497426,1078,373.383092716405,82351.4161941927,4157687.09466911,6.44254732689611,0.175871848611524
FE,B,1798,119.497400851177,0.0866618357973141,0.00751048911274599,0.0866630781402668,0.00306620628700611,3.32541975930949,5.02466129748162,6.37171018056413,5.02458926735429,-0.000139189796410439,9.86879995059998,1438,331.976099567541,80197.8341182986,3845270.09390155,6.45489860087438,0.190839707217787
FE,B,1798,119.497400851177,0.0829409190834344,0.00687936177145486,0.0829419180598982,-0.00581898809991084,3.40491672093302,5.25007893704956,6.67343607943338,5.25001570357952,-0.000221961720348799,10.3115365767179,1438,305.798709751084,77114.5638077108,3522173.59692442,6.54577341557907,0.175406101767848
FE,B,1798,119.497400851177,0.0816322817435913,0.0066639010417379,0.0816327204112291,0.0522373921834174,3.20433621731094,3.96523435944004,5.441742743921,4.29946193095644,-0.000369632026087401,8.26471939442799,360,338.254440863983,74959.6062178748,3411950.60747033,6.46831491727756,0.194198368317331
FE,B,1798,119.497400851177,0.0814262700853411,0.00663025283020529,0.0814263644663403,0.0441439092760876,3.17684860053422,3.96094888202652,5.4527243812163,4.31035790470021,-0.000437978545777082,8.2713117828525,3498,273.419996568729,74110.942434778,3394779.79357771,6.40409679705968,0.182392736668308
FE,B,1798,119.497400851177,0.0871636396175463,0.00759761401623731,0.0871642932411966,0.043023775775857,3.70320627456508,6.77188906286737,8.64850056487295,6.77183828213269,-0.000351398033826013,12.3749968814419,1438,292.084652108613,78715.2698776673,3889983.25694449,6.51240587285951,0.155749100943397
FE,B,1798,119.497400851177,0.0919045753076074,0.00844665742801924,0.0919056985611841,0.0350081004058992,4.11561019256958,6.4225583528366,8.25809331408945,6.42247985757728,-0.000239775930998123,12.4523653112937,360,321.888113910058,84471.4865682479,4324612.3286371,6.45493743908489,0.176162150355342
FE,B,1798,119.497400851177,0.0862593487020073,0.00744085357187027,0.0862603824004407,0.0164637098999632,3.85729013793441,6.27505828296991,8.19669650501898,6.42434953663069,-0.000232794541067444,12.6994848065029,1437,282.425525440338,79756.1529135278,3809653.46613482,6.46214438450062,0.190758789622812
FE,B,1798,119.497400851177,0.0823497494198872,0.00678164320409648,0.082350732869213,0.0392038877133904,3.46069296460181,5.13022658973128,7.3509900308863,5.78771651713756,-0.000223498930387623,10.9180122257908,1438,302.39041192065,76150.9112398533,3472143.96451785,6.43249094003874,0.198322413495417
FE,B,1798,119.497400851177,0.0867181821220836,0.00752024907390406,0.0867193696581338,-0.0473515705982908,6.07218408804732,6.9594478126116,12.4466834340577,9.44129790001142,-0.000170424289271585,16.4008750036361,1438,311.510544920385,82758.9891447093,3850276.9417356,6.683820529771,0.18053987849519
FE,B,1798,119.497400851177,0.0885081221463209,0.00783390337435998,0.0885093406051586,-0.0381262043083209,5.74347723776758,6.81870373303673,12.1557886603725,9.25036156687777,-0.000170648728502794,16.0691926462476,1438,299.766697172748,82898.8088583386,4010863.00405798,6.69685856177324,0.153556040227918
FE,B,1798,119.497400851177,0.0838063617992438,0.00702370349936059,0.0838075384399315,0.0481653796617991,3.51789956821095,5.32292567950902,7.02227366190108,5.51061719208061,-0.000149229352098956,10.8336202406134,360,321.337374390399,76941.3466564724,3596046.60906939,6.42358336992671,0.183255533703529
FE,B,1798,119.497400851177,0.0815775840168679,0.00665511012369664,0.0815788583132703,0.0392527026025633,3.35454150339408,5.11725361271007,6.49764881958757,5.11717367903603,7.90720354756633e-06,9.69580966768735,360,292.778693036639,74826.0568993317,3407309.9600955,6.48564165637627,0.187638216576613
FE,B,1798,119.497400851177,0.0810640946491329,0.00657151769656051,0.0810648980543398,0.0340867752459846,3.22536899923134,4.69663861289248,5.94191965822881,4.69659206618722,0.000274052278047016,9.3041969020153,1438,289.228161580112,74077.5626058758,3364588.8235179,6.44083231247119,0.176283777297712
FE,B,1798,119.497400851177,0.0793972834328251,0.00630381513035724,0.079396568756825,0.0364450771593586,3.29515626948241,6.16286903647465,7.77987519301574,6.16292451059225,0.000557207661437076,12.2505804525575,360,332.038138304428,73753.127722264,3227770.41588369,6.37150698451204,0.222050829120493
FE,B,1777,118.101713744461,0.0820923706475808,0.0067370112054094,0.0820792982755664,-0.0406444413369784,3.13622252782195,3.86649826188363,5.47401987592846,4.34235976767251,0.00153513671396329,8.20816655309059,1096,498.972607802685,75747.5768773757,3451655.14678473,6.1907003854653,0.224621629921334
FE,B,1777,118.101713744461,0.0783347424936543,0.00612059006930454,0.0782342001256774,0.0689423982064498,3.53149808535911,5.4239257381985,6.99277170421568,5.43089627456973,-0.003991626320485,10.6235699198517,1096,365.26716960109,79556.4589991224,3149959.65664981,6.79294702189829,0.281806914014562
FE,B,1777,118.101713744461,0.0768051789465655,0.00583137775495092,0.0763634582437891,0.156613888958325,3.44226877729202,5.53194240068213,7.03897856232213,5.56394165190968,-0.00823650342182973,10.8351367114695,1095,334.041313758078,77167.806928386,3055040.25592189,6.80579184351407,0.330224657320329
FE,B,1777,118.101713744461,0.0794009164237596,0.00629535719315585,0.0793432870075084,0.070937674976208,3.10148234944309,4.68332943756725,5.86056008930648,4.68673108062715,-0.00305697001772426,9.18954234617067,1096,512.246885234526,73522.1411902547,3232691.50080671,6.28035544121775,0.272602230692214
FE,B,1777,118.101713744461,0.0806067954794919,0.00649718139398971,0.0806050953351568,-0.0202878627745168,3.12789109709253,4.61326674810958,6.44563731900973,5.11560339915113,0.000690739025606375,9.72876224985469,1096,493.428324309142,73968.6127620158,3326941.48175949,6.05332032842636,0.236537930177114
FE,B,1777,118.101713744461,0.0975203605344756,0.00951007693870271,0.0975196233519321,-0.0315173878680027,6.84597813083843,7.11466740882724,11.8613034504176,8.85174747247904,0.000664055702282335,15.9663479685746,1096,460.853579646694,88525.0721809702,4869458.78142708,6.35941664641418,0.160522572451109
FE,B,1777,118.101713744461,0.0967148753486441,0.00935369539933723,0.0967145045964525,-0.0300712827067123,7.01955914565108,7.17392157401403,12.0071275294957,8.9254355706459,0.000603338501788753,16.0993229293979,1096,469.095841137427,88423.8652092917,4789315.13904023,6.40367409175972,0.167158696903081
FE,B,1777,118.101713744461,0.0831980495114908,0.00692179102584982,0.0831973017942879,-0.0360992427644276,4.17064118408292,7.18375030805541,10.1539482199415,7.98656750311066,0.000583714516015807,15.1702460343161,1096,537.776186690387,77393.8173466823,3544195.15365725,6.06231147746648,0.233577873893025
FE,B,1777,118.101713744461,0.0847011728415434,0.00717399922947839,0.0846994641628765,-0.0266954190646625,4.02292114299748,7.05626609121331,9.9468428891235,7.84492409041688,0.000716685935773796,14.9010319257999,1096,571.854072723857,77771.0292820267,3673498.78748933,5.98013538974627,0.221802281240875
FE,B,1777,118.101713744461,0.0824322886662635,0.00679471455511478,0.0824300585655183,-0.00980540550583199,3.00630588905081,4.56206230989321,5.72308180287228,4.56218573402676,0.000761573682099816,8.78661317730086,1096,550.783969605487,74939.3536557218,3479379.05066793,5.93124300237231,0.232720354817545
FE,B,1777,118.101713744461,0.0819868132431629,0.00672132361963904,0.0819836789833137,-0.00358950028971226,2.93836984422173,4.58685027953515,5.73366121964237,4.587025636153,0.000850862793491376,8.60304499128922,1096,494.780389177342,74378.8816167657,3441951.4946598,6.00662147862972,0.237679526622683
FE,B,1777,118.101713744461,0.0795520881387899,0.00632792361544466,0.0795482470922185,-0.0160150860168252,2.96532709291719,4.37396706795648,5.47700031856164,4.3741782682258,0.000899366115724999,8.51307910743297,1096,450.571756305276,72314.5397440389,3240623.91608389,5.94249387960082,0.248867888294735
FE,B,1777,118.101713744461,0.0792958271588921,0.00628718162791962,0.0792917500621573,-0.00212689696445623,3.00842523668477,4.38810245347468,5.50365466367356,4.38832808499588,0.000918178261094226,8.74302082708005,1096,451.307752639106,71653.2611130214,3219799.68293061,6.00030365974778,0.252281838738901
FE,B,1777,118.101713744461,0.0804524293471047,0.00647198005515462,0.0804486174844205,0.00201844642571931,2.99062945584514,3.86609901775256,6.15307515541202,4.91455483484287,0.000903095827134728,8.78042099936358,1096,490.376882674542,73141.8368240291,3314385.39216485,6.09102671394215,0.245450322703126
FE,B,1777,118.101713744461,0.0817823369201002,0.00668785804401967,0.0817793252846932,-0.00441940960704806,3.11076407333094,4.41708352265555,6.08184414985476,4.8345855219288,0.000837605907920967,9.25149101092226,1096,563.585672491397,75444.7653963166,3424794.73392643,5.95659816376207,0.238939980950951
FE,B,1755,116.639565346949,0.080988294910817,0.00655925884799101,0.0809892514349343,-0.0765143939966924,3.01467241962226,4.24715392198174,5.32292409704286,4.24710376094081,-0.000223699372887264,8.25464698588422,1085,625.15034145506,73015.0842292118,3358286.82344308,5.91817960392102,0.22893481761142
FE,B,1755,116.639565346949,0.0818901206777833,0.00670617139690007,0.0818912168483291,-0.0601707657982739,2.99029771056281,4.20038157860975,5.26791425850174,4.20032535359875,-0.000173307755205363,8.08068423945167,1085,697.944084460712,73234.9136183071,3433483.21258763,5.83988196334254,0.227127671616821
FE,B,1755,116.639565346949,0.0817978757295706,0.00669106162676895,0.0817989096918104,-0.0652187595918322,3.03667465157526,3.48680913314076,4.88651848695018,3.88462944506071,-0.000199856891680622,7.37148768167911,1085,671.529271957534,74249.1903377969,3425757.39286332,5.86111449048143,0.231854302412219
FE,B,1755,116.639565346949,0.0819221741399216,0.00671140630201413,0.0819231731686104,-0.0818015651630776,3.0113011246004,3.6400996944896,4.65719117459221,3.7109545413657,-0.000214581556556567,7.35109949039217,1085,682.128700597442,74188.4764115577,3436179.7937996,5.83923702491891,0.234038626301299
FE,B,1755,116.639565346949,0.0850354565947226,0.00723123810798141,0.0850366868356324,-0.00653304391003629,3.35254117156801,6.25787907936135,7.91633816729263,6.25778854550897,-0.000129408200617386,11.2664748390108,1085,650.946327121951,78047.3306305023,3702295.35655253,5.99051527533375,0.211719215134607
FE,B,1755,116.639565346949,0.0983716355090335,0.00967727718735652,0.0983731527773535,0.00439536585637508,3.69155690513276,5.4095024655678,6.9695815500951,5.44161476439205,6.24522038837882e-05,10.8512011605527,1085,697.104306854607,90776.1252366465,4954615.07703494,6.26766811906425,0.157476391330444
FE,B,1755,116.639565346949,0.106822761473769,0.0114113371650209,0.106823860466756,-0.0190943342326033,3.50774435998391,4.56309026871424,6.47849999662647,5.07575227638855,0.000349010239625882,9.63889476446198,1085,619.959529351895,96896.6822470667,5842546.77863885,6.32958672833121,0.140265328754961
FE,B,1755,116.639565346949,0.101715074470636,0.0103460898857021,0.101715730768166,-0.0199530066081061,3.47567692090601,4.57762880540776,6.80535256113313,5.33065484406315,0.000435665208505769,9.90831804452618,1085,681.076462313493,93909.221678334,5297226.84346296,6.30355867576384,0.155640510466211
FE,B,1755,116.639565346949,0.0915488481988632,0.00838137230541098,0.0915498350922107,-0.0536760264265428,3.43125088453613,4.76976476322505,6.06449409382064,4.76971334588377,0.000284989494636692,9.33983776571152,1085,598.439185509889,84195.6662225951,4291211.68613342,6.15419098783623,0.189301581072522
FE,B,1755,116.639565346949,0.0842600115243217,0.00709994731587202,0.0842611851083998,-0.0566155217267911,3.32610804764415,6.10982702619188,7.69910491556039,6.10974192893496,0.000155240331179269,10.856678749855,1085,641.984708308067,76343.2401756307,3635084.10389962,6.01285296124659,0.219347454464801
FE,B,1755,116.639565346949,0.0827247836576688,0.00684355973539312,0.0827258105756185,-0.0282414239693513,3.11531739519144,6.2232147716329,7.7909275499285,6.22313751967357,0.000209659382605222,11.0071420112241,1085,594.099351722496,74429.5506315406,3503838.09895342,5.93165189453046,0.218850233722825
FE,B,1755,116.639565346949,0.0827989646296748,0.00685573538224651,0.0827993682478708,-0.0590340480416774,2.94599403562392,3.78383499637307,4.74668667800359,3.78535972129861,0.000383931283306096,7.56921317007708,1085,670.124191064279,74621.7711592988,3510177.76481551,5.83089689038473,0.218777549721772
FE,B,1755,116.639565346949,0.0820686084819038,0.00673534185670195,0.0820691285240799,-0.0803439534032285,2.97184886620851,3.7917817575031,4.79370907952976,3.81904132712338,0.000353724309409574,7.61084728465373,1085,617.623004293652,74501.5570655177,3448515.38570989,5.89485811342083,0.22974277564772
FE,B,1755,116.639565346949,0.0826258754064446,0.00682724185027627,0.0826271253903721,-0.0692406238675081,2.92248149994239,3.76620823651903,4.98195310409495,3.98747707526666,8.23875770918266e-05,7.75374563528885,1085,663.865620774659,74258.7201879145,3495445.54058258,5.86399491198988,0.227408096699583
FE,B,1755,116.639565346949,0.0821048205836367,0.00674139472205031,0.0821059968702062,-0.0555291855150241,2.95952597273505,3.66048936809365,5.73286347753977,4.59285253938764,-0.000132323867543928,8.25340770764649,1085,663.642063310142,73433.3087031533,3451504.16520203,5.86751968421243,0.221184028163983
FE,B,1732,115.110955658642,0.0877718258135213,0.00770403730214844,0.0877726455232406,0.00131614957150299,3.31076251163605,5.40502476696196,6.80969135443449,5.40497428937514,-0.000311216414086472,10.4098848009582,1072,453.513304291756,80972.0028517543,3944443.01234627,6.30728010282789,0.207739111599782
FE,B,1732,115.110955658642,0.091520812988902,0.00837627882470011,0.0915220127876355,-0.0231184903454581,4.5421727280831,6.77373376304914,9.39676257080207,7.3024733137572,-0.000205290435113346,14.0763028091097,1072,438.726469673266,84814.3369665083,4288563.89300604,6.42366187279574,0.188827797068669
FE,B,1732,115.110955658642,0.0898088121045234,0.00806585838584276,0.089810124072082,-0.00939420921669207,4.78619488316791,6.90285960182973,9.59669334173703,7.44166721634459,-0.000128077544477662,14.3446355293992,1072,425.841934976603,82968.3134762019,4129607.23727371,6.40990605220456,0.184588753304447
FE,B,1732,115.110955658642,0.0884882088381083,0.00783040301898324,0.0884895644637448,-0.00715647544104409,3.93548428581436,6.25175599326355,8.00362774529055,6.25166021879852,-6.9169991945832e-05,11.715557971618,1072,454.945776069479,81981.4148089814,4009045.95779832,6.3610503714813,0.19313992915833
FE,B,1732,115.110955658642,0.089186273284506,0.00795443647433055,0.089187647543427,-0.0469153041172639,3.57812825413487,5.19514049209665,6.90659638111851,5.42095305603032,-5.86872035189852e-05,10.6161770788411,1072,440.989864623907,83418.6215600736,4072547.73056768,6.35073646746916,0.199734481214643
FE,B,1732,115.110955658642,0.0876156221263602,0.00767671680677319,0.0876168751255898,-0.0430583443273709,3.33297399309479,4.84386180188429,6.93288894155411,5.48169115803883,-0.000142587573642269,10.3256313541025,1072,436.471219594434,81258.5251730419,3930376.9956626,6.38651410055821,0.208553451207953
FE,B,1732,115.110955658642,0.0880841269538176,0.00775904919582629,0.0880854652926707,0.00977650045855722,3.72466547715478,5.08735539234343,6.94948473802901,5.452530086265,-8.18271185189986e-05,10.5399683236466,1072,465.798367764667,81372.7201189987,3972515.8986895,6.3768585241901,0.198870848779677
FE,B,1732,115.110955658642,0.0921017614259667,0.00848299583435424,0.0921031803704641,0.024467408206375,7.12112192600767,9.86483493430221,12.9267010006527,9.86468295634455,6.09674608611782e-05,19.5408375611307,1072,467.934425744709,87395.1715417496,4343161.93811872,6.52312809851874,0.170309567578009
FE,B,1732,115.110955658642,0.0937579949899391,0.00879082438532981,0.0937593962508815,0.00378347777726039,7.16421556066943,9.69057277433398,12.7269929688335,9.6904279459575,0.000109327332670611,19.1956489610508,1072,454.761069017023,89040.3001212542,4500773.6676713,6.54203383054562,0.166308053751556
FE,B,1732,115.110955658642,0.091899521591794,0.00844574083797158,0.0919007118469252,-0.0304354282060453,4.55545051555793,7.2407192206224,9.33722899029259,7.24062544220619,0.000212509364987501,13.2252373715407,1072,452.862027465164,85256.144687953,4324130.42011065,6.45682490068582,0.183992963551857
FE,B,1732,115.110955658642,0.0908887500650342,0.00826084365488653,0.0908891833767172,-0.0471417227752313,4.96287573915816,7.71687178074108,9.98332588554854,7.71683499076702,0.000423538501128915,14.9834609090577,1072,477.187086867943,84460.6406007447,4229603.46788364,6.41913638240244,0.192832450383521
FE,B,1732,115.110955658642,0.0936121761653419,0.00876328844501874,0.0936124374483366,-0.0780540292965247,5.51102501284514,7.49236754548777,9.80364517431051,7.49234663343502,0.000474272238491958,14.8900741620013,1072,459.259146486203,86972.8737370118,4486893.80079802,6.46686017740392,0.17431318071258
FE,B,1732,115.110955658642,0.0991674791734363,0.00983438544279397,0.0991684700032927,-0.0484854759298368,7.52243947325435,8.86913157737915,11.8622208574215,8.86904296251631,0.000332877402441317,17.323517868976,1072,452.436140209971,91184.3198725517,5035161.46300887,6.45913117131296,0.150862837033435
FE,B,1732,115.110955658642,0.0960948161192667,0.00923447557971104,0.0960961787986964,0.00574085634103147,7.0058959544799,9.1527249492272,12.0539439892318,9.15259516019531,0.000163348236898115,17.8774429970306,1072,468.209169926537,89780.6064503567,4727931.06681099,6.44343640433566,0.162545298968822
FE,B,1732,115.110955658642,0.0975117159885498,0.00950882785994516,0.0975132188984917,-0.0324728259787674,9.13624338798386,10.6143571655728,14.0561447251631,10.6141935731584,6.36078381590149e-05,20.6164962660408,1072,465.242488349182,90669.5081456443,4868371.86576934,6.42376017432345,0.160879482526592
FE,B,1796,119.364478269585,0.161856312119212,0.0261982829130856,0.161858836376287,-0.00493445536120011,9.09859211668557,8.76694799155362,12.5998365412282,8.76681126728828,3.9447272016009e-05,17.4738755190317,2879,436.512968608712,132932.110549554,13413103.2710892,6.623797027235,0.0662262227225982
FE,B,1796,119.364478269585,0.169890527626445,0.0288636807322599,0.169893145041994,0.00900566343227642,10.9510038438537,9.26246816597964,13.5880956514533,9.26232546611855,-0.000112405315054384,18.1797367281461,3247,415.437901151414,144288.08785075,14777755.6535473,6.75517694060455,0.0607190908474938
FE,B,1796,119.364478269585,0.159094811065812,0.0253118852046667,0.159097093639911,0.0505024512056204,11.2056163392384,9.89099263074319,14.3768546461785,9.89085072416858,-0.000254361578389316,19.4133614048353,3245,399.896908590501,136665.313461627,12959346.4822176,6.68088370828101,0.0702537470997507
FE,B,1796,119.364478269585,0.162481693618755,0.0264010545011045,0.162484013063146,-0.0536027801261504,10.9154390160572,8.46465643256341,15.4174617125947,10.467470882415,-0.000267007616912954,18.9322767392987,2880,534.727326416669,130529.932931393,13516990.4890557,6.52012286141725,0.0646208689835727
FE,B,1796,119.364478269585,0.154265691383962,0.0237985927958047,0.154267925363002,-0.0650957130859714,13.7728907689636,8.91547369168812,16.7402434722668,11.0249533180299,-0.000233341791945779,19.9405866661809,2880,400.723617033095,124977.086333264,12184554.3907301,6.58254380671284,0.0652253297794565
FE,B,1796,119.364478269585,0.153534004401849,0.0235734013008854,0.153536319158971,0.0355861619166361,11.3591849931153,9.02079692214994,13.3106228174325,9.02066092205541,-0.000160858858437287,17.1731562838917,1437,391.23585020342,129043.302479573,12069230.7834532,6.55914835623507,0.0796368660491927
FE,B,1796,119.364478269585,0.168633515150593,0.0284381486612935,0.168636142808395,0.0224438952584748,11.2992208336588,8.21307124575283,12.8015658988162,8.59301910202833,-4.96275868322163e-05,16.8062242447332,3236,423.695924673604,140203.375976108,14559879.5795655,6.5989398795215,0.0664934549723002
FE,B,1796,119.364478269585,0.140405689463774,0.0197143723291651,0.140407878444071,-0.00605927534347701,13.7086624806136,9.62053288719694,15.1072815410121,10.3206003288636,-3.71317651001153e-05,19.9412941183064,2879,406.563085416209,120983.782968031,10093444.5884808,6.63979014949594,0.0892257079292155
FE,B,1796,119.364478269585,0.139046944471086,0.0193346384211751,0.139049050414504,-0.021569101066976,10.1198156071543,9.11337844914408,15.0711016211536,10.5738182179092,-0.000136209474366298,19.6873568134194,3230,389.385469194968,118692.916447809,9899044.51172647,6.64433341931899,0.0860792286136191
FE,B,1796,119.364478269585,0.133286815403864,0.017765918108749,0.133288852154818,-0.0207951978873861,11.171218707963,9.50722262605272,15.8016061838988,11.0307753325694,-0.00011061959903402,20.5381665194967,1437,352.119030025089,114041.655370307,9095878.33244883,6.67198163754646,0.088542132701455
FE,B,1796,119.364478269585,0.0964285443260235,0.00929873972101869,0.096429973146417,0.034952233384474,4.2582828332548,6.39803355813657,8.34691674181568,6.45889901504883,-0.000122578274857279,12.8570282772811,360,347.858257118568,85974.7087646609,4760821.3363601,6.58071026961957,0.155359637556465
FE,B,1796,119.364478269585,0.094086180298458,0.00885245856921629,0.0940875048516873,0.0385928842723027,4.13214249907216,6.55731862642392,8.5115846292421,6.61970428016306,-0.000165509117406486,13.1771160993455,2880,348.566110053406,84860.4142084697,4532345.19507386,6.54376656339893,0.153078421944183
FE,B,1796,119.364478269585,0.125372606215968,0.0157187726318853,0.12537452943834,0.0868906298495456,15.3814161745931,12.3935186127449,17.9155534761555,12.393328498434,-9.4705563456293e-05,24.0253856953204,1437,353.823290186317,109368.327740192,8047769.26871978,6.67887754049212,0.100679939077662
FE,B,1796,119.364478269585,0.143146511696541,0.0204915569874056,0.143148723317414,0.065747262941811,11.0389613075272,10.8546670837491,15.5764881194586,10.8544993811825,8.47622448700551e-05,21.042253731978,360,363.003557401516,120512.325761875,10491356.6632286,6.7041457698644,0.0781710581512472
FE,B,1796,119.364478269585,0.148092905539324,0.0219320825089128,0.148094842951781,0.0475621788014402,8.19404557205976,8.41808672988835,11.7817909605899,8.41797660244722,0.000333975664898153,16.5658135074837,1436,401.944920459361,126306.567049661,11228989.5469686,6.74717528893614,0.079650715386219
FE,B,1775,117.968791162869,0.104133519519737,0.0108441111800396,0.104135062203081,-0.0297971617710054,3.72194357291138,5.54115231312708,7.8573320847752,6.11184921425776,-0.000132612225299231,11.6530920712177,2846,628.497157921659,86352.3718719929,5552029.42414225,6.32678307761675,0.11481694971365
FE,B,1775,117.968791162869,0.111354800820642,0.012400279042337,0.111356540186632,0.00733920069078978,15.1053932905351,12.9332506833844,17.6888043805399,12.9330486686995,1.14973008252157e-05,25.2524798301974,2846,633.251393880915,93741.1140886327,6348744.57357762,6.35009227539648,0.102334396900764
FE,B,1775,117.968791162869,0.111741282665904,0.0124865023787558,0.111743019373721,-0.00599096816985701,16.4589218611199,12.8885181864048,18.0375902847459,12.8883178733077,4.55660489842033e-05,25.1651385650055,2846,710.224784450844,91992.4871597824,6392891.55883365,6.21742951761655,0.10256310263275
FE,B,1775,117.968791162869,0.137878300396467,0.0190110175019577,0.137880446409046,0.0263149029339999,15.4009489076292,10.3031191402593,15.5159777807353,10.302958779426,4.80890585222763e-05,20.4469853022944,2846,594.5903493977,110955.731967311,9733339.1126756,6.41096407716404,0.0667140355654006
FE,B,1775,117.968791162869,0.147760004605283,0.0218336743212056,0.14776222223967,0.0700207453207446,12.2698002061222,9.61408034356861,14.1016523400481,9.61393605421747,0.000164140397566581,19.0795580254814,2846,590.170806800426,118191.888380535,11178519.4984534,6.3973913133329,0.0626123974626567
FE,B,1775,117.968791162869,0.133367220081936,0.0177873339596701,0.133369164200988,0.0577807618779058,10.3842317705723,11.7804574401439,16.561940766987,11.7802857167033,0.000193098161101852,22.9361069444074,2846,677.6017272779,108843.688047216,9106868.57178097,6.44230384349611,0.0749185120732553
FE,B,1775,117.968791162869,0.118004163842569,0.0139254177852242,0.11800600741159,0.0114333066687942,13.8646444240455,13.3141645932225,18.7292946765569,13.3139565904104,-8.26229622134217e-06,25.9221770068941,2846,632.039835227946,98294.3324223353,7129591.1637504,6.43394199625642,0.0879045672583206
FE,B,1775,117.968791162869,0.0856108123436702,0.00732940779410862,0.0856119605785816,0.0123187560405159,3.24878921016668,4.88143570149359,7.19217990569766,5.69511653542625,-0.000180111154738854,10.5766286213327,2846,594.190850210546,71442.1178429835,3752572.73497996,5.98483394245534,0.160139367907943
FE,B,1775,117.968791162869,0.104381731580162,0.0108958529464115,0.104383202415003,0.0113955124808644,22.1894471741445,14.7023589117563,23.1584380009813,16.4672566805395,-0.000182856955149178,31.1698476311258,2846,661.720453530843,86947.1610021249,5578536.61389,6.19295129527987,0.110768364495038
FE,B,1775,117.968791162869,0.154717119822193,0.0239381352315479,0.154719537329802,0.0421298463325748,14.6064522301078,9.91912002553977,17.0429128923361,11.109812095938,1.11929772644473e-06,21.0291057160697,2846,531.005996770208,119121.108870617,12255942.2296484,6.3568219221235,0.0582214571530362
FE,B,1775,117.968791162869,0.159531355072328,0.025451042376489,0.1595338283139,0.0485604137636709,10.5902197818296,9.33736484000441,13.8249487253302,9.33722008350264,7.88656975883878e-05,18.2187230114383,2846,571.644199504451,124856.276538008,13030532.8482853,6.46474589562736,0.0621094023800419
FE,B,1775,117.968791162869,0.132501380914774,0.0175571646055638,0.132503451296801,-0.00166195648638263,7.53595275144673,8.0350113382157,11.2734878371947,8.15023309522088,3.89927047345924e-07,16.1853717837782,2846,697.075463786726,109605.099486327,8988987.36221793,6.51461053466093,0.0803389508027079
FE,B,1775,117.968791162869,0.148022342936429,0.0219112746042604,0.14802457432555,-0.00913115535161503,12.0275075101557,9.67973124549444,14.1373952579916,9.67958532886474,0.000155343042457719,18.6408849781263,2846,487.570409929167,119355.654421426,11218246.7267548,6.48914351325134,0.0651169701126716
FE,B,1775,117.968791162869,0.136603190114817,0.0186609621190128,0.136605132110814,6.64490665125424e-05,13.4973215034405,10.488894854862,15.1851220323587,10.4887457433938,0.000229315499501542,20.199143713639,2846,510.719668029275,114594.726282893,9554167.87681615,6.51850527931558,0.0803869200577721
FE,B,1775,117.968791162869,0.0963705028016986,0.0092875560580743,0.0963719671796436,-0.032093420936048,3.56427810610732,5.22914871421272,7.84612082583912,6.15705046863281,8.93773165673375e-05,11.3862927410262,2846,603.479631157419,79874.9434344913,4755088.27789652,6.19226682349998,0.1334416810199
FE,B,1755,116.639565346949,0.192710505258654,0.037138499291472,0.192713516109981,-0.00388662334564948,8.52456329967959,8.01778870772733,11.7452705089527,8.01766344215044,-1.11210027798084e-05,15.4702084433239,2814,510.381150034131,139141.704640283,19014317.542101,6.39421047658256,0.0328779621505182
FE,B,1755,116.639565346949,0.188006107648405,0.0353473308440488,0.188008858419088,-0.0153151602536998,7.77569355769762,8.21841445604958,11.6886705570625,8.21829421185609,0.000265090821675017,15.8573129504122,2904,634.516487406795,137560.554323094,18097339.7943493,6.42164850488107,0.0366018915808125
FE,B,1755,116.639565346949,0.168712213835159,0.0284646040632656,0.168714563874212,-0.00586132726565191,6.81146303965712,7.66482992959091,10.6751929491702,7.66472316554367,0.000310729418968099,14.2144229837379,2814,437.94258471581,127200.878882098,14573520.7146859,6.50775118692436,0.044434242933162
FE,B,1755,116.639565346949,0.203097998264413,0.0412500114669324,0.203100988345533,0.00726480296158307,7.82196010419646,6.36712541306153,9.34860450766596,6.36703167535181,0.00027293760665687,12.3604551848663,2903,564.409895221062,142464.57462293,21119422.1537003,6.37226264726789,0.0308013846209367
FE,B,1755,116.639565346949,0.226883904798518,0.0514778277900503,0.226887257883845,-0.00359740280051951,6.78777666808958,6.22538663008763,9.04684421541832,6.22529462733368,0.000295209571464548,11.6943126550273,3273,533.571141153522,152277.692890752,26355913.4232954,6.350982320592,0.0257072652778452
FE,B,1755,116.639565346949,0.226809540079753,0.051444080998174,0.226812876614565,0.0181023415957911,7.40487177973924,7.63378620302505,11.1417563903209,7.63367390607878,0.000306758123043402,14.4398433465853,2906,624.063360366567,152540.997701301,26338642.7212681,6.30484140174623,0.0259629108932735
FE,B,1755,116.639565346949,0.226872483913504,0.0514725715426211,0.226875674197612,0.0124611368218655,7.94305566689497,7.63166827421601,11.2166897812739,7.63156095909684,0.000401163710911878,14.435837135328,3256,619.46819594241,153884.826415612,26353297.855029,6.30330177922646,0.0260563751867625
FE,B,1755,116.639565346949,0.225996975601493,0.0510761265462456,0.226000279969396,0.00331504589898695,7.6889973824918,6.9629655456155,10.2471949159622,6.96286373954755,0.000320255727542386,13.1088837134254,3278,666.186557765261,153252.030274056,26150264.5467602,6.24627518604721,0.0257780604124761
FE,B,1755,116.639565346949,0.225215287847665,0.0507234926526344,0.225218766208845,0.0522261070360994,7.50761705640228,6.98713293207205,10.2724541090593,6.98702502022988,0.000135413506005793,13.1543826400883,3262,766.22091965962,149228.412136826,25969635.4385957,6.25778505811622,0.0247419868334516
FE,B,1755,116.639565346949,0.231699633503367,0.0536863961957511,0.231703250291728,0.0464854500008665,7.04708934293255,5.71206372255198,8.58207866735088,5.87869097919925,4.08622612419384e-05,11.5908464670285,3268,809.915363514569,153855.927627393,27486577.3863697,6.21770666276903,0.0239069800471167
FE,B,1755,116.639565346949,0.236452862496015,0.0559116744751741,0.23645649594624,0.0210019641534302,7.58917606523339,6.65733474760228,9.91329859948203,6.72633268369318,-0.000170138803640164,13.3837707914102,3284,754.692520148362,158809.652816066,28625912.3849856,6.23164015150087,0.0240143497183444
FE,B,1755,116.639565346949,0.235131090603703,0.0552882929172083,0.235134627218554,0.00168270513240713,7.69557264331418,6.69475845845438,10.0087980885051,6.76414646268338,-0.000254185821986832,13.4590066608982,3275,739.036750865613,159069.358442363,28306787.4666711,6.25349152962218,0.0237993075064728
FE,B,1755,116.639565346949,0.234853771748155,0.0551579513420903,0.234857299954867,-0.0148296011218581,7.9920846937428,7.46556248613401,11.0727423519063,7.46545033272139,-0.000257775529971711,14.5371028204851,3274,979.557644299784,154272.515179723,28240056.585261,6.16564483224847,0.0219425760380995
FE,B,1755,116.639565346949,0.22345380954288,0.0499330666126048,0.223457080023446,4.25185194637371e-05,8.08667448700216,7.84643372908642,11.5307579660384,7.8463188899906,-0.00031431664365494,15.2787434444098,2912,644.730803967886,152176.016250395,25565032.3411999,6.27988503402978,0.0247118825684487
FE,B,1755,116.639565346949,0.214508428467382,0.046015243442713,0.214511639410809,0.02253517040452,7.84613711281736,7.55423577616565,11.1106984276388,7.55412269967349,-0.000245799085768009,14.2029857463671,2900,561.385620756872,147920.210682742,23559130.258837,6.32758349869773,0.027721066128207
FE,B,1732,115.110955658642,0.129285789977331,0.0167152652569766,0.129287529394666,0.00182541858442123,4.98607568277911,5.78915719613743,8.3747256129146,6.3096630407205,-0.000269416267419627,12.0989051273728,1001,556.906182738212,107688.537218349,8558022.68900624,6.51927348153826,0.0768037560387743
FE,B,1732,115.110955658642,0.169054603937354,0.0285802956377929,0.16905707804701,-0.00820779380896662,9.75231491455769,10.075371235653,15.1171841707415,10.5964213763042,-0.000237926167680557,20.6719476903038,1001,522.58100232046,133385.119827293,14632712.0442406,6.57018905732625,0.0476178702320558
FE,B,1732,115.110955658642,0.197414718545822,0.0389737376344264,0.197417673054938,-0.000731593549664893,8.32967942826304,8.62796809838559,13.0599767368604,9.07416244914585,-0.000226701126857614,17.7022663514668,1001,556.102946786595,148069.0491363,19953982.6837443,6.46855972446135,0.0359758600485576
FE,B,1732,115.110955658642,0.171908468286068,0.0295533783909461,0.171910960648081,0.0221420686945245,8.44907706120141,7.5430155383676,10.7445067781056,7.54290617986409,-0.000258109648552794,14.6264038729829,2896,481.083927894811,131372.867348776,15130925.094365,6.44674904006551,0.0446223997022428
FE,B,1732,115.110955658642,0.169928765094202,0.028876641392583,0.169931284325703,0.0339456602534871,9.5548667878647,8.46805416320428,12.1462384026143,8.46792862429078,-0.000214962557006716,16.3991787481027,1001,545.051695749111,133066.930896007,14784425.6653791,6.5606339226072,0.0421846865266358
FE,B,1732,115.110955658642,0.166189933789345,0.0276199572061942,0.166192530536707,0.0355077476970011,9.93379282820228,8.65856284970957,12.4428999996873,8.6584275602344,-3.22108285703886e-06,16.7681166342869,1001,531.70827521215,132336.697524048,14140976.1807682,6.61854222677845,0.0480836882807967
FE,B,1732,115.110955658642,0.125081385488455,0.0156457853551655,0.125083113789054,0.00855862201325731,7.54440596705609,9.33521252345225,12.4553728079002,9.33508353678964,0.000237847300590186,18.6190161450432,1001,518.336958841656,105763.742845215,8010449.69775892,6.58757981827307,0.0816793025878106
FE,B,1732,115.110955658642,0.130712001398367,0.0170860679374731,0.130713686878892,-0.00950241881473567,7.46387832335245,8.28934024529627,11.4572918526002,8.45779233169227,0.000305469665805694,16.747241636938,1001,513.466062066783,107295.52628625,8747888.93910411,6.57968299521282,0.0718464195094751
FE,B,1732,115.110955658642,0.164048481968443,0.0269127177907535,0.164050960956507,-0.00524645682502973,8.56946335433402,7.76641215689963,11.3665610679428,7.9973313568376,0.000166336490039226,15.7638643639197,1001,520.15589879402,126287.233475292,13778909.2261022,6.55222043841985,0.0474008388464098
FE,B,1732,115.110955658642,0.17609435751565,0.0310101769579388,0.176097066863531,-0.0227489675128983,8.7317872216054,7.9575369174613,11.4448518996554,7.9574144864852,0.000121897254258372,15.4079170016739,1001,509.371143755887,136193.15599846,15876729.6400944,6.52884959059376,0.0448257882859024
FE,B,1732,115.110955658642,0.157985803081087,0.0249602793320403,0.157988225295559,0.00922082727043483,8.95775135964482,8.86964096494291,12.4575071485647,8.86950497903213,0.000121044887168579,16.7741517195608,1001,527.322460002673,126317.079936122,12779278.6555947,6.55908879208777,0.052751674659961
FE,B,1732,115.110955658642,0.134998746320612,0.0182252225707104,0.135000824333448,0.0504037896602203,6.22863897647906,9.06969863497682,12.0350800520731,9.06955902879092,9.20631952136029e-05,17.252024959607,1001,519.559891636706,111359.253694409,9331031.02369764,6.59294287105825,0.0716881411652713
FE,B,1732,115.110955658642,0.122978848170348,0.0151242479639107,0.122980681262996,0.00613682084243673,4.14447894473937,5.98044361200018,7.79180654084404,5.98035447029836,0.000147533533995766,11.4350418330943,1001,521.547952033327,102353.695203508,7743395.25463732,6.62780292933389,0.0824439981885525
FE,B,1732,115.110955658642,0.116085689587202,0.0134762920729018,0.116087432881005,-0.0198844866787463,4.95657556348333,6.33556185578779,8.64152850992122,6.56767787568828,0.000128016255530505,12.903338360275,1001,499.411055257936,97932.1175962274,6899662.69941854,6.54569760881929,0.0883065524975984
FE,B,1732,115.110955658642,0.109133257206778,0.0119104258184979,0.109134897344974,-0.016033545196094,4.67784947445175,6.69625358441524,9.07971257153414,6.98607762618782,0.000119209352112655,13.6824362027296,1001,518.310598266531,91541.31500233,6097962.00418555,6.36684802802159,0.0945467110058549
FE,B,1796,119.364478269585,0.0976708182092069,0.00953982088066961,0.0976720066378776,-0.0120898049237634,3.17374532368969,4.62854248020004,5.85540662397557,4.62848616219475,-0.000256843121115038,8.93352778372795,2753,443.959394503591,79474.8563082976,4884303.20529134,6.12822772176666,0.191506836555309
FE,B,1796,119.364478269585,0.0965685787971016,0.00932571571433721,0.0965697453364003,-0.011789270508658,3.18446680697159,4.44169736607112,5.90817311494247,4.67426707763853,-0.000257148149647626,9.11602090841388,2753,369.525086459117,78674.4826946561,4774684.9421991,6.19124416222108,0.185208672753475
FE,B,1796,119.364478269585,0.0989493256943115,0.00979122160660331,0.0989506018506371,-0.0239971583055598,3.19428893495082,4.33482895490794,5.77664521194766,4.56179925012722,-0.000231137255442293,8.89668703887692,360,405.287433931066,81982.7240574435,5013003.50844086,6.27143348093198,0.212135166901334
FE,B,1796,119.364478269585,0.0994950676552689,0.0098995479943491,0.0994964722708755,-0.0479460052551816,3.14185117317736,4.288021239925,5.56259731133109,4.40202211446014,-0.000172783831024252,8.69010549966639,360,357.145747750806,83003.0526439947,5068440.75021284,6.29756347475947,0.206743505783628
FE,B,1796,119.364478269585,0.1008147303311,0.0101639219960047,0.100816278427666,-0.00960366378995369,3.83450379993985,7.6778200737622,9.75634871379847,7.67770217606675,-7.40154722382355e-05,13.7421161979458,2753,410.295617499089,83761.4649067841,5203771.04841495,6.27693167729889,0.19965622018993
FE,B,1796,119.364478269585,0.100307094402115,0.0100617972394825,0.100308510304373,0.0124403346221376,3.84545685414595,7.71667612226959,9.80665061805043,7.71656719772161,-0.000174295944030974,13.8116625442332,2753,383.533954648644,82715.8521827815,5151510.30358199,6.27862983100527,0.21609880291598
FE,B,1796,119.364478269585,0.0995859832108539,0.00991761276414274,0.0995872118504316,-0.0155766687820334,3.81583700962343,5.91609862973799,7.73586186768277,6.07408994109549,-0.000255369004801676,11.9902635097662,2753,429.959386452063,82268.4878567096,5077725.82833451,6.26933725541158,0.190620809856039
FE,B,1796,119.364478269585,0.103954278886852,0.0108068183505209,0.103955848082351,-0.0517352550013383,3.82043985153999,5.6674963755567,7.43487446846986,5.81883263828758,-0.000107058105300821,11.4864168494398,2753,484.558482024181,85442.2927292281,5532929.82177625,6.18794555204243,0.188416962591015
FE,B,1796,119.364478269585,0.103496095373376,0.0107117618790406,0.103497641900869,-0.0496893970654336,3.33083865916032,4.29391020056012,5.74053207851484,4.5222425993682,0.000120917546741075,8.81622037515892,2753,464.957573398857,84311.8346994734,5484265.66367848,6.22856540410711,0.182498676783673
FE,B,1796,119.364478269585,0.100542867684519,0.0101090245597189,0.100543645048898,-0.0162774098080715,3.22267332826024,4.42003445770335,5.61066682211883,4.43573454656205,0.000399486577223571,8.85580329990577,2753,434.84014991027,81423.0361857231,5175822.24750228,6.21796621899347,0.17620517020803
FE,B,1796,119.364478269585,0.108511272961775,0.0117747529731734,0.108511533825549,-0.0478413786026489,4.04687347858305,5.82372302600897,7.47258330137995,5.82370902566894,0.000557985341950635,11.5998486163526,360,408.009097179361,89164.800296396,6028803.94227323,6.22322857199677,0.17922645350941
FE,B,1796,119.364478269585,0.108427995954441,0.0117567077802,0.108428353211695,-0.0464193398867621,4.18570374655788,5.8281958765941,7.53319967201067,5.82817667345034,0.000538445553689183,11.6087577608019,2514,409.395094606193,89648.9105540906,6019543.15782351,6.27780231097891,0.157848448893699
FE,B,1796,119.364478269585,0.0997061323063227,0.00994151149642085,0.0997071286138601,-0.015320931377433,3.27374878774781,4.65119786003444,5.90391676353013,4.65115138368364,0.00033465698758476,8.9985872240898,2880,408.874705674739,82375.2023333445,5090009.50262324,6.10417082509099,0.188882003945199
FE,B,1796,119.364478269585,0.0990660778379459,0.00981438759916824,0.0990675910637189,-0.0346312171940198,3.07013359643228,3.87735124007505,5.15248341529738,4.09416795926113,8.2937555951762e-05,7.97158173739774,2880,424.688268824349,81096.7000443388,5024816.46429414,6.04834631736498,0.212346694082387
FE,B,1796,119.364478269585,0.0977817107424115,0.00956155799520877,0.0977832193947856,-0.0293459137622836,3.1216163305372,3.92871077731285,4.9746969269262,3.95024123547545,6.13122437050416e-05,7.87901296018607,2880,401.512721169677,79558.3251399314,4895368.55777769,6.10670432434052,0.190803339104942
FE,B,1775,117.968791162869,0.100698066780242,0.0101404085956161,0.100699595806617,-0.0496104330227647,3.14694391452095,4.62393513273878,5.84561341815176,4.65607641220723,-9.4580286962137e-05,9.28008224405539,360,1010.56813287657,83244.6248424498,5191736.11371281,5.47860861344372,0.313253985182968
FE,B,1775,117.968791162869,0.0996619088731742,0.00993278731022657,0.0996633699521874,-0.0426821548199167,3.08990839430898,4.67200893549581,5.90177050124118,4.70448684385173,-0.000138454403070387,9.37656474879708,360,1021.84000248925,82474.2465504772,5085447.80783968,5.48133150682872,0.327998628594751
FE,B,1775,117.968791162869,0.117726537555839,0.0138599664297689,0.117728358647222,-0.0143525958240995,4.85319771455692,6.50211043463032,8.52821192048528,6.50200985616799,-6.58716048747601e-05,12.9337618276163,360,1035.22803246056,98198.2127773911,7096085.4947296,5.85457233427448,0.243926493150013
FE,B,1775,117.968791162869,0.118771922520628,0.0141072063318934,0.118773761125483,-0.00490535756083028,4.76126557584027,6.44488134930857,8.43107763031373,6.44478158324887,-6.4012111926783e-05,12.8199238104671,360,1034.9402293699,99455.982809549,7222668.11772967,5.83796405938155,0.246229244476311
FE,B,1775,117.968791162869,0.100015078329738,0.010003327424697,0.100016635739746,-0.0220879774193102,3.06362293181415,4.01016422605285,5.03831323893536,4.01010178174191,-3.2750397586373e-05,7.97360492202153,360,1030.72247523764,82657.337551454,5121544.68370235,5.42022252383575,0.334680801231416
FE,B,1775,117.968791162869,0.0978184202392245,0.00956874174494441,0.0978199455374231,0.00553149766609589,3.07496904760037,3.94507020831345,5.10068961967574,4.05238246131434,-2.48260473737822e-05,7.99751585907261,360,1023.35181602624,80852.1457542977,4899043.3017439,5.38675124826547,0.336591400156486
FE,B,1775,117.968791162869,0.0982765860287705,0.00965858133714239,0.0982780816720717,0.0730270857013917,3.07883373501723,4.22921940850952,5.31815657219818,4.22915504620646,-8.86284081932348e-05,7.88795673750031,360,1023.63166809586,80615.9733515623,4945047.15060947,5.3381281652224,0.336600641373701
FE,B,1775,117.968791162869,0.113793102704556,0.0129492595477445,0.113794813360471,0.00489876428166605,5.04157040943123,6.63480949837567,8.66258818900704,6.63470975853885,-0.000123853728257402,12.9959416642045,360,1020.43745807504,96237.8211586456,6629829.40808123,5.77169486551462,0.253618511033517
FE,B,1775,117.968791162869,0.112052690870404,0.0125561835342853,0.112054377577519,-0.0297991928449988,5.17807114871548,6.73786191843466,8.8105905035749,6.7377604962512,-0.0001199072495376,13.1977957249382,360,1028.43587043573,95889.4553385147,6428579.79342075,5.78800754040134,0.262303187996336
FE,B,1775,117.968791162869,0.0976677504242794,0.00953927480984077,0.0976692111662665,0.0140416935798121,3.03984877569394,4.26667610328474,5.35267485098157,4.26661229082168,-0.000112984230651036,8.48202421690875,360,1024.03970163185,80174.2548895741,4883969.14503933,5.34578241088049,0.343946621630591
FE,B,1775,117.968791162869,0.103367467279061,0.0106851647604752,0.103369070618223,0.0766554199405595,4.83437858287927,8.25114551442113,10.581302674443,8.25101753237915,-4.94227815289978e-05,15.290525473556,360,1009.6580324932,86948.8965205951,5470635.89531042,5.58735867124792,0.297759548097816
FE,B,1775,117.968791162869,0.102204611823703,0.010446108312589,0.102206204863447,0.0435435305665701,4.88696803437174,8.34502473770852,10.6775233087825,8.34489466775735,-2.83959435080149e-05,15.4644967909452,360,1014.49470699424,86403.7924133467,5348241.14229115,5.5016980294965,0.307289215820513
FE,B,1775,117.968791162869,0.0965790987934724,0.00932780755853248,0.0965805754721542,-0.0331548407686538,3.07575639195863,4.06139929869332,5.74876947364655,4.58143301576492,-7.91151881974199e-05,8.64290236382246,360,1017.91996844814,79610.3684762248,4775694.6344777,5.28897306534449,0.353211659059012
FE,B,1775,117.968791162869,0.0972879108110094,0.00946523289100437,0.0972894284647842,0.0104482439126161,3.08027086864253,3.87045495754976,5.71904883685226,4.54805259041959,-2.20792754263915e-05,8.41857849583044,360,1023.85954277412,80136.0318047428,4846048.29534176,5.31441629191167,0.346017575224836
FE,B,1775,117.968791162869,0.097088320190543,0.00942643535652279,0.0970898313754988,0.0186592301772154,3.05968759045014,3.97223925594127,4.98930096332721,3.97217742878471,3.37194829015832e-05,7.85831515190682,360,1027.40361633537,79832.5596789847,4826185.24360784,5.29664167874597,0.342505001980557
FE,B,1756,116.706026637745,0.111326771755246,0.0123940247965456,0.111328454568208,0.084775089745399,3.59551452720867,6.41125218101243,8.11295075852687,6.41115527013448,0.000112366249250057,11.5644757688793,360,1022.20057088924,94670.4975600419,6345555.31668107,5.78742052468574,0.273344261724609
FE,B,1756,116.706026637745,0.107456206483285,0.0115471937080422,0.10745786945609,0.0482406888821188,3.5770176186392,6.64218504988746,8.39948976352824,6.64208225822443,5.87668241949624e-05,11.981027401999,360,1010.41086913546,91393.7497618994,5911981.95775274,5.6755810287438,0.291302333024998
FE,B,1756,116.706026637745,0.103355409418949,0.0106826693677243,0.103356999606821,-0.0164590901431541,3.07967639691935,4.00149542399237,5.49263083134138,4.3730378689969,-7.15671151988275e-05,8.37460057492275,360,1012.57837309974,86926.7213672397,5469361.03794124,5.51325785839928,0.305251702753801
FE,B,1756,116.706026637745,0.105068311425499,0.0110396656515181,0.105069813226816,0.0106802802505198,3.26263071300925,5.09152749134581,6.43856462122633,5.10937395197546,-0.000171475476629437,10.2009744745181,360,1014.71129332352,88623.2815017198,5652162.28828451,5.54608631965302,0.290529053591245
FE,B,1756,116.706026637745,0.108998253222255,0.0118809291743863,0.10899967511138,0.0127150764165726,3.59214931963288,4.97272083007014,6.98298942936083,5.50272281217031,-0.000247608871736047,10.4755154256084,360,1012.84126599339,92841.5251860926,6082908.42393271,5.70694941489273,0.27484414908025
FE,B,1756,116.706026637745,0.107616276556039,0.0115815406063303,0.107617566439361,0.021263896724542,3.44720875127471,5.03657905277296,7.05113631999859,5.57339306768757,-0.000290338767010161,10.6100389228718,360,1021.79032062642,91199.1472655335,5929649.80538386,5.68263803819192,0.2896716972455
FE,B,1756,116.706026637745,0.10709262232935,0.0114691783962621,0.107094250061626,0.0185183317139833,4.43205906089127,8.06798245874872,10.2512334812215,8.06785983297336,-9.88581792007047e-05,15.6352761085944,360,1016.33298133862,91622.0529310406,5872045.83917368,5.69481202033174,0.288851561175971
FE,B,1756,116.706026637745,0.10716278008205,0.0114841446183339,0.107164101350844,-0.0121229760785173,4.41305963623928,8.06270048008323,10.2395103585031,8.06260107184479,0.000275129240750648,15.6250399441931,360,1017.84055616368,91109.9287526747,5879775.81089891,5.6609455229316,0.289642411254992
FE,B,1756,116.706026637745,0.10593692254595,0.011222919522733,0.105938281667832,-0.011960045814701,3.37430734381074,5.98598151155042,7.52644142722287,5.98590471515226,0.000250503510400203,11.1465573760949,360,1020.62514971216,89095.8573323569,5746019.48688414,5.54111800870922,0.298263742481716
FE,B,1756,116.706026637745,0.107924846091032,0.0116481198107081,0.107926455564463,-0.00257579554356058,3.61011754041067,5.87572262290491,7.45601329485214,5.87563500009358,0.000128828602541488,11.2610611141421,360,1011.70457103676,91413.5399500915,5963667.967729,5.60996381859967,0.284831585718721
FE,B,1756,116.706026637745,0.105838656377828,0.0112021707930537,0.105840307978831,0.0216725183149811,3.25851615507622,4.55096647929358,6.93969614613289,5.49140340682995,2.14160572102899e-05,10.042455578891,360,1002.14779547289,89525.4622891666,5735332.68047928,5.59247897094991,0.28934844500825
FE,B,1756,116.706026637745,0.10560909653552,0.0111536012875885,0.105610611623967,0.0346564208268255,3.24782780831374,5.45318744243998,6.85856886835627,5.45310921108456,-0.000168918621230405,10.7095729095858,360,1012.36261625884,88852.9798973996,5710494.61574017,5.6386899294441,0.298871688856886
FE,B,1756,116.706026637745,0.110627939353309,0.0122389007813869,0.110629565584372,0.00195760843225798,3.37563962918543,5.2057934225429,6.57754688535768,5.2057168984878,-0.000150498577675041,10.2237131584862,360,1012.42863589636,93742.0664327502,6266144.57103272,5.77773767815772,0.276880855277014
FE,B,1756,116.706026637745,0.110229791784465,0.0121509773983041,0.110231471904824,-0.0335679048765266,3.15669223353701,4.60102597396091,6.21794241511284,4.94085001474095,-9.65224642276671e-05,9.54195129704244,360,1000.4832362673,93515.8396984979,6221115.5524414,5.76361858109187,0.270535951536856
FE,B,1756,116.706026637745,0.106659028583678,0.0113765029353376,0.106660690675326,-0.0143082417704418,3.00938101177676,4.24573254547518,5.31780387256237,4.24566638430033,-3.09643809426623e-05,8.19168193377842,360,1008.55353801671,89995.3218632621,5824588.46064883,5.61936790854466,0.288346038723217
FE,B,1734,115.243878240234,0.111298615081034,0.0123877443629387,0.111300244217786,-0.00295564127817802,3.0574073098246,3.83445024282793,6.15824382262982,4.9096338505802,0.00015643857829729,8.74415595831801,360,867.133641399805,93440.1705792881,6342351.96216054,5.54754524095446,0.236532028374731
FE,B,1734,115.243878240234,0.113816360365756,0.0129544989458856,0.11381783228425,-0.00485476002013941,3.19488752117186,4.31571421800345,6.19229849698612,4.91617604725462,0.000264138437469713,9.23195384320432,360,862.524842134381,95537.4947205813,6632567.63171593,5.56752891336464,0.222469130129516
FE,B,1734,115.243878240234,0.118307487979254,0.0139970249914508,0.118309023288381,-7.12495693096051e-06,3.61898049099312,5.33475358775075,6.814056140643,5.33468435807029,0.000272263735153128,10.5550204267896,360,860.94782980265,101384.536410281,7166328.74410009,5.77366089507766,0.19863348227904
FE,B,1734,115.243878240234,0.114459700903125,0.0131014252284541,0.11446145739267,0.0103364174425634,3.66665902216971,5.51409178055846,7.03533849881649,5.51400716303931,8.55682019726536e-05,10.9098481160638,360,864.962341753716,98651.1362338726,6707727.59147099,5.66539283364061,0.209434945339185
FE,B,1734,115.243878240234,0.111607013336987,0.0124565122050368,0.111608746095621,-0.027219591986176,3.20998282828456,4.92885768199016,6.209869835903,4.9287811600239,-4.98695505193922e-05,9.00142084128333,360,869.5300028414,94534.4101612639,6377537.48580017,5.51663660622688,0.236578309158879
FE,B,1734,115.243878240234,0.113095605524769,0.0127910101415689,0.113097348074873,-0.0239624320208486,3.08543132972128,3.99912228787253,5.03541799001746,4.0063591530725,-7.46090617561404e-05,8.0055431699709,360,867.091862247268,94893.0853219322,6548798.23590495,5.5877990312599,0.231843074501942
FE,B,1734,115.243878240234,0.111516880991232,0.0124363815538667,0.111518525608379,-0.0452897302921452,3.28357618435472,5.26692169990147,6.64711784492463,5.26684402608279,-0.000147746639706702,10.4448665266509,360,863.437257254111,94030.6049229867,6367250.7248332,5.55187055817079,0.233483973275502
FE,B,1734,115.243878240234,0.111596027294332,0.0124540543032183,0.111597734310416,-0.0565876601342275,3.21062868620625,5.26318628573512,6.62632309092807,5.26310577922933,-9.05199207181488e-05,10.4374588026306,360,868.693907836651,93268.9240612778,6376284.92887213,5.45713715833519,0.244867666525628
FE,B,1734,115.243878240234,0.114983755579811,0.0132216738995985,0.114985537784534,-0.0289955939155425,3.06633157057424,4.54629095561147,5.70338155232771,4.54622049091331,5.76623668891302e-05,8.69683575935468,360,876.384264209298,95102.4349549963,6769288.89339375,5.51246146152383,0.230863089950652
FE,B,1734,115.243878240234,0.115558736876315,0.0133542211125642,0.115560465179767,-0.0232966573180914,3.13142454472895,4.52367014528935,5.6980820328931,4.52360249001716,0.000133698523000778,8.65356323807617,360,869.040548164271,95073.3642019368,6837165.84599188,5.50540161987569,0.216902329654818
FE,B,1734,115.243878240234,0.112314639041493,0.0126149537913572,0.112316311332581,-0.00634185001145155,3.07142917797935,4.33028552835656,5.50788196257848,4.381807491491,0.000136268006967494,8.71215826207847,360,870.225064308869,93463.7216524112,6458673.51515687,5.4382214891938,0.231055080773079
FE,B,1734,115.243878240234,0.110148498245844,0.0121330702403383,0.110150216705816,-0.0110981960587083,3.03874901975909,3.77232497115271,5.61316525910936,4.4679753624829,2.41644653798182e-05,8.24037003986801,360,865.201618047026,91901.3026333253,6211938.43154334,5.44655890158972,0.239325799401797
FE,B,1734,115.243878240234,0.109433438007728,0.0119760289556259,0.109435044458464,-0.0242332143381802,3.1007709529009,5.81673065235387,7.32640105686203,5.8166452657094,-0.000150497409448798,10.0369339528089,360,866.634971177974,92065.6795130737,6131558.40183022,5.41531932168045,0.237739953594288
FE,B,1734,115.243878240234,0.113393414196514,0.0128584276847495,0.113395007318442,0.00548042555215978,3.18365235731109,5.61359614896919,7.08282975544372,5.61351728180097,-0.000201306378312726,10.410630304602,360,872.463240897176,94799.5321966096,6583350.73362987,5.44753234878243,0.225763173508344
FE,B,1734,115.243878240234,0.116036615287455,0.0134649069645796,0.116038385737564,-0.00417246114456388,3.75606253416713,7.05910977053202,8.98349225339694,7.05900206650305,-9.95044317201327e-05,13.6001559924566,360,861.187029397394,98255.011602502,6893827.0658346,5.54249476385836,0.216305129629726
FE,IR,1796,166.586203208556,0.122242714587412,0.0149434908507795,0.122243571817824,-0.119931961479955,3.96995312013532,4.86489463433022,6.99327890216694,5.40903676223354,-0.000507349001270071,10.2739693275834,4123,588.041228593838,102735.810521027,7651091.79876484,6.22277576661617,0.0779441701679018
FE,IR,1796,166.586203208556,0.122650227631792,0.0150433896827123,0.122651496862909,-0.15404306704594,4.03868691508037,4.54910585897645,6.96798842139738,5.39104691603079,-0.000398448673803871,9.94020856360735,4123,579.049606969233,103934.893686376,7702137.39005967,6.21159839345642,0.0865880305990568
FE,IR,1796,166.586203208556,0.121549103437132,0.014774518723248,0.121550478087287,-0.127320296709271,4.01888124029394,5.36332777923074,6.91891068853438,5.36326712377729,-0.000357108992593245,10.6172114789007,4123,563.995845322291,105251.799567666,7564447.78046386,6.19782741123919,0.109977607241199
FE,IR,1796,166.586203208556,0.123321503147313,0.0152085668958629,0.123323018515859,-0.104472195140745,4.14472526589634,5.39269332129511,7.8030397976133,6.00368693676013,-0.000318606913638812,11.3964540310641,4123,581.341785013584,108274.185083312,7786646.84777885,6.14241050104933,0.110241417687062
FE,IR,1796,166.586203208556,0.123005416670806,0.0151307158935695,0.123006974979346,-0.113677529409701,4.11556684447244,5.4065509015298,7.82008185808776,6.01911229334603,-0.0002991181382942,11.4257394487055,4123,587.209734684788,107089.751258246,7746776.0615929,6.15142662427925,0.0957659107476858
FE,IR,1796,166.586203208556,0.120753193282198,0.0145817455188265,0.12075489852932,-0.152423257282094,4.15709010883969,5.38135050132938,7.55109921234172,5.8138698942264,-0.000209400498685362,11.1953024976074,4123,551.087385746357,103688.521511788,7465665.29067358,6.15179686881566,0.0899529223139588
FE,IR,1796,166.586203208556,0.122128222653832,0.0149157688765879,0.122130130912023,-0.132754722752141,4.01003133464722,4.80740794213018,7.44015878989253,5.74840347666298,3.12623689811347e-06,10.5559012378193,4123,581.615965728953,103197.640477488,7636635.02251583,6.18350043816974,0.0776477173161727
FE,IR,1796,166.586203208556,0.121865423573578,0.0148516380832381,0.121867297021137,-0.113022693138145,3.85640917249542,4.81777497117375,6.80972210592074,5.28151477972983,8.65633850022825e-05,10.0993709440811,4123,578.559743436588,103858.217846401,7603808.7393859,6.16761457958926,0.0804559578855743
FE,IR,1796,166.586203208556,0.120333964324948,0.0144807039148946,0.12033579648174,-0.16143266668264,3.94597557118782,4.58262164675627,7.43440427181241,5.75049503593639,0.000107597679456659,10.3332042374291,4123,542.066653117142,103593.94494402,7413900.56345007,6.20051904225576,0.0836091095221819
FE,IR,1796,166.586203208556,0.120776792890338,0.0145874491813411,0.120778512912443,-0.17304347672507,4.01719884367648,4.64461338504582,7.40547345984275,5.72941646346769,0.000200941089068647,10.3741114430213,4123,532.90481772099,103016.185868875,7468581.92770762,6.18209638681461,0.0918596715419132
FE,IR,1796,166.586203208556,0.121893281087059,0.0148583786798828,0.121894949361665,-0.170929413804623,3.94307033112048,4.96614728255207,6.99686368464371,5.43027232156442,0.000240038787922633,10.3964939247463,4123,529.202645144746,105703.855670409,7607311.15133912,6.22189462790649,0.104177205598291
FE,IR,1796,166.586203208556,0.123412028103076,0.0152309845888911,0.123413875187886,-0.177201212706387,3.96590559763613,4.90503232088741,6.72812374471389,5.21045751836239,0.000141632947134127,10.1155678231958,4123,535.958827918131,107656.045946841,7798040.95397872,6.3833705378232,0.10870015224253
FE,IR,1796,166.586203208556,0.121387862681283,0.0147354733193216,0.121389757884764,-0.179621677531162,3.92827023627073,4.76856332578267,6.83202505288387,5.29733945472898,1.92496674979344e-05,10.065985486772,4123,521.105777498737,105421.106968369,7544326.94949891,6.35429257783571,0.100505416792298
FE,IR,1796,166.586203208556,0.120220627152661,0.014453435615738,0.120222442229968,-0.157331683792048,3.91115224734777,5.00376692695712,6.6563631339872,5.15870553242009,0.000123479165157127,10.1625503449245,4123,538.728912769462,102770.774765204,7399943.38962716,6.23382965092687,0.0842520042760596
FE,IR,1796,166.586203208556,0.121797152449721,0.0148348479717633,0.121798390678052,-0.149503328906789,3.89266703158052,4.93899886807992,6.73579818157956,5.21174593582447,0.00040244514708588,10.1507977881601,4123,529.834946663682,103931.104937986,7595370.65316141,6.18052003711164,0.0798455777354254
FE,IR,1772,164.360106951872,0.118974768836432,0.0141554363404949,0.118976620982842,-0.193210202887827,3.99183426606444,4.47042884328598,6.68823526063581,5.16437923837341,-4.04545816363325e-05,9.63488847842385,1051,634.469470419315,98623.5340568281,7247358.59363237,6.17528846926214,0.0792386770236344
FE,IR,1772,164.360106951872,0.119896913765578,0.0143757125817562,0.119898759717339,-0.196695674160157,3.93158256837329,4.28404547171704,7.49424098952894,5.78790473574772,-8.1177414004225e-05,10.0720393189573,1051,609.860105968696,99269.0825484633,7360141.56876281,6.15225732739898,0.0785564180421029
FE,IR,1772,164.360106951872,0.121649150099659,0.0147989772294847,0.121651046972415,-0.177467120751303,3.92310605540017,4.51447022400898,7.37763170878423,5.704534539153,3.09600242741513e-05,10.2190937138546,1051,620.279539050767,100044.279665289,7576840.53924631,6.13031106918762,0.0775469120580739
FE,IR,1772,164.360106951872,0.119627169784489,0.0143110907119135,0.119628971039266,-0.171460854693663,3.76312863878191,4.59077538062858,6.05006031137775,4.69839822072916,0.000127515952810147,9.28924434625837,1051,643.908851369254,98895.836921711,7327066.11257494,6.15562780886495,0.0782419782503154
FE,IR,1772,164.360106951872,0.119490657146927,0.0142784439367011,0.11949244301085,-0.198215826834659,3.82383996871705,4.02591656497587,6.46356100715123,5.01437634528068,0.000139320050252515,9.04036785330249,1051,637.725709846289,98438.754726736,7310354.71562708,6.16040884623667,0.0783136827345452
FE,IR,1772,164.360106951872,0.12125912075042,0.0147042319929854,0.121261007718827,-0.215959353932522,4.01327845053001,4.44911665492911,7.10681725440992,5.48758794491279,4.33523838044195e-05,9.93678999469732,1051,640.757102838219,98944.743913996,7528333.42977592,6.14250532663112,0.0810365279318989
FE,IR,1772,164.360106951872,0.122955859883435,0.0151186103517607,0.122957758404099,-0.196689203217008,4.00930637583289,4.38772071704597,7.02823420040457,5.41186219383478,-7.47294302052492e-05,9.79966647365045,1051,631.353962689639,100151.496752717,7740492.32057068,6.18148048286612,0.077003570710465
FE,IR,1772,164.360106951872,0.123579335849464,0.0152723135860387,0.123581202397608,-0.165990336596493,3.79556131910531,4.03678942609415,6.72694117306846,5.20088755256142,-0.000126185401023943,9.23775553310763,1051,634.266549504594,100540.638819898,7819196.50321831,6.18759967547346,0.0734846460725897
FE,IR,1772,164.360106951872,0.122360493830974,0.0149725504073285,0.122362373331545,-0.156479223205933,3.74935481131778,3.95111794752483,6.26036179005231,4.85240386907174,-8.90810387166204e-05,8.80359635124056,1051,660.788620378672,98929.9344678478,7665714.37356579,6.10875465983256,0.0740856575217711
FE,IR,1772,164.360106951872,0.12117384111502,0.014683557143378,0.121175728359181,-0.157462489194345,3.80708535711887,4.10243407692003,6.317501950751,4.89992230145985,3.85791517878858e-05,9.00243269311634,1051,653.367141155235,98203.2127098097,7517747.84346751,6.1686745348167,0.0737255597294373
FE,IR,1772,164.360106951872,0.121030639422199,0.0146488621511418,0.121032483867521,-0.14534547314196,3.79906763334073,4.1072880172719,6.28811165933339,4.8738681008915,0.000106323782423079,8.98123039343174,1051,640.858923494462,99128.3080878314,7499994.61407857,6.23521815571685,0.0750561381461359
FE,IR,1772,164.360106951872,0.122512103300225,0.0150096690949445,0.122513954694739,-0.131158569774644,3.81464340774159,4.35892198456594,6.90163990130108,5.33677602680246,0.000124146122167832,9.69577866036219,1051,639.783926006744,99507.2749433432,7684726.20288857,6.19197514306677,0.0729951497996048
FE,IR,1772,164.360106951872,0.122114862865746,0.0149125050123589,0.122116767941012,-0.144816417900139,3.7928551655692,4.37310158582309,6.91351706766399,5.35413397674819,2.7131948429854e-05,9.72731909071823,1051,627.820122813309,98189.9773506836,7634964.71493271,6.10096506961913,0.0737686097944765
FE,IR,1772,164.360106951872,0.121084977101684,0.0146620080383547,0.121086778957716,-0.158606871249782,3.96549084166571,5.02338855024451,7.01299421761567,5.40642640386282,-0.000147746783390497,10.4298954067139,1051,580.628977642165,99049.4435798183,7506735.87482569,6.18199828707462,0.0773357697918762
FE,IR,1772,164.360106951872,0.121778945365111,0.0148305722859375,0.121780837104766,-0.122320031883356,3.9519821375223,4.99476231918069,6.9695205614953,5.37561388539738,-5.19969726896416e-05,10.3704597104906,2845,556.031516424752,100531.454259268,7593018.4860875,6.20575388650063,0.0806669155764088
FE,IR,1755,162.783288770053,0.124627924345163,0.0155325990982264,0.124629848343911,-0.161104035885989,3.80720267831411,4.31060190188278,6.51591724430789,5.04531765502023,-7.63025496704114e-05,9.35599744622761,1039,598.186653465087,102364.330081441,7952448.17693968,6.19195786770428,0.0829073416382026
FE,IR,1755,162.783288770053,0.128572228108763,0.0165313343850344,0.128574236863512,-0.145810808040901,4.08605729187465,6.10915210252458,8.71882298598753,6.70724209323765,7.74705362286497e-06,12.8164989867004,1039,604.31034790055,106532.448236357,8463778.76499399,6.21323960378835,0.0784755381983223
FE,IR,1755,162.783288770053,0.127376521078778,0.0162252837272565,0.127378505750603,-0.148102564365106,4.1898514968556,6.16649984647587,8.81433707106926,6.77020450597308,-3.78812944438518e-05,12.9368098399754,1039,609.850002163651,104865.997591125,8307087.13166191,6.20197056570912,0.0754512635586154
FE,IR,1755,162.783288770053,0.125125873841829,0.0156569649175006,0.125127794344424,-0.162771416558438,3.83526169035553,4.22417485661266,6.60850880855596,5.11265394056001,-9.30985203274193e-05,9.33690726907347,1039,590.248681563647,102398.744375666,8016124.38800093,6.19164135266587,0.0731913516051499
FE,IR,1755,162.783288770053,0.124229167195155,0.0154333682445303,0.124231108199719,-0.188368455970113,3.71021453190022,4.01500861050935,6.40695089981431,4.96987739287693,-5.49810593530485e-06,8.98496365467317,1039,620.564751911979,102544.378489052,7901637.63442581,6.21840502731728,0.0741044574560204
FE,IR,1755,162.783288770053,0.124523475964615,0.0155065723549269,0.124525388395005,-0.17235888474094,3.78935126563581,4.01826264933714,6.61687891720934,5.12692829377724,9.10591518625059e-05,9.14526968243163,1039,652.074093100806,103924.983525625,7939125.43110496,6.19146070108744,0.0768593648401533
FE,IR,1755,162.783288770053,0.125542231237068,0.0157613386176559,0.125544169986726,-0.184064088355926,3.85419799962512,4.30511589495804,6.5753398910774,5.08532365241218,7.58166027839742e-05,9.39051808006312,1039,565.795803046624,103796.604133119,8069559.07547717,6.18836883664552,0.0802307906316658
FE,IR,1755,162.783288770053,0.123197505818666,0.0151780958983747,0.123199415170587,-0.199849741414441,3.84655320869829,4.38705192605701,6.23953907237871,4.82667433354277,6.21052526453633e-05,9.21380106484725,1039,552.346924645043,101811.664515901,7770946.19931665,6.21474804591137,0.0841193953298568
FE,IR,1755,162.783288770053,0.123877720608494,0.0153461644429584,0.123879636918092,-0.188321471629453,3.8268542447282,4.31893840954021,6.23271205650446,4.82675066370615,6.91941950710718e-05,9.14576374001112,1039,591.638935087399,102576.55841108,7856995.55593983,6.18356842873801,0.0856413505288443
FE,IR,1755,162.783288770053,0.125143076298586,0.0156612789343603,0.12514503160078,-0.176447560359037,3.72752786277425,4.27526844829817,6.15816494506973,4.77794533323168,-5.10687150600408e-06,9.05328843469701,1039,576.394901712471,102377.437711428,8018324.26036606,6.16295374368534,0.0862478349682297
FE,IR,1755,162.783288770053,0.125953374296433,0.0158647457993052,0.12595533255605,-0.162092902282242,3.75833212303134,4.3858481377818,6.08670045807624,4.71789277352906,4.97057190198251e-05,9.10381426273114,1039,574.476841151824,103465.886770922,8122498.54261307,6.18111919668715,0.0838618977709659
FE,IR,1755,162.783288770053,0.126447925797405,0.0159895578562519,0.126449823472601,-0.173297375794508,3.98489890207279,5.2790340493323,7.39678793232767,5.70536094733979,0.000140555672854789,10.9844806202352,1039,626.311702272761,104149.645912817,8186418.0176911,6.18589856346354,0.0815812207900323
FE,IR,1755,162.783288770053,0.125767759955739,0.0158180237554098,0.125769725114631,-0.170298758773791,3.91180238314856,5.30758364454341,7.43179530357556,5.736212621766,1.45500251165195e-06,11.0438858963485,1039,643.123210545579,103443.671155019,8098575.06994366,6.18132539416994,0.0777443020552484
FE,IR,1755,162.783288770053,0.123993885825591,0.0153749562786977,0.12399579137494,-0.160407646703732,3.69733954616471,3.73305519410873,6.00734879675431,4.66118609275783,-8.89427660153022e-05,8.39431292039968,1039,609.063940493892,100851.635863983,7871739.71116221,6.18428087941203,0.0748453997865225
FE,IR,1755,162.783288770053,0.12385157719923,0.0153396618925897,0.12385338870047,-0.143607163828544,3.86352276090593,4.57156046111417,7.23711584232801,5.60193900808733,-0.00017506165002792,10.1735814053358,1039,636.559295007696,101353.425255955,7853692.83645008,6.17305860574772,0.0748217620111677
FE,IR,1732,160.649946524064,0.126587738290205,0.0160249494790012,0.126589689465616,-0.101153419604171,3.64633653567621,4.13915746591105,6.07101398048632,4.70990565336314,-8.23777852713564e-05,8.8491357159745,1025,734.511237642128,105077.762456602,8204524.68149163,6.18850144059758,0.0735482522432461
FE,IR,1732,160.649946524064,0.125495649817857,0.0157496498434354,0.125497608915211,-0.080038130512947,3.67402703675799,5.52386953866869,7.09707280908764,5.52378330755805,-2.1361844826187e-05,10.2748349700358,1025,717.80183660738,103790.938568865,8063569.19253398,6.17671339841961,0.0765568208420503
FE,IR,1732,160.649946524064,0.124630253727755,0.0155331809692379,0.124632182718742,-0.0780532962094746,3.69340314069889,5.56222567578638,7.14768916255312,5.5621395866001,6.77267452354548e-05,10.0340055548772,1025,668.793076474343,102800.708008781,7952744.82214574,6.19758032744294,0.081604175863844
FE,IR,1732,160.649946524064,0.125816031468937,0.0158301253506683,0.125817826044914,-0.081376952196658,3.74718978128595,5.38891404040308,6.93917905589353,5.38883717676632,0.000207642340404048,10.7500683533176,1025,669.729584668891,104773.351284215,8104815.0476116,6.19311105055743,0.0818981473277803
FE,IR,1732,160.649946524064,0.124250267509216,0.0154385493397952,0.124251959098419,-0.0494093915540029,3.82299766843537,5.45682349086665,7.04256525973172,5.45674920066013,0.000249180623965516,10.885537434629,1025,660.108644414135,105053.498559657,7904353.82544831,6.22345170365829,0.0843277742337414
FE,IR,1732,160.649946524064,0.126997572818972,0.0161288392815004,0.126999367248425,-0.0858739155650845,3.68907171224846,4.83733707676859,6.79740430793679,5.27297852093293,0.000219651171438205,10.1103901029677,1025,699.761872503655,106172.88978067,8257757.05463147,6.1706361263466,0.0831656814394073
FE,IR,1732,160.649946524064,0.129263533405086,0.0167095827139434,0.129265551149343,-0.103628622882572,3.70403503346427,4.78831869012531,6.68307541695079,5.18053673015592,2.29974791693771e-05,9.96893628607503,1025,710.720164690686,108913.898584325,8555039.53047605,6.22056851524112,0.0814210233075841
FE,IR,1732,160.649946524064,0.127855631314992,0.0163475614547044,0.127857582703195,-0.0797452075195589,3.60968678925591,4.84104600313081,6.64777090874675,5.17092672763685,-0.000108929088279472,10.0120516516983,1025,721.023269077348,107142.813081309,8369702.05377335,6.27410519422287,0.0804058513255027
FE,IR,1732,160.649946524064,0.128151013334897,0.0164231923054652,0.128153003497636,-0.0678212980746411,3.57157270272335,4.14321959304402,6.10218417798365,4.75233849701526,-5.60183482440488e-05,8.89563189304183,1025,702.421690566286,106535.61344117,8408414.90264407,6.28079067334493,0.0771880456390618
FE,IR,1732,160.649946524064,0.128908482567941,0.0166179148562748,0.128910491645462,-0.0820501905838115,3.67117088096851,4.11887393863124,6.22314669782024,4.83017631767913,-3.64901846614819e-05,8.94912553606287,1025,691.66801395715,107215.372204086,8508107.88312535,6.24138032798631,0.0763790010379661
FE,IR,1732,160.649946524064,0.129422557319157,0.0167507047612537,0.129424513757069,-0.0905475106607151,3.69729263869388,4.91396707113211,6.50708867908715,5.04535256831868,-0.000130542332000043,9.95939590837369,1025,675.771492310678,106341.93573211,8576110.2738859,6.28890056551317,0.0733975784377855
FE,IR,1732,160.649946524064,0.12864375448307,0.0165496691931862,0.128645517579068,-0.0854542331296088,3.65521108394675,4.94371598126623,6.52799961277776,5.0759040437323,-0.000252094182006377,10.019689591579,1025,707.745648413655,106336.803190922,8473230.90504857,6.31033888614012,0.0730654040969387
FE,IR,1732,160.649946524064,0.126952196987396,0.0161172187097785,0.126953608494515,-0.110476971038012,3.68433821184472,4.63575694746321,6.28180054397117,4.88551573394666,-0.000381147258711466,9.52132700059772,1025,746.152051804958,105318.823299733,8251906.86353745,6.23553303171935,0.074492696930021
FE,IR,1732,160.649946524064,0.12662239443767,0.016033581489922,0.126623779322535,-0.124051997698189,3.76152953729368,4.41699708303746,6.3120725537576,4.89824150802988,-0.000387727518269379,9.31529216374348,1025,751.064773463823,106006.197485433,8209091.12579842,6.23514252587563,0.0780211347166953
FE,IR,1732,160.649946524064,0.126891843556169,0.0161020263879386,0.126893760240363,-0.129787278331273,3.78076347718279,4.38800625164859,6.52478478408546,5.06170722602061,-0.000129466093502904,9.44978993407459,1025,750.884163604723,106820.432716903,8243997.04123512,6.28327869470716,0.0838195638419569
FE,IR,1796,166.586203208556,0.184620628597991,0.0340858383822092,0.184623504414279,-0.00883065662323488,3.85991350325121,5.08873701720569,6.86557116496302,5.27916219574242,5.74818013074079e-05,10.3679814459074,3276,1236.24810806077,132195.119901558,17451407.2585913,5.54660439393099,0.112497241667912
FE,IR,1796,166.586203208556,0.183631020570125,0.0337214054262797,0.183633889645348,0.0328604300993545,3.68684009111413,5.11616078791879,6.62195805833642,5.1160808535985,9.12499459108444e-06,9.75161325423528,3276,1177.39066143527,130155.514627013,17264820.1170292,5.49687519842936,0.116047018794592
FE,IR,1796,166.586203208556,0.183407983186022,0.0336395358598384,0.183410838992243,0.0247182911375333,3.57339032640377,4.74985386959414,6.11888166653045,4.74977991179369,-6.05972045436378e-05,9.39094338166112,3276,1233.07821553832,128814.834586255,17222907.8865612,5.45723207129554,0.118030422441958
FE,IR,1796,166.586203208556,0.187508885175739,0.0351606783591061,0.187511808585769,0.0264633194450917,3.72340517497322,6.14866751999721,7.91331736404439,6.14857165896087,-4.93147140719914e-05,11.0837934385098,3276,1158.86136791008,132728.807964161,18001707.2334209,5.48801815477467,0.118891452855812
FE,IR,1796,166.586203208556,0.1882635377245,0.0354442664137721,0.188266477137519,0.0423976714281586,3.67455979629234,6.12402064640962,7.86020488070176,6.12392503179839,2.92591439576851e-05,11.0393641609694,3276,1309.98498641318,133251.687018139,18146898.1709684,5.51141184796745,0.117921304787204
FE,IR,1796,166.586203208556,0.181186948725855,0.0328297360002679,0.181189778961916,0.0340680893202799,3.51815423468355,4.55825720251931,5.87584124920781,4.55818600124083,1.78204295870452e-05,8.97830664937893,3276,1203.1522347823,126406.651462846,16808299.8668293,5.47172049645199,0.121116084998299
FE,IR,1796,166.586203208556,0.178910441347866,0.0320099397166388,0.178913218395508,0.0377671197921877,3.73612577947709,4.96380328479112,6.44374256114683,4.96372623783878,8.13465754260373e-05,9.86288962417794,3277,1155.00299143113,127566.141344122,16388583.7413839,5.44642912124122,0.122107499958335
FE,IR,1796,166.586203208556,0.182032512807106,0.0331367856939284,0.182035122143855,0.011662267039072,3.77155919694711,4.87866822663174,6.91592660475154,5.35506275004633,0.000292488450612252,10.2338077385807,3217,1326.17372811232,131673.115869617,16965591.6891874,5.50542929026272,0.117783651070052
FE,IR,1796,166.586203208556,0.183430295885995,0.0336475451382486,0.183432671948725,-0.00151592827499604,3.70474205233966,4.79393151186689,6.86258636547459,5.31426321950531,0.000424024009155123,10.1082635696342,3277,1443.47034540683,132960.584740527,17227188.8295375,5.35430488595365,0.121290372667317
FE,IR,1796,166.586203208556,0.182515696134012,0.0333128399088213,0.182518053651745,-0.0210747909044527,3.79773930542442,4.72119230289099,6.66806461897326,5.13648583554964,0.000424797256096207,9.85774448537243,3217,1255.92070423368,132364.21052098,17055825.811154,5.48461560525292,0.124460226551726
FE,IR,1796,166.586203208556,0.186056500824622,0.0346180633862703,0.186059300724985,-0.0265128867105081,3.67131450068341,4.63134422030716,6.50137531535558,5.03872364166306,0.000199818199828659,9.6701436879913,3276,1270.61104765814,133006.946146496,17723935.4234585,5.39723207895316,0.126961498734529
FE,IR,1796,166.586203208556,0.187101776528658,0.0350081687445181,0.187104699953043,0.00173062338584459,3.70644902132262,5.39379448868405,6.96609871754204,5.39371021314028,-6.39806673100043e-06,10.5682746160004,3217,1198.85628339192,132914.772749864,17923622.2972429,5.41018459469982,0.126588632620507
FE,IR,1796,166.586203208556,0.181730958235797,0.0330271359998168,0.181733695279155,0.00183170794491349,3.94382858234144,5.55320095629411,7.28310237675431,5.59282499863183,-0.000193078958353612,11.14611018826,3276,1253.8448886709,132231.090292211,16909403.3564184,5.51767283946815,0.13122152791312
FE,IR,1796,166.586203208556,0.179776071724175,0.0323203358597181,0.179778574529108,-0.00254933942979872,3.7977863586086,4.74733855091087,7.34812357921243,5.65364786495418,-0.00033183633520717,10.4010651247701,3217,1156.53599361174,130332.727431447,16547607.5773203,5.50850752618663,0.133429193550627
FE,IR,1796,166.586203208556,0.182723865618142,0.0333888734145411,0.182726225305896,-0.0142266602658695,3.80695774481128,5.3062851603144,8.34332455407991,6.44113155673773,-0.000425504629626999,11.7474998975344,3217,1393.08032517551,132605.676610316,17094754.3647355,5.54821318758105,0.123771610843352
FE,IR,1775,164.638368983957,0.156958725967174,0.0246368054468367,0.156961159038906,0.0530585081166328,3.76587646828262,5.00914216159067,6.5969183758582,5.11064851304212,-7.81701472930432e-05,10.1198698965706,3237,899.31682586613,122300.90535588,12613656.4536943,5.89380041173887,0.157760951401312
FE,IR,1775,164.638368983957,0.155527047232718,0.0241894182831592,0.155529477216247,0.051414061309272,3.79199154321257,5.05525299850437,6.63880220784018,5.1576931164773,-7.55579685184648e-06,10.2130266997388,3237,1072.30430076301,121991.299928506,12384595.1794111,5.87693917960681,0.161777464500036
FE,IR,1775,164.638368983957,0.155357125148792,0.024136589272209,0.155359548377977,0.0646396420862799,4.22322270778978,6.04162746294811,7.82048639683343,6.04153322832816,3.6478802439485e-05,11.8443004187203,3237,1071.52473905116,121875.286710606,12357548.884117,5.87717458273976,0.159078324166639
FE,IR,1775,164.638368983957,0.155778204098096,0.0242676069907225,0.15578063740633,0.0478194856499397,4.13353903340016,6.02529653809943,7.80275401337273,6.0252024223998,1.56212705311454e-05,11.8122844791064,3237,1187.26360372739,120659.308591184,12424626.7465405,5.80683770809129,0.155077986603725
FE,IR,1775,164.638368983957,0.157631831393624,0.0248485690602967,0.157634288973867,-0.00604192670879702,4.0414811446104,6.29288483405644,8.80902850590764,6.81448415434808,-4.15450885332924e-05,13.1074752305352,3237,1121.31186117458,121298.368904647,12722071.5465939,5.82111130289256,0.15139476698809
FE,IR,1775,164.638368983957,0.156688053654849,0.0245519049860385,0.156690475096728,-0.0105274357304086,3.99232913272874,6.33078871045625,8.81917019834491,6.85553071257982,9.17558562081032e-05,13.1864253677382,3237,1020.24114738834,121221.445887549,12570191.123792,5.88538883657826,0.150134989053993
FE,IR,1775,164.638368983957,0.159173357008349,0.0253369142669143,0.159175733913541,-0.0206478871627249,5.41840386778446,8.51213882677017,12.0897029819029,9.26217761887048,0.000187331160996349,17.7744547559614,3237,921.738396405073,126304.571193076,12972130.6489799,6.09975736572552,0.147802783489349
FE,IR,1775,164.638368983957,0.163754826264917,0.0268164542178975,0.16375730279257,-0.0177982544611635,5.58713301041426,8.27398949565126,11.851850890196,9.00304227646434,0.000164077268102589,17.2771679286105,3237,887.810787584717,130195.08119596,13729623.0583525,6.19320185120462,0.141205673752951
FE,IR,1775,164.638368983957,0.161853361285738,0.0261973232839017,0.16185587194755,0.034438019308396,4.36661668726161,5.87227697953059,8.33111844750792,6.40066173380938,7.70839972980592e-05,12.2730380001071,3237,1009.49019108071,128430.59770765,13412616.4476206,6.05179826959332,0.14854772209526
FE,IR,1775,164.638368983957,0.161345931059281,0.0260333130403354,0.16134842125145,0.0433881435751757,4.61306289006154,7.35140718057756,9.57952041945503,7.35129372166392,-9.98503050818626e-05,14.399513989156,3237,1085.07907639963,128763.521786666,13328649.953007,5.93692076827415,0.149795399955987
FE,IR,1775,164.638368983957,0.15659635100963,0.024523164682616,0.156598737806586,0.0433078664099241,4.44890502249046,7.57437595766983,9.82585830473032,7.57426051294957,-0.000137170739287972,14.8362524184145,3237,1153.53677698053,124432.754400926,12555487.2141331,5.91021182953467,0.155856078854807
FE,IR,1775,164.638368983957,0.152819369228377,0.0233544572655964,0.152821651821973,0.0297302951228091,3.95064056304578,5.14179668763067,7.30117820623666,5.64067391157559,-0.000179367088088236,10.7825548513937,3237,1068.34579502744,121936.44538742,11957141.3903983,5.86066364466178,0.164980523708716
FE,IR,1775,164.638368983957,0.154272811627101,0.0238008003287598,0.15427508006402,0.00741663630871519,4.06464459935632,5.2242557635769,8.19347826722414,6.30931662830078,-0.000209412467015868,11.5336651644578,3237,958.710317593242,122928.547647718,12185673.8541276,5.9594261168602,0.162035423271335
FE,IR,1775,164.638368983957,0.157125893133329,0.0246893128576269,0.157128332447165,0.0292204709761854,4.07761240411011,5.35847600306956,8.03806096255016,6.1947473941891,-7.0543223616674e-05,11.5533195681235,3237,1068.50146962589,122802.411564001,12640538.2332934,5.81488666309374,0.159641715019026
FE,IR,1775,164.638368983957,0.158888333342863,0.0252462909869421,0.158890814671403,0.0358898728437087,3.89961131201398,5.2990380734813,7.05501251551929,5.47025803055358,2.07875894621217e-05,10.7693815320024,3237,1203.50752992585,122691.862983428,12925697.4793445,5.66856321999296,0.15834165653541
FE,IR,1755,162.783288770053,0.150894952077875,0.0227699924206962,0.150897290965399,0.0338789808278727,4.51296325128132,6.92229603999699,9.04241085310759,6.92218874534815,-7.55258304949931e-05,13.7821362263974,520,987.633329714163,124006.978179537,11657877.6292837,5.86197094219738,0.222548571334063
FE,IR,1755,162.783288770053,0.156418350271605,0.0244674621334532,0.156420785490462,-0.00526184200886778,4.66056934110056,6.67785798412057,8.78094106453487,6.67775402066306,5.26918313169016e-05,13.2954655371435,520,989.659323480341,128825.530191726,12526951.9759672,5.8960101856591,0.207961676830229
FE,IR,1755,162.783288770053,0.151445153154833,0.0229363174083291,0.151447408060782,-0.00362285012953366,4.13754092416903,5.91057050913149,7.77794975848694,5.98171307996139,0.000183754403371718,11.8923726523619,520,1003.59774549467,125217.686183459,11743062.1040217,5.96666796444078,0.224681249093784
FE,IR,1755,162.783288770053,0.154234206116346,0.0237889151830169,0.154236555923092,0.0163640206906137,4.33710157257764,6.68384506039144,8.87149948639362,6.8243054067195,0.000136223793902095,13.5082544375549,520,985.158643800844,126778.019185693,12179562.9533422,5.92822510440734,0.222508581845895
FE,IR,1755,162.783288770053,0.156188838014071,0.0243957154478714,0.156191278398864,0.00741760043974072,4.60960220662209,6.60019979533532,8.81207101284088,6.73889972148026,-6.19857063314255e-06,13.3392048092847,520,984.60178218686,128674.956709336,12490216.0149037,5.95576840022848,0.21468476649574
FE,IR,1755,162.783288770053,0.152643485254323,0.0233007582112549,0.152645858808075,0.0313846831816116,4.44267973515406,5.97051569361262,8.03650369386574,6.15136868312102,-5.93971876759826e-05,12.1219800284033,520,1009.73244401421,126285.659195957,11929618.9674443,5.95558562094336,0.225864028776505
FE,IR,1755,162.783288770053,0.153528127300003,0.0235716067091563,0.153530474854852,0.0520019216853809,4.54577976125516,6.06985728722823,7.94699113990119,6.06976447618913,0.000125601749308476,12.0385974361694,520,985.76742118037,126985.304946851,12068301.6437704,5.91917347693463,0.219646208661235
FE,IR,1755,162.783288770053,0.156096673415727,0.024366872030475,0.156098917454526,0.015409162604181,4.52080082347452,6.13683711958117,8.04306055361419,6.13674889795334,0.00024675034369663,12.0073625917463,520,976.568864944074,128695.734029697,12475510.9412623,5.95840858089484,0.209952418719058
FE,IR,1755,162.783288770053,0.154052898903454,0.0237330355142883,0.154055300182396,0.0122715118088124,4.10512198442102,6.21825273318042,8.09321940865855,6.21815580850904,4.24691596206274e-05,11.2517664795903,520,1012.60989730612,126216.066834542,12150936.2997422,5.899412711962,0.223750306215621
FE,IR,1755,162.783288770053,0.153769849403788,0.0236459032042334,0.153772244583453,0.0129030950703268,3.94405227152567,5.02009822673332,7.05839837448833,5.45654368402421,-4.81238525891557e-05,10.4767269040285,520,997.345899859005,126332.908901424,12106326.4594085,5.96479253170728,0.223726200026411
FE,IR,1755,162.783288770053,0.151959931207142,0.0230925421941662,0.151962305175218,0.023984569874906,4.34308824291946,5.97013892799186,7.74908888246093,5.97004566197295,-1.18429954148071e-05,11.6014438152767,520,965.656926301804,125417.05012892,11823012.2621562,5.94892441966329,0.221988045761448
FE,IR,1755,162.783288770053,0.147814478352579,0.0218498007046991,0.147816780862996,0.0511628003626162,4.47070876846494,6.16964614371568,8.0874128796071,6.21540603601272,4.59588730392086e-05,12.3851489972885,520,979.074217769975,122970.712037043,11186750.5262119,5.92234850958924,0.236839367034642
FE,IR,1755,162.783288770053,0.148307099450671,0.0219956735006709,0.14830938439853,0.0785156622427336,4.66575482000501,7.01155544204403,9.15072413820626,7.01144741760137,9.80387540459873e-05,13.2064127037857,520,986.389220846636,124554.463644821,11261442.7438138,5.97566795714836,0.234566339095774
FE,IR,1755,162.783288770053,0.148280750484597,0.0219878666401601,0.148283062553213,0.0464478091705205,4.42920586802704,7.01280137070212,9.10788486170787,7.01269202525376,-3.80124682963586e-05,13.0716504471099,520,1006.79663918045,124010.378483575,11257437.3780952,5.9301420975879,0.236965530101712
FE,IR,1755,162.783288770053,0.150017630518408,0.0225059649010394,0.15001988168586,-0.023772655901971,3.9547820107109,5.98612254251701,7.76316690744116,5.98603271599485,-0.000166963234065218,11.0051060208482,520,1021.06081763891,123972.638879888,11522722.4783792,6.02887946985179,0.232012479471003
FE,IR,1733,160.742700534759,0.158321116148403,0.025066310336275,0.158323435840292,0.0249304910601834,5.32090662989256,6.80035382276861,9.06669137644471,6.8002541866944,-0.000220917177242429,13.0613174692056,3245,871.886893684684,136383.030447977,12833599.7961261,6.21111039075962,0.17937732420695
FE,IR,1733,160.742700534759,0.155395694836432,0.0241485159659391,0.155397927804521,0.0337445051893274,5.03847639485101,6.20996928371884,8.46176839981502,6.37873854994639,-0.000246269937871566,12.588799493345,3245,856.942182196835,134690.4725821,12363715.9015444,6.20567330138158,0.188036231510296
FE,IR,1733,160.742700534759,0.145459385215272,0.021159062152708,0.145461548708612,0.0104570662223494,4.22207158535966,4.98750734597239,7.07903197251142,5.42996217760955,-0.0001783681284869,10.4175502862429,514,812.26993557629,126744.03341763,10833133.8483518,6.18060824029597,0.214739112432947
FE,IR,1733,160.742700534759,0.143959276552639,0.0207249207530278,0.143961525252505,0.000932453439490189,4.11712331649179,5.03947900874957,6.56807100520902,5.03940029135787,1.4363318787236e-05,10.0294068870852,514,811.923403471647,126440.484432216,10610828.0374749,6.22949352503819,0.219308624676086
FE,IR,1733,160.742700534759,0.149950630768147,0.0224858822041847,0.149952933296367,0.00280494497648204,4.33577539360368,6.083324283555,8.63633614916998,6.60560612010402,0.000110215240473578,12.6890318343394,514,783.894319570311,132291.197013952,11512424.3533299,6.34393554230562,0.203308623141895
FE,IR,1733,160.742700534759,0.152460126685243,0.023244798399958,0.152462449147185,0.00683976558329107,4.57392449748492,6.58577182025515,8.63119310828653,6.5856714991302,0.000135014341389244,13.082749328053,514,820.675951631281,133573.311385615,11900983.5280312,6.37659344901666,0.199887213284959
FE,IR,1733,160.742700534759,0.152792973470398,0.0233464137681566,0.152795332939709,0.0225294601315106,4.61648994558433,6.57142526407296,8.62817694209966,6.57132378796147,9.24618809550428e-05,12.5672961182199,514,800.038114605932,132130.005887952,11952999.0608202,6.3197124273839,0.201559942595658
FE,IR,1733,160.742700534759,0.154234861786526,0.0237891290173905,0.154237249124167,0.0405274406433375,4.77150388921004,6.11260146081184,8.12190407384248,6.15083370149376,8.35655429027306e-05,12.2635303685168,514,833.7950028645,132949.628652074,12179660.5737127,6.23987454891615,0.192280001270304
FE,IR,1733,160.742700534759,0.160019661176651,0.0256070892338161,0.160022152322159,0.101158610321836,5.74506820087877,7.77847297080167,10.4133997306413,7.77835187939204,5.43213827349685e-05,14.7039426923872,514,801.747223425581,138326.22689785,13110422.9937593,6.24998932557392,0.17675401832077
FE,IR,1733,160.742700534759,0.156233234094626,0.0244095582396755,0.156235585702091,0.098460867312005,5.55308640367584,7.96698997158018,10.5682577036442,7.96687005502589,0.000167316124620786,15.0603035342122,514,827.159159079244,135792.566441159,12497331.9226787,6.22810741148323,0.188015895471988
FE,IR,1733,160.742700534759,0.147864972389927,0.0218647177390399,0.147867230105388,0.00525234190482169,4.15518355411117,5.26880011611093,7.05084845898557,5.42745653096979,0.000124872988523083,10.6963395176371,514,847.61177349253,127099.675573836,11194401.6128281,6.14022135761789,0.213286041513493
FE,IR,1733,160.742700534759,0.154442029418389,0.0238530647300849,0.154444374226078,-0.0135866029829892,4.69705039448873,5.65699886117546,8.31362507685675,6.32488104308011,-0.000145358379919427,11.9819759314171,514,824.03588465284,134206.002956097,12212409.1286354,6.2461296750299,0.191383747431441
FE,IR,1733,160.742700534759,0.156487552649703,0.0244890603560725,0.156489809112519,-0.0290115635371117,5.05270947287371,6.423359859543,9.4806849429364,7.17003903512896,-0.000243025424760239,13.5935022826169,514,814.859629155749,137628.304057337,12538067.5545359,6.33552393520663,0.183584873291161
FE,IR,1733,160.742700534759,0.147228013760041,0.0216766614549335,0.147229961132011,0.0018675841487533,4.69068072905015,6.82734106463258,9.97530795232762,7.62098985362484,-0.000322453816764713,14.4484317204189,514,818.686905766575,128959.924077972,11098210.3079558,6.19281559737092,0.217677760491956
FE,IR,1733,160.742700534759,0.146032664748746,0.0213261278220763,0.146034680203287,0.0507944595326067,4.1596773567437,5.43401096189558,7.76501002707784,5.96016922725568,-0.000278914032890658,11.3942624478032,514,851.399610213209,126775.834161527,10918715.8869161,6.18556486510156,0.218086938292517
FE,IR,1796,166.586203208556,0.198029124328178,0.0392125563319555,0.198021605720072,-0.039769755596957,4.29740020418383,4.58758835030468,6.6833750107597,5.03677236455368,0.00205015672929689,9.62416948279763,3303,735.865870301147,131182.808890978,20080505.4463458,5.86225799892366,0.0633379739439496
FE,IR,1796,166.586203208556,0.201356399632281,0.0405456645856209,0.201359540587529,-0.041259585904739,4.41158078452442,4.50810753854342,6.47667168158133,4.85321878687454,4.62522705477787e-05,9.36140203069996,3435,752.05326739268,132232.133272853,20758733.7182683,5.774733789407,0.0616470467044406
FE,IR,1796,166.586203208556,0.192799855676976,0.0371713651449814,0.192798768525583,-0.0257562821838098,4.38837434260016,4.64840148000573,6.73683064276166,5.06871445688798,-0.00125730236695597,9.71708735564836,3300,859.499930138281,130756.278005362,19032762.9550557,5.75475186466056,0.0638471831930023
FE,IR,1796,166.586203208556,0.191264563369155,0.0365832686463877,0.191267531605309,-0.0200001463751781,4.38547932513342,4.52085827124182,6.39453552312097,4.8038905787588,8.82130992428133e-05,9.32482340161355,3299,947.937457962066,128400.949419564,18730056.1680662,5.71041465376708,0.064345562948842
FE,IR,1796,166.586203208556,0.190159041093797,0.0361615908639755,0.190162012147473,-0.0282214390637934,4.43979279503897,4.54714105797572,6.44033121905099,4.83181831494627,-9.76992251063093e-06,9.37903486547538,3302,834.912768361835,127473.569548953,18514155.9885281,5.80377588699681,0.0666984710151049
FE,IR,1796,166.586203208556,0.207821173146834,0.0431899651395351,0.207821955383773,-0.0403851034479371,4.95062180482074,4.59168080174505,6.72168553706189,4.94934968787751,-0.00101220304377019,9.54104911892819,3272,972.542670900311,130700.525933687,22113620.2493698,5.52565374647882,0.0550408650759033
FE,IR,1796,166.586203208556,0.204354848010379,0.0417617599786763,0.204356942575182,-0.0485626490525188,4.8519321699662,4.66956619931025,6.75141111280164,5.03326932303443,-0.000670060943723948,9.70288711157229,3434,822.651517350126,131154.952912244,21381812.6596355,5.69033587051491,0.0633127469787053
FE,IR,1796,166.586203208556,0.203678912895915,0.041486392044558,0.203682085723212,-0.0513112664787405,4.82441136050722,4.92165918357957,6.87926531517968,5.12857759005382,-6.29575645624253e-05,10.05031666453,3435,673.590184239608,134091.386171022,21240373.0033232,5.90156787816252,0.0715931005017399
FE,IR,1796,166.586203208556,0.205736314370497,0.0423278771555509,0.205737398534031,-0.054983455647466,4.83144158950475,4.872441674786,6.83367725338687,5.07734319466813,0.000936291282677111,9.94981162540318,3434,745.784721872386,136975.397676331,21672093.5267118,5.86621285654364,0.0688945917331186
FE,IR,1796,166.586203208556,0.196851220329019,0.0387467768800511,0.196842009947194,-0.0432810670637366,4.51731096334532,4.89515022337391,7.16969945048144,5.39062046613265,0.00219929573959964,10.285518470228,3434,749.906024195134,134262.219519708,19842682.7855935,5.83692423783563,0.068235388942248
FE,IR,1796,166.586203208556,0.199992848887072,0.0399976517627775,0.199994129320782,-0.0372117457192232,4.59462911478748,4.8182537552087,7.10126005593888,5.30565857617786,0.000858935275462345,10.1239463003216,3328,776.288648566047,131422.803303265,20478913.2149771,5.81734122896789,0.0593645796704891
FE,IR,1796,166.586203208556,0.193534972228231,0.0374560040820229,0.193535537000373,-0.0428677325185793,4.49352392419021,4.4508835712973,6.62842468736031,4.9754026990344,-0.000975650289233529,9.42630078951036,3271,864.12754412875,126562.58569347,19177849.5258312,5.6940020210085,0.0538484014315417
FE,IR,1796,166.586203208556,0.206029773578378,0.0424492227365096,0.20603209152098,-0.0462647725715622,4.82088101040298,5.12860451086759,7.38372650181015,5.49097263991526,-0.000609427976675576,10.619638927094,3300,906.793919494091,129256.629682172,21733703.1647291,5.64966543247834,0.0537520492766943
FE,IR,1796,166.586203208556,0.202661931425161,0.041073045213238,0.202664859344776,-0.0346254304688541,4.61045915163708,5.2138318169404,7.41173227486879,5.58220394568556,0.000311076199003608,10.7961164104532,3272,974.332709433771,132454.285313694,21028841.071009,5.75907522133911,0.0605594985912669
FE,IR,1796,166.586203208556,0.204433123885845,0.0417934383043716,0.204434435221593,-0.0465855900239754,4.47965976578928,4.91782897849235,7.83094713508361,5.88950888198591,-0.000877429370757744,10.8073756387178,3298,810.894456487345,133380.365305928,21398360.0763013,5.80515494800976,0.0646928113343203
FE,IR,1776,164.731122994652,0.198788007206986,0.0395176557686073,0.198790482087567,-0.047210843372652,4.0104644284938,4.38108950199017,6.0252790398465,4.60643773619985,-0.000500966525884643,8.98758458764214,3316,1235.58383179474,131492.578703768,20232664.425272,5.52135077481896,0.045241175433538
FE,IR,1776,164.731122994652,0.199931662624932,0.0399731683850997,0.199932909709982,-0.0429096699487464,3.76707969910655,4.17117178989471,5.67374509436493,4.36879117981518,-0.000866311942719816,8.53999022029188,3316,1075.05773179718,129160.31968848,20466391.1449839,5.48129249307268,0.0475777421723914
FE,IR,1776,164.731122994652,0.201120719688532,0.0404498308280063,0.201121433039859,-0.0244098824303858,3.85583742533909,3.95289287215821,6.21742283707998,4.75216515751284,-0.000988492407759903,8.70507488503695,3315,1364.63083518967,130242.381367938,20710666.7402556,5.45321848127223,0.0481770661562841
FE,IR,1776,164.731122994652,0.197567511782591,0.0390270391354562,0.197552623711902,-0.0307165088826659,3.78794097350041,4.20624353071495,6.29435560804664,4.83801353058663,-0.00266498995886105,9.04389248371092,3315,982.512326961991,129606.627944744,19988492.1867134,5.61498918401948,0.0480893577089954
FE,IR,1776,164.731122994652,0.201293399775877,0.0405111131805947,0.201273727000308,-0.0411705947843791,3.81408428883313,4.94202738338604,6.5428282727073,5.05385716912165,-0.00303077300751336,9.99539062971662,3316,1233.22928472874,129333.302628743,20750447.8085623,5.46284419679147,0.0466974072811252
FE,IR,1776,164.731122994652,0.201242919969463,0.0404990807961008,0.201243834181574,-0.0291609444820081,3.86291172560486,4.94326704232978,6.56033985271184,5.05460787056242,-0.00094743760201306,9.99789787510987,3316,1271.81060329412,130580.028187668,20735800.5506877,5.46997680317942,0.0454175814169817
FE,IR,1776,164.731122994652,0.191255298885965,0.03657926179042,0.191257056838225,-0.0317707488777513,3.75850104836584,4.91577768885705,7.10060499002775,5.49429237308278,0.000686049175190963,10.4101205635664,3316,1361.70307959909,127881.9204782,18728478.7265671,5.54317866856377,0.0497226714969128
FE,IR,1776,164.731122994652,0.196075124621824,0.0384461601290507,0.19607692400956,-0.0463193357156616,3.97331926624107,4.79494037274053,7.00176144665482,5.35923436167983,0.000704137001561767,10.1542239162868,3316,1213.21635181392,128444.19958527,19684326.5470795,5.54615672823517,0.0481155492219765
FE,IR,1776,164.731122994652,0.195246323111382,0.0381207425859348,0.19524533947302,-0.0403646000824672,4.10192614196529,4.40433486563174,5.83940356393657,4.43092745314035,0.00125513974729638,8.83523999604584,3316,1216.99918106177,128316.250074968,19518823.4560312,5.51111096225576,0.0478459853317958
FE,IR,1776,164.731122994652,0.191966699708022,0.0368504900436352,0.191964814597976,-0.0457848311740462,3.96585278646385,4.47957999785274,5.87003396047281,4.47962398769158,0.00136942724108161,8.88900200070389,3315,1062.4672357396,128100.036318846,18868781.6332272,5.59372711931884,0.0505247013485819
FE,IR,1776,164.731122994652,0.199913687410413,0.0399665462546024,0.199916348142423,-0.0643873768199797,4.01923584635685,4.09386094976151,5.89736683044407,4.48391791700284,0.000430248761042609,8.57783854503894,3315,1202.5969343718,131237.199450713,20462421.7735342,5.555555056992,0.047201266377908
FE,IR,1776,164.731122994652,0.200771248511875,0.0403102725040205,0.200774182862291,-0.0517115984994758,3.90651905060026,4.0763747014499,5.84205784168154,4.46475977418086,-0.000285343673892038,8.54119972984319,3315,1370.39120719288,130128.655289694,20638297.9318128,5.5176455684919,0.0441552907606667
FE,IR,1776,164.731122994652,0.20213466595707,0.0408589000072004,0.202135845428762,-0.0385086840107025,3.75573307860167,4.31711832320235,6.04773669619169,4.66074305136905,0.000894435576737247,8.97788857037409,3315,1254.80657527795,130423.294724638,20919922.2727751,5.59817624696274,0.0460581188794758
FE,IR,1776,164.731122994652,0.206174356171084,0.0425028559261098,0.206162207802763,-0.0422195960148236,4.1116519352238,4.23253059383164,6.09393420222369,4.61553757105533,0.0025174254108398,8.84779620453528,3316,1168.29785853609,133873.667992976,21767271.6996702,5.55091990520702,0.0449182655532801
FE,IR,1776,164.731122994652,0.199077976691516,0.0396298595809237,0.199072498303818,-0.0369020176965996,4.23127144996859,4.3621655974802,6.32616343361109,4.77991397080447,0.00184923113107123,9.14194803077192,3316,1413.64172198312,130658.678039444,20293355.746972,5.36598104964025,0.0453998671663124
FE,IR,1758,163.061550802139,0.197881712503423,0.0391569253807116,0.197881088992131,-0.0324396026900694,3.76897827499157,4.82204818463263,6.25904858885987,4.82206337861357,0.0012126073123252,9.63310414114081,3279,1182.33590159779,133898.13877878,20049224.9479195,5.64512949209747,0.0512581217421261
FE,IR,1758,163.061550802139,0.204706834371021,0.04190524998138,0.204707718421607,-0.0285410552415673,4.01810323873235,4.66127648097815,6.11674320766532,4.66125635079332,0.000973445368936437,9.31192722524272,3278,1554.46353970483,138963.232672344,21455787.7836274,5.60686387967591,0.0490959097076523
FE,IR,1758,163.061550802139,0.200138855999484,0.0400567474991027,0.200141818466563,-0.021953804243779,3.85757613426823,4.31301935521373,5.93933877171557,4.54549077373595,-0.000256817131679101,8.85857741157057,3279,930.432656231277,135379.10291321,20508481.3333023,5.70569703367842,0.0526015716245129
FE,IR,1758,163.061550802139,0.19470576770726,0.0379112545348659,0.194708126524976,-0.0174274308701415,3.65147823425721,4.26646254559636,6.83221524127601,5.27379685979091,-0.00051591696234109,9.54032329628073,3278,1534.17226867927,131004.653651275,19410228.2792366,5.42926908415771,0.0552467055206619
FE,IR,1758,163.061550802139,0.198991810265174,0.0395989391978724,0.198994822037842,-0.0280884122771744,3.8145933559623,4.53459294639821,6.73262527589007,5.16019007795045,-0.00019703194805614,9.69486112464543,3278,1475.33246384885,134928.492517873,20274063.0355651,5.40984730244866,0.0547536724441452
FE,IR,1758,163.061550802139,0.1965108989797,0.0386174303934679,0.19651318122067,-0.0432695791440586,3.70976063339986,4.59184128668956,5.97451523339672,4.59178795851968,-0.000556613907277901,8.86578761703361,3279,1343.81983960908,133662.696643522,19771823.7315058,5.57230901318885,0.0556656216606282
FE,IR,1758,163.061550802139,0.196345266638624,0.0385521908016823,0.196347118139489,-0.0363423436026081,3.79257851021373,4.3368162029035,6.36804364285023,4.89412637071593,-0.00069114808300685,9.23098872435869,3279,1401.97482956686,133004.275384696,19738594.0052142,5.60695164816011,0.0529985413347596
FE,IR,1758,163.061550802139,0.198143397300184,0.039262009337487,0.198146434077142,-0.02267573344356,3.87061063211583,4.60166887215183,6.3133278565547,4.84968408932576,0.000153277407221765,9.45142728850081,3279,1561.0021944685,133734.535275671,20101544.6410978,5.46683743215803,0.0527507275968481
FE,IR,1758,163.061550802139,0.196142086144759,0.0384726032053339,0.196144342781876,-0.0308089284423164,3.67861344121728,4.64862142286863,6.00160337410232,4.64856794056323,0.000563045943338133,9.06924530065635,3279,1137.32770429954,132922.935415051,19697681.8852423,5.60489923843524,0.0559418434597277
FE,IR,1758,163.061550802139,0.19682852570911,0.0387422643585635,0.196830547320693,-0.0365872172170882,3.65205421149893,4.14613644941318,5.64105600126197,4.36877227275271,-0.000644104043789587,8.51495359351063,3278,1073.12372529831,131880.593484649,19835844.2988266,5.53904402146645,0.0553561522819238
FE,IR,1758,163.061550802139,0.19842108261877,0.0393695187409156,0.198417536374474,-0.0281258728260499,3.65640056546509,3.78527902004575,5.54380373804003,4.28243755064965,-0.00162406408430922,8.0676400336181,3278,1643.87126698438,132326.422356137,20159264.5601024,5.46477846588611,0.0530334084166932
FE,IR,1758,163.061550802139,0.194704957421373,0.0379111653421434,0.194707897482725,-0.033590698331797,3.64858291356767,4.16744189917747,5.97306471980082,4.63504625100113,-0.000199565107710084,8.80255813976966,3278,1455.56781475261,131413.133233126,19409950.8343359,5.53318863486969,0.0574850165243212
FE,IR,1758,163.061550802139,0.194197022390215,0.0377085099994261,0.19418679151638,-0.0520581939947276,3.67489295127921,4.25305946232077,6.37042686125043,4.94272950940276,0.00226977900621104,9.19552857410575,3278,1461.69295813724,132073.344245656,19311429.31829,5.47050048504592,0.0590309329777892
FE,IR,1758,163.061550802139,0.194981008179531,0.0380097613832094,0.19496092270814,-0.038923234130067,3.75129957599825,4.23595862665113,6.37950358460031,4.92310341699146,0.00300332691198963,9.15855490269712,3278,1339.75352673945,130456.654560139,19469626.1220221,5.56519973897554,0.0548794562479508
FE,IR,1758,163.061550802139,0.19234877749282,0.0369952843093887,0.192341582372062,-0.0271797729342331,3.77168713120196,3.96870688145829,5.57934425933431,4.30209819044347,0.00198090793030455,8.27064414487952,3279,1065.04511004807,131160.398064525,18945011.8090902,5.65872198841971,0.0559130121399308
FE,IR,1737,161.11371657754,0.208861189777217,0.0436234246563648,0.208862214525186,-0.0180530219994139,3.65648562096365,4.28325857619906,5.54193743146641,4.2832375610981,0.000967042300205405,8.37311694874236,3269,1060.05395537503,146650.609235986,22335453.0555096,5.49359457753954,0.0573189893684456
FE,IR,1737,161.11371657754,0.209944306644384,0.0440779321618935,0.20994745095355,-0.0222446388240688,3.52927791903494,4.17819331639891,5.54821232458091,4.30418924597312,0.00023909386837426,8.48244702566667,3428,1057.64472776097,144867.52341747,22567254.5413474,5.41242994999962,0.0602786543672117
FE,IR,1737,161.11371657754,0.210518352714058,0.0443192631237143,0.210521407756347,0.013221310818481,3.41428246385731,4.29813102325293,5.51040908537039,4.29806864968161,0.000314138025374951,8.59064779893353,3295,916.221261118749,148004.429704817,22690854.6533261,5.52074402373874,0.0597206462159713
FE,IR,1737,161.11371657754,0.207262508977892,0.0429590391467925,0.207265624614388,-0.000753495097020959,3.55051040716259,4.36564947141942,5.62459391736973,4.36558384656316,-0.000225723262825298,8.66056883156246,3239,1141.50268611312,147345.367903426,21994392.8719845,5.47870423347485,0.0603315698471097
FE,IR,1737,161.11371657754,0.203690727783903,0.041489771644416,0.203690381816167,-0.0354510105915581,3.55820797071587,3.8261644550959,5.63270399731024,4.37023954937823,-0.00119895624776866,8.19639658164296,3268,1181.26874648629,144964.047847591,21243571.2269339,5.43429490954843,0.0654989514212489
FE,IR,1737,161.11371657754,0.206104438214786,0.0424785127447915,0.206103160443482,-0.0205538921176628,3.68168536105769,4.92303689429356,6.37139333510003,4.92306741549111,-0.00136167564588711,9.45795839623173,3268,1215.63226072087,146114.261946802,21750217.5295409,5.3960772220735,0.0619376436787488
FE,IR,1737,161.11371657754,0.209478038965148,0.0438822508242999,0.209480908018606,-0.00766022594691023,3.77418737705349,4.8437523972518,6.289913876271,4.84368605715093,-0.0004114665505373,9.30563992074838,3268,1187.86627980302,146808.99491742,22467183.6528584,5.4102090573333,0.058793337513111
FE,IR,1737,161.11371657754,0.210920919655732,0.0444889771029066,0.210924102707364,-0.0136378062553767,3.66404119940851,4.60115119697505,5.94052738528307,4.60108176108963,-0.000218004696170591,8.99551973094671,3268,1244.58369018625,147385.485144446,22777693.1145579,5.33387008311399,0.0609255361118446
FE,IR,1737,161.11371657754,0.206652541283523,0.0427064900017014,0.206655486260833,-0.0289211297662218,3.75642822817656,4.69618730993282,6.08544838285822,4.69612038615875,-0.000342629609520677,9.18132089084472,3428,1012.24418818852,148381.045143206,21865159.7349471,5.49498821751264,0.0614246871339386
FE,IR,1737,161.11371657754,0.20368513793115,0.0414885867846079,0.203687473312936,-0.0236319128553781,3.84837033494051,4.16448866088685,5.86427568168608,4.50760852172915,0.000587492775069804,8.6721488652618,3240,1178.82520211946,143292.653553695,21241846.0462429,5.47875520469099,0.063043566016281
FE,IR,1737,161.11371657754,0.207694450694665,0.043137612673971,0.207695962103193,-0.0132840112499141,3.70273604887809,4.60657073760963,5.95439539378245,4.60653721548322,0.000848661171486839,9.13577519748413,3326,872.817658571826,146985.699070296,22086504.9794993,5.62978529256273,0.063654965809845
FE,IR,1737,161.11371657754,0.202632904729055,0.0410607591987314,0.202634545916365,-0.0230001224594911,3.69568911692118,4.72163778243841,6.15770768960151,4.75862941852382,0.000786148159061119,9.48030574259111,3268,1120.44276087383,145803.688431285,21023084.5838178,5.44767167905236,0.0633006679071235
FE,IR,1737,161.11371657754,0.197472636335691,0.0389958374610942,0.197473637382548,-0.0164774091077251,3.6316606945724,4.31407573845261,6.30443122368016,4.88299463253846,0.000907336869277026,9.19709512432665,3239,1055.69507747638,142434.724853222,19966087.8565453,5.51640296166284,0.067023627768747
FE,IR,1737,161.11371657754,0.206037802855747,0.0424520645426583,0.206038987918933,-0.00203468053282897,3.37319960237542,4.13473594464861,5.6739703774697,4.44375375685395,0.000915581772438162,8.5785152605452,3268,1077.88708048536,145652.119566216,21735636.2194583,5.46841831003452,0.0650160208471568
FE,IR,1737,161.11371657754,0.205418493033075,0.0421980706058355,0.205421689716143,0.0027267147576589,3.51546093413273,4.09128249841391,5.71887819808803,4.45710736723238,7.32383129865874e-05,8.54845922629363,3325,1001.37479523226,145413.575263118,21604742.4669632,5.56293654576369,0.0629455913712791
FE,OR,1797,102.871042780749,0.151024990420299,0.0228092601745209,0.15102734909453,-0.00217956106364749,6.23880707587611,6.25119149064237,8.72319219917398,6.25109386246863,1.86094336860488e-05,12.045886216195,1010,610.899178585959,118585.932944357,11677976.6158083,6.47785666755882,0.0657316692067192
FE,OR,1797,102.871042780749,0.150516952382516,0.0226560608689888,0.150519303974569,0.0351783827965464,6.53656648163899,5.68098974384285,8.06705786218848,5.71747301027416,9.35060946251806e-06,11.3985520806937,1010,637.548492047391,119222.796528976,11599540.7528995,6.4006515107482,0.0703223261850373
FE,OR,1797,102.871042780749,0.155478614205263,0.0241743532574143,0.155481038256806,0.0327967230820554,6.94571343348067,6.38901865061402,9.18776304058364,6.47408280639002,4.08205094406953e-05,12.8632023937824,1010,704.487589269138,121937.932598743,12376883.7825712,6.31508404630583,0.0678817122247765
FE,OR,1797,102.871042780749,0.157449315271768,0.0247910530280116,0.157451748253272,0.0186712366229057,6.77238747058076,6.30905103788127,9.02220306967412,6.39305138027986,9.25847951988185e-05,12.7022012066235,1010,761.347237908226,122301.175457479,12692631.2690591,6.29288093811463,0.0613551526137913
FE,OR,1797,102.871042780749,0.156122516074085,0.024374961640252,0.156124827110399,-0.00596273413096128,6.60570426795501,6.5691557206383,9.2662112980607,6.56905848077131,0.000200256341461186,12.9872574680695,1010,750.219893193703,121728.292730345,12479631.4242288,6.28811478762169,0.0590533954741897
FE,OR,1797,102.871042780749,0.155068603632076,0.0240470148079683,0.155070999248629,-0.0117450131986622,6.78584149026657,6.61380250783646,9.37840708243616,6.61370033441367,9.21609798889818e-05,13.0755244151664,1010,713.032963627349,121824.506405063,12311695.5268993,6.28368165426131,0.055904029331706
FE,OR,1797,102.871042780749,0.156326665586523,0.0244387888502605,0.156329104296866,-0.0137039145606026,6.57996994342421,5.73167526877296,8.5221266179622,6.02931391876867,3.51467178824397e-05,11.7610832453926,1010,694.629137525138,123235.813200834,12512270.1354652,6.33411948784776,0.0573074780732067
FE,OR,1797,102.871042780749,0.155546079285071,0.0241953338084684,0.155548493430404,-0.024210310541805,6.51128770218495,5.54203979324837,8.31789497357559,5.89585876623855,7.12507595003387e-05,11.4379900658752,1010,674.090940528256,121621.451232258,12387628.9813947,6.40737785880716,0.0640461886613625
FE,OR,1797,102.871042780749,0.150989893099481,0.0227986596020254,0.150992250138957,-0.0177863621804774,6.41876839909476,6.12638990556777,9.03692267608557,6.44294443171161,-2.59668982707985e-05,12.5694349153648,1010,658.493549306607,118921.455410509,11672549.6280627,6.41352089225355,0.0685909975019018
FE,OR,1797,102.871042780749,0.151408936217757,0.0229253743597944,0.151411275537175,0.00269449693619022,6.43758776485374,6.10943435727627,9.01092095990475,6.42511380881633,-8.95809533224346e-05,12.5346474362802,1010,669.808091648502,117972.648085371,11737433.0807842,6.32852211461003,0.0707484058526514
FE,OR,1797,102.871042780749,0.154053791468942,0.0237332989777187,0.154056155273714,-0.00115790785684646,6.63193139135181,5.99490363819546,8.78643383107597,6.22553188288802,-0.000115558775587068,12.2205310457819,1010,728.791297356108,121083.000141026,12151083.0103763,6.33609126830779,0.0669998874730177
FE,OR,1797,102.871042780749,0.156140762730685,0.02438069430359,0.156143185261445,-0.0108759041214837,6.47444206391535,5.93101218871444,8.63752404892039,6.14232061940952,-7.33432139502426e-05,12.0734281064969,1010,778.4027452992,123025.955712293,12482530.8592145,6.32559152072295,0.0603840068538044
FE,OR,1797,102.871042780749,0.156626367085053,0.0245325829793088,0.15662880635218,-0.0167775402264783,6.18094393008819,6.27807868948663,8.7872937955927,6.27798091749099,-5.03008048504933e-05,11.8358893082027,1010,781.423985778117,122508.723197514,12560292.5088983,6.30960515985137,0.0576942003661194
FE,OR,1797,102.871042780749,0.157069333415435,0.0246715464700123,0.157071787632319,-0.0123642984575292,6.45587797677669,6.26037327609712,8.81120903514686,6.26027545895234,-3.92225876158662e-06,12.0198489489502,1010,733.561255578951,122968.336141327,12631437.0455219,6.27908800281609,0.0559191268788865
FE,OR,1797,102.871042780749,0.157178893846249,0.0247059764606433,0.15718134895923,0.00590312962882245,6.57330084402841,5.97445269892361,8.42735633495526,5.97435938024125,1.64879228813659e-05,11.8368245486317,1010,688.140772404028,124570.855022258,12649064.9162555,6.30717030493935,0.0589406869289448
FE,OR,1776,101.668877005348,0.145131209919355,0.0210637225037801,0.145133464451794,0.0536257209641076,7.22436550638462,6.1909024146219,8.78326676540532,6.19080624389812,-6.18886414765587e-05,12.2991060707132,3266,535.228398013721,114629.08795798,10784292.8202338,6.22838116949888,0.116907182378169
FE,OR,1776,101.668877005348,0.143825202311597,0.0206862789573996,0.143827253875612,0.0854897900630029,7.67157907596637,6.76928820646963,9.65294643981752,6.76919164877481,-0.000237294731605818,13.1725894496495,998,543.994082715492,113459.550260357,10591101.5040878,6.12055582560039,0.116034286998001
FE,OR,1776,101.668877005348,0.14741048788761,0.0217304017692139,0.147412352837928,0.0776017891842194,8.2375298331077,6.6046470624485,9.4972955718913,6.60456350541678,-0.000359506751857194,13.1968393511156,998,572.592655369397,114887.650042669,11125750.3654827,6.16347278500073,0.118263834754998
FE,OR,1776,101.668877005348,0.150127981242293,0.0225390487211735,0.150130105978693,0.0728277130158479,7.60228962423285,6.1516242395712,9.25669955098132,6.47277423263311,-0.000257635372821075,12.6244900803037,3266,604.418731619486,115306.818548157,11539700.2882609,6.04893001487043,0.113137782103126
FE,OR,1776,101.668877005348,0.149371059685929,0.0223123954819529,0.149373342608221,0.0740462832746545,7.35579693584204,6.02391202893068,8.59411938112976,6.02381996348705,-0.000123499406407209,11.650846814792,3266,618.654074831809,113301.137147067,11423605.1065836,6.00140524286909,0.111720301112028
FE,OR,1776,101.668877005348,0.145740802059919,0.0212410399730321,0.145743061491901,0.0624281913650742,7.6572991047518,6.58578929252507,9.41364281314401,6.58568719405945,-7.20731270139489e-05,12.5603866803828,3146,580.117631913679,111860.940234319,10875077.9277899,6.07161393542513,0.117352450348221
FE,OR,1776,101.668877005348,0.147622488187759,0.0217930791155122,0.147624791669666,0.0598098592852729,7.94616408371992,6.50184281184486,9.38340832388412,6.50174135952707,3.06097218998808e-05,12.9102919079899,2980,568.235788615094,111515.051084834,11157708.7770414,6.04627264013466,0.107763432589759
FE,OR,1776,101.668877005348,0.143813974313534,0.0206831019948277,0.143816209082383,0.0516252224112252,7.67537317699039,6.19099236148545,9.41219835139149,6.57805686183538,5.96654300025747e-05,12.7691514417362,3296,523.533743093384,111310.960730829,10589420.9369602,6.07437169915561,0.118320931445551
FE,OR,1776,101.668877005348,0.143613225607402,0.0206254023412467,0.143615466929042,0.0694278712615077,7.64675087619819,6.25295645875218,9.17481605620558,6.39068629406096,2.77837917296649e-05,12.6437424900304,998,573.693779399896,112119.155294983,10559876.7825306,6.17245389171048,0.120350550278738
FE,OR,1776,101.668877005348,0.148241560682971,0.0219762435367426,0.148243865089732,0.0847009179723899,7.64757118565169,6.28124940142124,8.98987737265352,6.2811517612688,5.94524257503934e-05,12.4725050242718,3266,619.242967076745,113730.444290223,11251488.6894243,6.09745979479863,0.117599538930164
FE,OR,1776,101.668877005348,0.148052553432061,0.0219202247747389,0.148054803281552,0.0708801938222181,7.60663056167903,6.28926818700866,9.00731473301784,6.28917261491974,0.000137149694470372,12.4836373090148,3266,653.3626654705,112321.801454301,11222823.617656,6.13190587452888,0.113916083856182
FE,OR,1776,101.668877005348,0.14576223900422,0.0212472863119955,0.145764489200887,0.0878042007533876,7.98072279312057,7.02522951413887,10.1749895993761,7.02512106421308,8.93600867481789e-05,13.1436627454533,3266,634.782827812318,110767.100248058,10878278.8076959,6.16634553621402,0.112720875538326
FE,OR,1776,101.668877005348,0.145281119656497,0.0211072632716051,0.145283389524078,0.0686600648723496,8.06400251648259,7.0484945732838,10.2159884148866,7.04838444954987,7.68228038649413e-06,13.3064461846017,3085,633.655279200331,110355.173381038,10806581.128612,6.05704888890633,0.112569011496585
FE,OR,1776,101.668877005348,0.144151221530725,0.0207802231431427,0.144153470798114,0.0231938721671101,8.10035320406916,6.26672024103881,9.12085364681325,6.30690479955018,3.0126909890485e-05,12.5737234505444,3266,603.489143348238,110435.95921545,10639142.6742502,6.0870596733989,0.111635098237835
FE,OR,1776,101.668877005348,0.141121071111203,0.0199157708865986,0.141123247151554,0.0243600173095568,7.37005227200737,6.21103744578658,8.85431265647746,6.21094167511537,9.05141695957377e-05,12.1826829006782,3266,651.504873459186,108920.767096895,10196564.4310341,6.10543536111653,0.121910990750231
FE,OR,1756,100.523957219251,0.147882293581804,0.0218698509003464,0.147884586419094,0.069732117734399,7.3587049863005,6.8747133459702,9.78058837288152,6.87460675880316,7.27152600753141e-05,13.1968514596409,3290,503.469116559658,112379.12832128,11197019.1558075,6.19431153325554,0.0976808396566792
FE,OR,1756,100.523957219251,0.144005561674429,0.0207382489522552,0.144007808650278,0.0852427616647119,7.10050116080741,6.18226651989086,8.79805776757406,6.18217005704142,-3.01859638469085e-05,12.1152792952049,3140,515.522055799063,110203.842443507,10617652.5813732,6.19528158455393,0.104123885431461
FE,OR,1756,100.523957219251,0.150030357972072,0.0225098113204357,0.15003270083697,0.0530902003512942,8.32263183344047,6.12624302739519,9.57464264610169,6.56930852135592,2.06008783460182e-05,12.6956541346714,3229,607.760307305564,113189.290719442,11524663.6728608,6.07868959327504,0.100304592607449
FE,OR,1756,100.523957219251,0.147749526992971,0.0218305740251573,0.147751731039461,0.0507730657133032,8.37544511785163,6.22081473376046,9.67083358238286,6.67072455365761,-0.000175803661881894,12.891638797632,3140,584.479482729266,112169.084711058,11176936.2344152,6.08094446914948,0.098029991980048
FE,OR,1756,100.523957219251,0.143163312572195,0.020496310798124,0.143165326801303,0.0571373920696342,7.6421994001261,6.13226121111548,9.54680889295897,6.67436312032162,-0.000252543526204005,12.8067182360572,3140,595.44442875542,110453.226517496,10493848.4934548,6.15414944110731,0.105653471187667
FE,OR,1756,100.523957219251,0.15268130925776,0.0233122370610651,0.152683453789417,0.0653577661349495,8.37412239622034,5.90740070743771,9.52771809026114,6.51491094326068,-0.000271372450448848,12.4224031578569,3140,570.408523897128,115414.298571462,11935567.7392246,6.08951511122895,0.0945746861600853
FE,OR,1756,100.523957219251,0.151676785907025,0.0230065214072871,0.151679007800312,0.0611117926677509,8.22213143110322,6.75152399470378,9.74837313069584,6.75142509396556,-0.000211966016521484,13.3096739317499,3319,626.479758649266,112919.762045823,11779016.863646,6.01158874520636,0.0924847273898363
FE,OR,1756,100.523957219251,0.14560749968288,0.0212021810549641,0.14560968736648,0.0115640952483763,7.56469559076604,7.03294446866482,9.99738005334525,7.03283880359847,0.000159615455907141,13.6815755912585,3290,594.358944287229,111486.675268846,10855203.5522655,6.13755546048097,0.102409141913634
FE,OR,1756,100.523957219251,0.151557442668362,0.0229702294008146,0.151559326340594,0.0279327958803363,8.15478095610367,6.31369219040946,9.19009201861341,6.31361371997185,0.000383206247298578,12.5924009026931,3229,501.7527663387,113585.218332445,11760540.2983813,6.24975044435517,0.106652431350401
FE,OR,1756,100.523957219251,0.149448478271356,0.0223354718872427,0.149450566700976,0.0602867273967575,8.16858890088883,6.40278879545517,9.26621054673801,6.40269932256749,0.000271576651528745,12.7701004382372,3140,531.619007996398,113706.480297496,11435479.7542986,6.24967455571004,0.105046660371915
FE,OR,1756,100.523957219251,0.149489111506355,0.0223476723929271,0.149491378991991,0.0577959956671338,7.54629597359417,6.35718872077312,9.06042533816983,6.35709229491761,0.000142936330494108,12.6651591971869,3140,550.808491037227,113419.103856255,11441671.6142859,6.16454442358118,0.0966580112367302
FE,OR,1756,100.523957219251,0.153192692515389,0.0234687326037735,0.153195080220526,0.0843375652638101,7.6352409393599,7.16614371266901,10.2899049421835,7.16603202084356,4.28279674685393e-05,13.3216129223553,3140,579.486782955496,114067.697362277,12015617.4705771,6.12636164332516,0.0980795300385697
FE,OR,1756,100.523957219251,0.148199230953793,0.0219636902630938,0.148201519098469,0.0428931331171711,7.57952933282646,7.4076015322797,10.6347992964277,7.40748716324954,-9.03190040386701e-05,13.4475964390518,3289,523.863896129063,113572.595824118,11245066.3462891,6.1839396361706,0.100660830694922
FE,OR,1756,100.523957219251,0.153691159522902,0.0236216648778387,0.153693411953274,0.0248978943551998,8.20647884926775,6.1111325784268,9.0529090673957,6.21673654561328,-0.00021404364724929,12.3279602338102,3229,531.585148134436,115097.087115205,12093961.376581,6.11943412580214,0.0894940648199386
FE,OR,1756,100.523957219251,0.150403634452129,0.022621856011394,0.150405638230068,0.0638394329986777,8.10883120255479,6.24470981301679,9.18668469367139,6.35263054067413,-0.000322766193816065,12.5974249876891,3140,638.755916325709,112893.939875564,11582135.0056314,6.08362326994729,0.10531833055037
FE,OR,1733,99.2072994652406,0.157740126990799,0.0248827250651323,0.157742591157659,0.0288108239857168,8.80525142634278,6.67004587074167,11.1485287083641,7.72249421964063,1.35314271924527e-05,14.3926607287683,3177,420.016614738483,121941.270876848,12739557.2938867,6.2393602518676,0.0752267716466563
FE,OR,1733,99.2072994652406,0.156345793593506,0.0244446933402399,0.156347987963517,0.058826156926151,7.90177639300985,6.51048092699376,11.0885990974892,7.79137783781657,0.000278802457341635,14.3019681196287,3305,557.876575606776,119981.809588691,12515371.4712743,6.22016320229679,0.0783062341574449
FE,OR,1733,99.2072994652406,0.154593309570181,0.0238997397982981,0.154595406782666,0.0643661918463458,8.07967839818452,6.35531541717812,9.27706414044824,6.49418572208367,0.000313739433696854,12.8495892393705,3188,635.651083746059,116800.414305354,12236385.1594981,6.02230038307815,0.0716987824103124
FE,OR,1733,99.2072994652406,0.153838072663558,0.0236668789424018,0.15384043337953,0.0823747651931956,8.34424350051323,6.34617833689966,9.23243527897496,6.42558362733706,0.000115101707850323,12.7718605677725,3277,573.34955194577,116200.986201107,12117076.9146473,6.14479670160559,0.0770626732706195
FE,OR,1733,99.2072994652406,0.152852117079854,0.0233644976994106,0.152854498459845,0.0972254309326581,7.69125989722694,6.38711365455165,9.08411244853341,6.38701414721097,-4.62270046855246e-05,12.3305402924121,3277,419.826968897333,118264.126769403,11962251.1690425,6.34588822754723,0.0824150918979609
FE,OR,1733,99.2072994652406,0.153529759607189,0.0235721208764559,0.153532149325332,0.0703057912563017,7.5681639985567,6.16720156276664,8.78232000613825,6.16710557066644,5.32669018359776e-05,12.1732400158205,3188,474.855865835372,115535.8580449,12068551.6402306,6.27443126507655,0.076875304589057
FE,OR,1733,99.2072994652406,0.151647309469265,0.0229975107556824,0.151649301863485,0.0613307379586406,8.02626852846266,6.24375715398066,8.94880639098881,6.24367512244137,0.000338209692117848,12.3243506252138,3188,601.572787322579,115898.723323009,11774474.6751577,6.15971468200723,0.0795276583788357
FE,OR,1733,99.2072994652406,0.149602730400418,0.0223816100817509,0.149604846451413,0.0526217005779202,8.24056672802873,6.65793170925686,9.54768418048312,6.65783753768854,0.000257462277601002,12.8643341964831,3100,512.051540731375,115458.168268034,11459094.1268699,6.16938194174327,0.0848340663565522
FE,OR,1733,99.2072994652406,0.15035311260147,0.0226067639553436,0.150355458681564,0.0450126822857193,7.85477681118113,6.62470330870028,9.42072309640205,6.62459993975913,3.1224676524982e-05,12.800130887071,3306,492.571758916476,115781.361521554,11574302.4343236,6.22901848248227,0.0798008675178804
FE,OR,1733,99.2072994652406,0.154172429440708,0.0237698773521303,0.154174827232367,0.0632285121850222,7.50700820687001,6.17363899733186,8.72724783150994,6.17354298230554,5.87893449363363e-05,12.1190548169218,3277,423.043079558084,117896.160501671,12169800.3984374,6.26514054756668,0.0764322524163876
FE,OR,1733,99.2072994652406,0.153768300048727,0.0236454288158149,0.153770702072322,0.0835000747668432,7.95579320559745,6.91140239789173,9.86555413369942,6.91129443615772,1.42727315105048e-05,13.5646325545247,3277,524.505864809192,118328.654231464,12106081.4350484,6.23310295311773,0.0819471689831634
FE,OR,1733,99.2072994652406,0.152237446504794,0.0231769615585758,0.152239815943714,0.0553774656232757,7.79445046116791,6.98090136215627,9.90396147263653,6.9807927123968,5.328951962754e-05,13.7010343813748,3188,550.036710315578,118653.002475182,11866236.3897394,6.20675566693724,0.0816905946309766
FE,OR,1733,99.2072994652406,0.152071116964912,0.0231262829342439,0.152073281460761,0.0491748978854498,7.41598256468768,6.45932601925652,9.28055901329419,6.56653144640285,0.000253726336166631,13.0259509300223,3188,566.563524060505,118036.719459547,11840352.7639087,6.16312004000447,0.08288883305349
FE,OR,1733,99.2072994652406,0.150689487591623,0.0227079754361808,0.150691656823398,0.0946050226571095,7.86603749356364,6.45652747097172,9.4601950160664,6.6267370464979,0.000236344404506976,13.0833599118385,3188,481.844220213351,117287.006520035,11626177.2948411,6.22812658313348,0.0882823345391393
FE,OR,1733,99.2072994652406,0.155236967844901,0.0240992684962582,0.15523939092981,0.071914019019524,7.86267863002942,6.91712703741105,9.87675286058824,6.91701907005796,-2.81346962929456e-05,13.187468004343,3188,520.405521464182,120317.933718324,12338440.6923127,6.17253428545898,0.0801088475287434
FE,OR,1797,102.871042780749,0.538417856128707,0.289902665690936,0.538426100491921,0.0270516749166752,5.41332561038115,4.68395316018713,7.1207982230393,4.68388143964628,-0.000426105151094762,8.65635359081618,3312,4355.44324530944,238070.408906335,148425712.314161,4.80002172201111,0.0235693737708104
FE,OR,1797,102.871042780749,0.541060161766407,0.292755124779142,0.541068502852589,0.0286848884354539,5.47214657992145,4.79588386205891,7.30533107240592,4.7958099289425,-0.000349955994500911,8.85301194185001,3301,3506.72418595859,236085.40774558,149886065.070637,4.82295672296239,0.0239172341513197
FE,OR,1797,102.871042780749,0.540069206832558,0.291683706439981,0.540077500401545,0.0325264657199171,5.5701927416505,4.80468366903763,7.35939839117205,4.80460988707959,-0.000396036099397994,8.86925603751814,3221,3434.00927768672,237176.273174503,149337551.148441,4.77476081087211,0.0243087702667361
FE,OR,1797,102.871042780749,0.537752512490444,0.289186650439442,0.537760774359233,0.0341076547288036,5.5783368227809,4.86152276719499,7.44903419827726,4.86144807736053,-0.000389015640705778,8.94495812333497,3221,3519.83242748418,234299.26091937,148059092.983209,4.76636833332998,0.0243606523943169
FE,OR,1797,102.871042780749,0.542069242129041,0.293848216294088,0.542077684740931,0.0359414883877736,5.58778595288882,4.82280837835521,7.38638470360388,4.8227332653216,-0.000172409467504619,8.87372558910123,3301,3702.84423319686,237291.598976024,150445615.43057,4.72567933811016,0.0244820564296587
FE,OR,1797,102.871042780749,0.541849194187913,0.293609710738506,0.541857648039138,0.0366402605242198,5.57114594083323,4.73042855559302,7.26646744085344,4.73035475329571,-0.000117503381145245,8.76188118341281,3301,4591.11538634775,233554.925307435,150323488.255232,4.6206193565814,0.0246089761541851
FE,OR,1797,102.871042780749,0.540767158575347,0.292438230832745,0.540775582689108,0.0327924086125048,5.50450932965361,4.83647426766805,7.39515030507995,4.83639892586131,-0.000166299799798735,8.90851879359936,3301,4424.15090462471,234100.042354608,149723723.489332,4.67401852300225,0.0253458847209248
FE,OR,1797,102.871042780749,0.54355903071577,0.295465646692592,0.543567518062469,0.0294579285360023,5.47036360158727,4.81163277483516,7.33264858316637,4.81155764526213,8.05079704222247e-05,8.86276213419931,3301,4140.75444973584,238057.351937621,151273690.292781,4.68640459077227,0.0251548447234123
FE,OR,1797,102.871042780749,0.540763399494114,0.292434166125702,0.540771824456214,0.0301009055387812,5.51902586081013,4.65918244691956,7.11984885815716,4.65910985912235,0.000163323053086183,8.66967664580616,3301,4505.59434075867,234589.252069349,149721641.380594,4.64054878934732,0.0248749304574869
FE,OR,1797,102.871042780749,0.538510378058906,0.290002484266517,0.538518787292065,0.0308675089272038,5.54337499516607,4.61149823213866,7.04738999684055,4.61142622134764,7.47546810272947e-05,8.63877154943043,3301,3905.36479473548,236022.443209133,148476637.610051,4.67403186816375,0.0249731035139131
FE,OR,1797,102.871042780749,0.537110340527491,0.288496513679013,0.537118714698169,0.0335945863966844,5.57135844814042,4.58705170137725,7.01081930372682,4.58698018505729,0.000140494115531473,8.63695614815603,3313,3714.20029708811,236505.409779727,147705619.250637,4.7564237999263,0.0251828041337612
FE,OR,1797,102.871042780749,0.53471012156323,0.285923672935824,0.534718311764076,0.0314591811010162,5.57014616326302,4.7184153617741,7.20065474858067,4.71834309050783,0.000419858450679354,8.91026222234191,3313,3879.87650334363,234356.30997607,146388526.250612,4.69734983937047,0.0252853488619554
FE,OR,1797,102.871042780749,0.539833285794959,0.291428709978182,0.53984137482985,0.0312460314946162,5.49643446836224,4.73857050614483,7.22585561147122,4.7384995029503,0.000611245602265822,8.89063560359049,3313,3944.94186657851,233804.038711826,149207219.230543,4.6179802586957,0.0244383008079077
FE,OR,1797,102.871042780749,0.543968788457349,0.295910954511223,0.543976979762216,0.0342734752209066,5.42734536981581,4.70254569854575,7.16373946065554,4.70247488675241,0.000579242490475515,8.73451105182875,3313,3562.1228781716,239845.200408671,151502017.695304,4.74062750127939,0.0242057920919424
FE,OR,1797,102.871042780749,0.543205443133709,0.295080934835019,0.543213526005216,0.0311348754704622,5.42332823300784,4.6427621595874,7.07164560882323,4.64269307653225,0.000663245266241802,8.69535496413604,3301,4123.95356221392,240260.154205432,151077167.791836,4.72278150051206,0.0237443923382132
FE,OR,1797,102.871042780749,0.381004740314381,0.14516830336925,0.381009584353531,0.0167493709481764,5.6119432989582,5.15178417660602,7.48687726863302,5.15171867840002,0.000919392331099937,9.73371962146321,1005,1679.13582668794,227646.432669876,74324714.121606,5.872091507208,0.0356804445257618
FE,OR,1797,102.871042780749,0.392845127747898,0.154331363811718,0.392850307129469,0.0164200599349153,5.63606131843028,4.9965089388181,7.31262498956451,4.99644306429581,0.000868008446894455,9.44034443784298,3319,1678.94172777479,227554.616206665,79015960.4908226,5.71367564361343,0.0353764062652313
FE,OR,1797,102.871042780749,0.385807842193681,0.148851973254114,0.385813391750616,0.0111897839550681,5.92966640290989,4.9955835528028,7.39601209071647,4.99551169610746,0.000607838954564416,9.6335803881763,3319,1983.00716881391,223874.340910422,76210206.9993466,5.65850502336471,0.03750340899504
FE,OR,1797,102.871042780749,0.368955094662682,0.136132059711464,0.36896078343296,0.00348870099564861,6.19894410349978,5.29368769315461,7.83489345790739,5.29360607317069,0.000237261356292674,10.1435341298667,3228,1783.47469710604,218966.892192775,69697494.0704381,5.75533564433019,0.0396572520381389
FE,OR,1797,102.871042780749,0.381170773721486,0.14529568615552,0.381176712504214,0.011395093875406,5.49223329342584,5.12403672735321,7.37534471105598,5.12395689419495,0.000114342069263309,10.0395472359529,3320,1694.81100327454,233159.523610588,74389079.9645628,5.748617993185,0.0367777372719011
FE,OR,1797,102.871042780749,0.391790140763068,0.153504298356964,0.391796245970994,0.0180183821327786,5.36542269470674,4.89661221310746,7.02386001918829,4.8965359111112,-0.000114243180830131,9.67888912326616,3320,1707.67864240206,236604.822765885,78591758.048631,5.79813316226174,0.0347412505743363
FE,OR,1797,102.871042780749,0.380720739452583,0.144952739328444,0.380726593933815,0.0149115465331511,5.8192983202624,5.03898051625439,7.40483053068565,5.03890303121045,-0.000268130529852445,9.69731113894569,3320,1528.89009709165,221032.343297798,74213556.9115132,5.81328670976105,0.0377669026588858
FE,OR,1797,102.871042780749,0.377553769912164,0.142551268541942,0.37755962249947,0.0196836983284908,6.05259906977001,4.98315290741052,7.40782519564171,4.98307566308748,-0.000188042779742731,9.84885750223408,3320,1401.06365183617,218695.514811096,72984004.8818694,5.74659133565168,0.0401139431033428
FE,OR,1797,102.871042780749,0.371812499401638,0.138248818536434,0.371818260090107,0.0158112526135715,6.27468091041335,5.06009929539586,7.53990840462657,5.06002089780546,-0.000190919978921435,10.0347976773526,3229,1408.40630601218,217662.584640191,70781220.4267406,5.8274851158894,0.0414511184015363
FE,OR,1797,102.871042780749,0.365880464284854,0.133872611503549,0.365886063554693,0.00857950393036146,6.08450860559424,5.08769133771555,7.52144841638168,5.08761347917024,-0.000293531703140252,10.1703356501682,3321,1675.23583842083,216764.779475307,68540723.3561428,5.79952465395332,0.0412419525137964
FE,OR,1797,102.871042780749,0.366205277241262,0.134109990733788,0.366210309431327,0.0132876565359873,5.74861018376688,5.04406346310361,7.43480972523755,5.07806638137164,-0.000710832449378349,10.1221996244505,3321,1508.27923948909,217529.366902204,68662686.8727715,5.84942839700918,0.0399384133539006
FE,OR,1797,102.871042780749,0.367348800482939,0.134948119126095,0.367352853706209,0.0162991971831861,5.74525240397955,5.0283617545504,7.35991083602364,5.02830627363426,-0.00111320208474921,9.92366974656752,1006,1553.94960986283,218795.936718375,69092546.7717707,5.84903936994677,0.0392367793990201
FE,OR,1797,102.871042780749,0.371659497493233,0.138133316933335,0.371662907664103,0.0186367022302694,5.93501909269768,5.33069830523015,7.87551450500749,5.33064939372538,-0.00133484446316464,10.2338613665961,1006,1554.57856127387,217474.852772492,70723872.7060981,5.83116283086637,0.0389852589472962
FE,OR,1797,102.871042780749,0.375267315449809,0.140827629407766,0.375270075289472,0.0249837996265486,6.13359634374121,5.27944900033492,7.9076084930719,5.27941017381047,-0.00152627014614467,10.1604119051764,3230,1487.47955169894,216540.458837657,72103878.4055018,5.82407634246303,0.0378926338468627
FE,OR,1797,102.871042780749,0.369932256879945,0.136850979463227,0.369933750100241,0.0242905692953561,6.34955278368417,5.2534303629774,7.87567935592813,5.25340915775122,-0.00178095765536252,10.2047851368445,3321,1522.27583409267,214556.800194507,70068759.7658085,5.86302293767256,0.0373338529306819
FE,OR,1797,102.871042780749,0.0960013313825356,0.00921624664731965,0.0960012846128616,0.0159868696013046,3.40126154757137,4.87153378942518,6.2157093706418,4.87153616272726,-0.000544965693867022,9.64072281009686,359,399.25403991159,83113.9581936019,4718874.93756896,5.91203973408972,0.21320568826563
FE,OR,1797,102.871042780749,0.09693868248549,0.00939728886717016,0.0969396145400329,-0.0204715214968965,3.46140381440712,4.23754452212479,5.85080686518695,4.5704929776113,-0.000336095417369833,8.80808144451266,1077,476.382343128142,85151.2320398758,4811377.21030445,5.87232789135281,0.214513362075896
FE,OR,1797,102.871042780749,0.102182928135118,0.010441676866028,0.10218452361306,-0.0267468123593724,3.40619149756032,3.87901866791017,5.54654974569144,4.33589952608969,-1.54480032002606e-05,8.21498589446781,1077,715.676902693631,87678.2927458232,5345971.73056089,5.696108509302,0.19150077327326
FE,OR,1797,102.871042780749,0.102997413963954,0.0106087257955209,0.102998668901694,-0.0207697052953011,3.29288989409436,3.97678128358169,5.05688715479669,3.9767328304029,0.000270204408284307,7.87009406856011,1077,797.018913878303,85497.5849785749,5431572.63032423,5.5832549438426,0.181054668670554
FE,OR,1797,102.871042780749,0.101731564973991,0.0103495332991965,0.101732656011708,-0.0320070403241749,3.40578681139137,4.40953993682623,5.77943359683667,4.52291129644287,0.000318489837241226,8.93249974001151,1077,721.494575235508,85678.4792435133,5298899.32245841,5.72432209394712,0.188913759418409
FE,OR,1797,102.871042780749,0.103302506382304,0.0106715949568901,0.103303412126077,-0.00966884012412025,3.38942598739837,4.3424832010222,5.69565134592152,4.45413921595278,0.000382564136271349,8.7966614703242,1107,674.698350376459,88063.6088428889,5463835.73996548,5.72375337193093,0.176331288055295
FE,OR,1797,102.871042780749,0.102786250875455,0.0105652384875042,0.102787345950288,0.0147832254570089,3.25182011307045,4.45528444713591,5.65430276713685,4.45523698146954,0.000324106819747536,8.37346375201905,1107,717.425093474802,86408.2742157367,5409340.62601473,5.67575632701503,0.175494200061279
FE,OR,1797,102.871042780749,0.0960256696402104,0.00922120582772886,0.0960271098582523,0.0337443840192835,3.34899208532372,4.7689538289152,6.06751106678987,4.76888230397442,0.000107539779105801,9.12794203159855,1107,441.598932691737,83501.1010434035,4721121.68636667,5.89005255237765,0.196545920785181
FE,OR,1797,102.871042780749,0.0940482941275212,0.00884534470880959,0.0940496927629729,0.0304439721721307,3.30342980632509,3.89497906253474,5.65691048145221,4.45057021261464,0.000115483805294849,8.34561546162663,359,392.561360598247,82762.2368512978,4528688.62109056,5.9555854926851,0.206210011757071
FE,OR,1797,102.871042780749,0.0977443237588168,0.00955424150083487,0.0977458004255675,0.0316414192979161,3.27905119444458,4.81393302326797,6.11219849291193,4.81386029815032,9.94800505794987e-05,9.45690551139174,1077,584.731214280203,83985.5328806588,4891628.9085748,5.8365231370306,0.199752771242433
FE,OR,1797,102.871042780749,0.0991405337873915,0.00982913171431133,0.0991419775590105,0.028853181549899,3.28106693949304,4.74613772998876,6.01820958455217,4.74606861356479,0.000144518869579461,9.32372258600419,1077,773.512203770071,82997.5959924019,5032379.55333686,5.62239638896625,0.183853065768983
FE,OR,1797,102.871042780749,0.0983989539686357,0.00968258093698405,0.0984001063870566,0.0107106103296642,3.31587919043428,4.34381595827417,5.95329220166757,4.6890612276927,0.000275292193769961,9.03293210281626,1077,715.26485703589,83522.1478949606,4957404.12288579,5.67035540776676,0.188002538967274
FE,OR,1797,102.871042780749,0.101409937672095,0.0102841363248819,0.101410730817217,-0.020103381662912,3.3822478304147,4.51413525780599,6.06296495399051,4.76408354169229,0.000400640782227805,9.27825606024123,1107,584.154782852606,86958.5452136188,5265477.61703536,5.8019482678432,0.176785501789842
FE,OR,1797,102.871042780749,0.104224144501008,0.010862902567887,0.104225249186016,-0.0177575628138535,3.21787460979711,4.39224689566134,5.86207729914979,4.63543332743706,0.000330446342389867,9.02772935464776,1107,774.929214773493,87255.8998402341,5561744.10946025,5.66509341775575,0.164297696721093
FE,OR,1797,102.871042780749,0.0996236253403577,0.00992516097412396,0.0996251021285497,0.00747379161808038,3.2317728728368,4.76144533342778,6.02917150640083,4.7613747523584,0.000126147185760021,9.26361730627204,1107,554.930174385355,85558.4723294553,5081539.91112585,5.78388506978829,0.185539895749013
FE,OR,1775,101.611631016043,0.10251073764011,0.010508006670293,0.102508568765216,0.0153897501046695,2.99571356188131,4.92661182438524,6.16590858973504,4.92671606157077,0.000879224905820451,8.80970474452697,1093,585.455511579568,84533.6974347943,5380722.87247395,5.43171461795721,0.114667273065102
FE,OR,1775,101.611631016043,0.103481707522028,0.0107084947806406,0.103481857253533,0.0113355474903777,3.5013266194748,6.33389950166874,9.11379035647458,7.21888124215325,0.000551045820124222,13.5527911890879,2846,566.188092768849,85784.2722739424,5482888.93086519,5.4430798265426,0.107360695895657
FE,OR,1775,101.611631016043,0.101229785344895,0.0102477802828105,0.101231320661199,-0.00700274317966684,3.44545522012932,6.47480120077779,9.27932848048636,7.37936869094939,9.69602850971009e-05,13.8542818119987,1091,545.204210502353,84541.0552451421,5246709.16235439,5.51637729111446,0.112627339964847
FE,OR,1775,101.611631016043,0.100634332769192,0.0101275127874152,0.100635544353947,-0.00994310506404524,2.96255493578098,4.19053186466023,6.05222865961969,4.84705695987172,-0.000269498163188737,9.03764718056368,2846,557.457078812558,82974.8186182667,5185198.8760547,5.49064124203941,0.113943058472719
FE,OR,1775,101.611631016043,0.105561922992749,0.011143461685515,0.105562596053313,0.0364019445848326,6.3871916605973,8.43096681463239,11.1601300263861,8.58430853670752,-0.00045401937146442,17.0153300847076,2846,557.760298756696,90426.8971668065,5705485.1646689,5.81606490285977,0.107242928912602
FE,OR,1775,101.611631016043,0.102921165193696,0.0105929463208947,0.102922040015221,0.0377755678331709,6.78391898864556,8.64728909710355,11.4811593558565,8.80454657062232,-0.000388527355531021,17.4519105056548,1093,499.699224602501,89999.7802622692,5423573.60032474,5.91631204149522,0.116484085234172
FE,OR,1775,101.611631016043,0.098773478240498,0.00975641536340706,0.0987745684040536,-0.00037122676902808,3.12160674697032,4.09221076095372,6.05850022953161,4.81622140831353,-0.000299212799143678,8.90848532593591,2846,538.252470830195,83965.615569982,4995220.23245877,5.52271074070981,0.126848927397268
FE,OR,1775,101.611631016043,0.100524661090904,0.0101054001159057,0.100525619201802,0.00188028347573111,3.12302385061778,4.08301536977984,5.96545902866534,4.7323278853875,-0.00035094912594972,8.81538835947182,2846,634.440803119194,84032.7361601138,5173929.29319107,5.39520217235727,0.11828542452744
FE,OR,1775,101.611631016043,0.0998323536755945,0.00996662833089296,0.0998330022131607,-0.00853834313313481,3.02769451373841,4.11132985614871,5.16756305976077,4.11130314802815,-0.000426575493144132,7.96682897993472,1091,520.966171011346,83468.9709761705,5102940.57145774,5.48407984865713,0.118429603291093
FE,OR,1775,101.611631016043,0.0999378825321952,0.00998778192505417,0.0999388909536931,-0.00526830840700952,2.93045822488129,3.8681564102518,4.83083921106174,3.86811737907941,-0.000332502856913484,7.57576131608609,1091,560.5456589408,83192.9806294524,5113697.75258957,5.48095018630331,0.117152343571934
FE,OR,1775,101.611631016043,0.100609910922347,0.0101226331461145,0.100611297308575,0.0123767723572711,3.00105634730212,3.84812019970611,4.82093883834109,3.8480671740421,-0.000193292457300901,7.62493622911602,1096,537.112129803964,84579.3935967607,5182664.45956179,5.52566369970042,0.117602563586715
FE,OR,1775,101.611631016043,0.100298948640002,0.0100601798152011,0.100300447731808,0.0304651241692446,3.09998316325966,4.09426267652213,5.15430370758236,4.09420148361853,-0.000116891863976744,7.88278817396165,2846,652.255728975077,84518.5055638374,5150665.09401932,5.48642712731329,0.121610360099835
FE,OR,1775,101.611631016043,0.100562808192726,0.010113177056107,0.100564293146758,0.0379073423985938,3.07949048544724,4.08352003380981,5.13399430083857,4.08345973567269,-0.000131803956698608,7.86830983749396,2846,548.278601169224,84608.5007236981,5177802.63082612,5.52013088829035,0.124049134021881
FE,OR,1775,101.611631016043,0.101716786828174,0.0103466187175756,0.101718330292901,0.0255329480602013,3.14944760896609,4.45820424037831,5.98803960832629,4.75670195496285,-9.66276746279298e-05,9.21497837420081,1096,517.095795566006,85077.8071530646,5297312.79237222,5.50348318824062,0.121989101867921
FE,OR,1775,101.611631016043,0.101936403412077,0.0103913391262419,0.101937918000329,0.0216503240279721,3.13131454383558,4.44859927539191,5.97154581249748,4.74645539217541,0.000126268347435761,9.19512519120103,1091,511.086325039045,84854.3243159959,5320215.69363106,5.39820817109398,0.118678606492067
FE,OR,1755,100.466711229947,0.105181449305636,0.01106344615174,0.105182917585224,-0.0335572743938252,2.92952396031674,3.98281515779739,4.97217173351234,3.98275956049765,0.000191986943358317,7.71794851878883,1079,911.453303130125,84940.1055778188,5664345.15675136,5.3413425365536,0.0863373181688828
FE,OR,1755,100.466711229947,0.105035892928599,0.0110328822573487,0.105037527852424,-0.0198453319287251,2.92177311708418,4.02193854129883,5.11785255562802,4.10199860107603,-3.63803512768719e-05,8.12400099155112,1079,852.270247215259,85273.2968991776,5648660.52467903,5.40648491392009,0.089884437146101
FE,OR,1755,100.466711229947,0.107208530543243,0.0114939964619083,0.107210057652761,-0.0114806304717938,2.99860514937819,3.94043182803326,5.30664515522041,4.22955922713271,-0.000178176100108299,8.17005130223883,1079,871.698957618227,85798.2703687953,5884774.79318859,5.36113195734636,0.082957050708124
FE,OR,1755,100.466711229947,0.107783232288845,0.0116175497486192,0.107784738013409,-0.0025486542692641,3.00322611525386,3.66503237307305,5.28449276692908,4.20700831067801,-0.0001961184373086,7.87209945537649,1079,871.352298996908,86436.0902938705,5948038.9521983,5.29815816113303,0.0800177329863223
FE,OR,1755,100.466711229947,0.107049037567137,0.0114598293185248,0.107050592331499,0.00645614652219743,2.98244725010183,3.90606346333788,4.89651684726479,3.90600673307476,-0.000158887355146007,7.77632976521952,1079,834.667765393204,86107.6882869054,5867275.09977865,5.32466375789079,0.0820894851230705
FE,OR,1755,100.466711229947,0.106399557853075,0.0113211660530063,0.106400968289796,0.00105096080710512,3.03913382924257,4.11596448285142,6.10486905779186,4.86678583137462,-0.000231613390468009,8.98281482853036,1079,797.187054498336,86042.922209059,5796310.80688774,5.35680885052457,0.0854543313736857
FE,OR,1755,100.466711229947,0.10797719228072,0.0116593959596903,0.107978682894775,-0.0177281825898674,3.04276722045958,4.05582690070137,6.01007047672929,4.79567550774765,-0.000206032184586972,8.85156861225707,1079,794.000022410622,86882.2972935229,5969467.64894314,5.3721524192809,0.0804446228702679
FE,OR,1755,100.466711229947,0.107412964068421,0.0115378628915504,0.107414444520048,-0.0313443896912263,2.98514653763166,3.93959290392866,5.16385312546863,4.13075382183955,-0.000206195608356132,8.07040365913066,1079,818.640867850374,86518.8073824691,5907244.72507997,5.34261624348748,0.0809998097538178
FE,OR,1755,100.466711229947,0.10847593903564,0.0117673335089783,0.108477340993308,-0.0291880178779524,2.9477370286677,3.86639685330972,5.06905497970237,4.05428131399742,-0.000252130636217558,7.92073056538569,1079,784.177541460916,87194.26156594,6024751.57402956,5.36949373031652,0.0824614466472246
FE,OR,1755,100.466711229947,0.112324617781818,0.0126172113294206,0.112326360794876,-0.00715942603147094,3.392186348014,5.87898521761878,7.42308683134002,5.87889399105424,-5.21369820541241e-05,10.9508339770351,1079,883.967568977939,91628.1792890709,6459813.10877831,5.52360840005767,0.0754082923408424
FE,OR,1755,100.466711229947,0.112707548003348,0.0127033879630793,0.112709307348947,-0.00908117815682853,3.47144427730356,5.85901103530681,7.41167103241523,5.85891957857159,1.98675970450629e-05,10.913627903839,1079,805.680417273889,92016.0458766954,6503931.78035626,5.67631118250315,0.0743182352888451
FE,OR,1755,100.466711229947,0.107725746354577,0.0116051990896755,0.107727429606742,-0.0116385829808447,3.07554026114315,3.92135517623172,5.19282144756672,4.13175662120815,-6.68399342360725e-07,8.05317635757068,1079,846.629352235546,87613.6504286944,5941676.24802202,5.47324429739078,0.0826782663235949
FE,OR,1755,100.466711229947,0.107208680392723,0.0114940562636307,0.107210336552175,0.0106519318770945,2.920290151138,3.97968785310219,4.97376880298098,3.97962637584294,6.38527726011793e-05,7.43229520384962,1079,831.605190276797,86332.6944852163,5884777.0718079,5.40527145829608,0.0823681691980108
FE,OR,1755,100.466711229947,0.106245316102978,0.0112884085052252,0.106246922332956,0.00105796027689944,2.93773191538818,4.01577310657627,5.01842274969061,4.01571239653399,0.000107011038695838,7.49968648332297,1079,880.154974834052,85175.6506623538,5779496.26351537,5.33524841103109,0.0833693111002574
FE,OR,1755,100.466711229947,0.105857463092771,0.0112060895112939,0.105858818769595,-0.0119371255650771,2.9808842868531,3.78641598424809,4.7505933506923,3.78636749365982,0.000251339293863441,7.21082530510498,1079,851.805292130437,85582.8501037314,5737403.21953739,5.36936808440911,0.0851289624214506
FE,OR,1733,99.2072994652406,0.109165647254082,0.0119175089479291,0.109167343779763,-0.00690763187132119,3.10835134430429,4.67543190915895,5.87380344448494,4.67535925015643,-4.48846102491114e-05,9.01886163847584,1063,722.773330333545,89693.7972424168,6101575.96165197,5.56184833850731,0.0729598674087623
FE,OR,1733,99.2072994652406,0.112305666320522,0.0126129541603844,0.112307409196297,-0.00843884144479254,3.12081371376609,4.54470880479924,5.79474320668965,4.6034800426785,5.17892811277311e-05,9.14826028905416,1063,716.978744274391,90917.7718586046,6457633.46924584,5.51885417654699,0.0687697637917686
FE,OR,1733,99.2072994652406,0.109051219972857,0.011892526681741,0.109052861868642,-0.0132867827348063,3.02666988968162,4.05023736856445,5.95459614354812,4.74086519162451,0.000116349844268657,8.79117393955157,1063,668.972872070309,88676.0372834785,6088797.23183988,5.58413705256092,0.0725913140239763
FE,OR,1733,99.2072994652406,0.108858480320218,0.0118504633900098,0.108859833685386,-0.00335473525527368,3.06275763806609,4.28248482254301,5.50164241543481,4.37630145279687,0.000275090164152922,8.65884068298852,1063,721.091906995124,89051.42897928,6067325.13905731,5.59067581620353,0.0732907459702544
FE,OR,1733,99.2072994652406,0.110957394309281,0.0123117833838194,0.110958475944019,0.00802555579152907,3.0823880022654,4.20147564457936,5.40049524896075,4.2935291265981,0.00038040940649095,8.49504662535295,1063,771.432554569367,90758.9827918362,6303584.28518404,5.52224034616188,0.0699223761042054
FE,OR,1733,99.2072994652406,0.10874039779048,0.0118247993276843,0.108741893158453,0.00447032230873583,3.05127360376997,4.21997380052879,5.29999784488453,4.21991576941048,0.000210496856222519,8.24514237992515,1063,665.550051472359,89132.1694943925,6054153.42992765,5.56322051553337,0.0739572298445436
FE,OR,1733,99.2072994652406,0.109730397871007,0.0120411258252764,0.109732063797581,-0.0139360055430837,3.05953645696346,4.0903001839435,5.35405652572083,4.26339787448765,0.000103328771764831,8.353762785325,1063,762.147754163805,88796.2252966419,6164874.69588321,5.47252761595948,0.0733509335343627
FE,OR,1733,99.2072994652406,0.110127561392829,0.0121284505529765,0.110129244767121,-0.0205279980529334,3.05005261276089,4.07554894450971,5.32819992416728,4.2480219359265,9.07713318604048e-05,8.32363581432586,1072,715.648316517199,88772.9120383588,6209581.06379939,5.4722474386039,0.0700098741948674
FE,OR,1733,99.2072994652406,0.107566938901269,0.0115710075811569,0.107568618012675,-0.0182064156540408,3.03493134718933,3.89909105186531,4.88536630864607,3.89903018831255,1.89055409293752e-05,7.6570696156779,1063,714.049889310399,87665.8416592713,5924171.11066486,5.57981335136686,0.0737291400635148
FE,OR,1733,99.2072994652406,0.10993401397703,0.012085864762503,0.109935730144949,0.00299304011204506,3.03447512628943,3.85374413636281,4.83913734944292,3.85482327069561,1.87048860441106e-05,7.70862758428463,1063,723.533542760379,90169.2974515417,6187769.7303961,5.56068282043478,0.0732230746393519
FE,OR,1733,99.2072994652406,0.112589855044436,0.0126768711311271,0.112591612170388,0.0392992164772766,2.99977160927297,4.18198867108895,5.23746345628949,4.18192340618436,2.19094235150247e-05,7.94594067792301,1063,719.055611618347,91010.0451306518,6490355.6797278,5.36385502559086,0.0680733813647463
FE,OR,1733,99.2072994652406,0.113359599168701,0.0128507953702482,0.113361348661032,0.0148155177784175,3.00299916088021,4.15359177103886,5.20220071265762,4.15352766914665,-7.0290793319289e-05,8.13356661873887,1063,736.215352990946,91893.2323807529,6579406.67060964,5.38960237234083,0.0706616372116051
FE,OR,1733,99.2072994652406,0.112501640703355,0.0126570028481554,0.112503345942045,-0.0126072245680319,3.02067354162133,3.82393540134862,5.02549273786278,4.01026609172318,-0.000108830742043802,7.83426227850437,1063,721.348731011971,90743.5420216057,6480195.07381269,5.37070597405184,0.0722635685904204
FE,OR,1733,99.2072994652406,0.112241035624267,0.0125984271861162,0.11224271551471,0.0138113138993868,3.09668384842005,4.00475641504572,5.39587078802048,4.28935202785954,-0.000128812815396966,8.29417264082929,1063,697.579526449824,91182.874602659,6450210.13150739,5.39180206681136,0.0706403532319055
FE,OR,1733,99.2072994652406,0.112531902205588,0.0126637697014193,0.112533415932421,0.0219686551345175,3.21077340503043,4.10866143014124,5.41927295754377,4.2782716175132,-0.000234638854489949,8.38699059697528,1063,729.831127948933,92207.5345252971,6483703.84173812,5.40752125385235,0.0733721960164233
FE,OR,1797,102.871042780749,0.0878922990055161,0.00772528191667082,0.0878935829095095,0.00624204376482826,3.12856108376094,4.33351677094249,5.51004425546602,4.36957270680938,0.000125390845357325,8.70315330714206,3132,333.212193162329,73876.8711092971,3955236.83703439,6.17933741993191,0.113373753313455
FE,OR,1797,102.871042780749,0.0877837824341973,0.00770622762174822,0.0877851218700995,0.00286956074067227,3.15864240079161,4.33887377845225,5.51410963187269,4.37497143939028,7.52085064485447e-05,8.71391197269922,3015,358.023348180591,73731.5535634139,3945471.03257603,6.15866538796126,0.118948366116531
FE,OR,1797,102.871042780749,0.0865284158161344,0.00748739661567298,0.0865297441096007,-0.036636046448462,3.23530358114319,4.25497717250223,5.57197376409062,4.40434364842731,-6.41024266918835e-05,8.65938843179282,390,318.054679235533,72789.8181353107,3833431.47382464,6.21479372685576,0.131088968244496
FE,OR,1797,102.871042780749,0.0860248480579615,0.00740045608420942,0.0860259035652019,-0.0175332471992107,3.24713809671426,4.55740659638141,5.77029801260192,4.55735067862338,-0.000222852952829776,8.62529065841322,2882,420.230444064049,72514.0082059392,3788965.95954109,6.10154856147903,0.138179785913219
FE,OR,1797,102.871042780749,0.0822486625466622,0.00676502469954644,0.0822497702096878,0.0146313523722871,3.20643941461032,4.76664541225385,6.0341186596874,4.76658121952886,-0.000170874779054431,8.95638341920867,3016,301.299350933059,69869.8120424857,3463614.3017017,6.24647932360291,0.135807665861331
FE,OR,1797,102.871042780749,0.0849280309774831,0.00721299566052935,0.0849293568828197,0.00548176689211628,3.32703613704369,4.601473416645,6.00309046297957,4.72887913382853,-1.38310286465238e-05,9.33042637823108,3367,310.167100268642,72546.1237547331,3692938.56580577,6.1424225184481,0.129508306687132
FE,OR,1797,102.871042780749,0.08885501718195,0.00789545782740119,0.0888563887821309,0.00448765113547197,3.36067161530489,4.39810929382474,5.72171972656511,4.51988505404362,-5.46265553412664e-05,8.91806411855048,3367,369.497716588918,73734.0723694233,4042351.13256733,6.01555109672251,0.116390026021955
FE,OR,1797,102.871042780749,0.0865702033813038,0.00749462097040914,0.0865714789662805,0.0142147469943399,3.38655754304765,4.47520355908282,5.76414190712498,4.54467830252272,-0.000115542098404882,9.01994882602447,3015,360.759732540748,72127.9477873689,3837139.69290625,6.15822329865961,0.118792795336787
FE,OR,1797,102.871042780749,0.0864558316927007,0.00747483374979285,0.0864571208738346,0.00678728248433236,3.21871702430667,4.41156732089406,5.57531546311234,4.41150153904401,-0.000103307494440714,8.79557771504408,3132,313.034667755541,72990.9356905971,3827006.21076828,6.11195424288369,0.125606528204785
FE,OR,1797,102.871042780749,0.0866136688517948,0.00750216001029897,0.0866150103059451,-0.0131874675079376,3.08097073807646,4.13814852910658,5.20464284064371,4.13808443933162,-4.54331347032987e-05,8.06657772815997,3132,387.020803491933,72829.5780836687,3840988.00143245,6.18414104375054,0.120792302596598
FE,OR,1797,102.871042780749,0.0865684257024182,0.00749431583474416,0.0865697166146694,-0.00610811956780417,3.17390882216903,4.56160829366142,5.76609434194277,4.56488153017236,0.000103398359645743,9.12655789555213,3016,336.954229030299,73025.5427008937,3836980.74582821,6.18331358320846,0.135593027783554
FE,OR,1797,102.871042780749,0.0855956603569635,0.00732682732259247,0.0855968885099948,0.0259827023810054,3.22065799140727,4.6134494086094,5.83751457669691,4.61676244692488,0.000136794393085484,9.230278098271,3016,338.659289881888,72326.3078448764,3751237.51194619,6.11691786625946,0.1448060051048
FE,OR,1797,102.871042780749,0.085526209492667,0.00731494748306336,0.0855274662495234,-0.00639950131692014,3.51174562150871,4.77510570142608,7.90908285657752,6.21404336058676,0.000116701452675657,10.9892403736896,3016,391.380354647515,72630.9879624079,3745150.01823612,6.18457138157671,0.124620987512885
FE,OR,1797,102.871042780749,0.0871196476766927,0.007590053435778,0.0871209127349915,-0.0108122955790551,3.4317868524408,4.68776793135556,7.74901306571265,6.10038815149141,0.000129478581033683,10.7882446661558,2881,385.997952855945,73400.8916080598,3886003.08529923,6.17394877488931,0.111530720558733
FE,OR,1797,102.871042780749,0.0858881863821809,0.00737698740073977,0.08588939050162,0.0309986022727056,3.09445975015383,4.00503165347446,5.05394389241817,4.01463660664069,0.000153916005473213,8.01972454378095,2881,369.588735002669,71445.6772613795,3776923.7757166,6.19549966305636,0.113708479510292
FE,OR,1776,101.668877005348,0.0938821552833222,0.00881408335335466,0.0938833497131129,0.0417189027569077,3.25800875146638,4.18067163893591,5.28575504306662,4.18061845039112,-0.000226202104209675,8.30743988910159,1062,589.416886330594,78953.1159183513,4512722.04577087,5.81089679524184,0.146482920018116
FE,OR,1776,101.668877005348,0.0936127937973155,0.00876358278364359,0.0936140095479495,0.012813223398308,3.20085789227931,4.04090133578803,5.23341945686873,4.13858886667914,-0.000215036873839531,8.17954395037741,1062,611.784171191946,78711.0203085059,4486861.51853697,5.7473860269344,0.142453764163624
FE,OR,1776,101.668877005348,0.0947417031782586,0.00897625799713886,0.0947431158297998,-0.00786294948665545,3.20372595012512,4.50977799839089,5.80783101265451,4.60452207482469,-0.000113278598084264,9.11436872920325,2847,624.930174529624,79278.407357502,4595713.61219237,5.66472017691189,0.142619502483192
FE,OR,1776,101.668877005348,0.0931776278842715,0.0086823416302997,0.0931790836523932,-0.0273747643608306,3.15364291017421,4.58547892047714,5.89621095552037,4.68181002834729,-5.56920048064012e-06,9.26736209545787,1062,522.920434928131,79133.7451877612,4445220.02799119,5.88365215216975,0.148599578037409
FE,OR,1776,101.668877005348,0.0914728859956423,0.00836754476158507,0.0914742847011392,-0.0217883207657089,3.06863826946999,5.09514668816103,6.41770431930278,5.09506877982096,-7.48101631415398e-05,9.01498773167708,1062,503.322332213473,78317.9127269685,4284054.76806605,5.88237120822455,0.154206688644866
FE,OR,1776,101.668877005348,0.0917401349736457,0.00841651165486819,0.0917415481386061,0.021261737738711,3.04379666531327,5.08030397242293,6.38177122976081,5.08022571663035,-6.10418198375302e-05,8.98872609320559,2847,567.530233493279,77547.1941091795,4309123.11861053,5.82746723864566,0.153762150618157
FE,OR,1776,101.668877005348,0.0925731712455484,0.00857005505138277,0.0925745918240138,0.0327058358429973,3.10362495609814,4.34766277230788,5.54676003127405,4.41407610024204,6.92625093661318e-05,8.76180660860528,1062,565.731107303733,78745.4241066427,4387735.97602578,5.89037360079759,0.155244801526147
FE,OR,1776,101.668877005348,0.0947770930034656,0.00898294469360354,0.0947783978214632,0.0054360950748068,3.1520493726791,4.12444000477997,5.4268095363363,4.31143913225661,0.000182706337374911,8.4359384936089,1062,620.909209249314,79535.3707976279,4599158.13875088,5.70080967227063,0.14537681342888
FE,OR,1776,101.668877005348,0.0961169860264518,0.00923872098420399,0.096118265611714,-0.00662801612879862,3.05215298420668,4.17641968795765,5.2450962307954,4.17636408889906,0.000206709061031484,8.31718851341596,2847,591.235793016223,79055.4263468813,4730121.07080988,5.61054571252351,0.139257111502842
FE,OR,1776,101.668877005348,0.0960654708927868,0.00922880427526943,0.0960666657861583,0.00900107509634514,3.11548081076642,4.17865929409778,5.27653038969444,4.17860731922959,0.00024253395035807,8.0625982886908,1062,550.395101891223,79768.7582048809,4725060.35987044,5.75137979251844,0.138280064715384
FE,OR,1776,101.668877005348,0.094673767782194,0.0089633477514145,0.0946749584178123,0.0107881392750098,3.14190536313496,4.04678657164258,5.3644520460913,4.25107930634362,0.000233793240978603,8.29791934038193,1062,522.643159508133,78333.1055579213,4589146.60553614,5.61632571310792,0.143528371206273
FE,OR,1776,101.668877005348,0.0931548175061544,0.00867806039325713,0.0931561076540724,0.0145078375286254,3.13962372755917,4.5752025148212,5.75327709671351,4.57513915141812,0.00017555835242496,8.89565278603037,1062,497.502960356327,77168.783714452,4443059.63199953,5.71028496932751,0.153936603050895
FE,OR,1776,101.668877005348,0.0955448770544284,0.00912908068563497,0.0955462227701073,0.00989460175732384,3.24344215766401,4.46075361088252,5.63857981773531,4.46069078363619,0.000167718461373711,8.74031273400193,1062,534.918812304156,79223.5638582359,4673972.04963401,5.79673788195295,0.147513280193309
FE,OR,1776,101.668877005348,0.0967857043042904,0.00936776512885989,0.0967872157304873,-0.00472212222412,3.14883879137722,4.21755467074878,5.32798544946584,4.22462767607854,1.30949594238041e-05,8.44224831951397,2847,638.419562615978,78637.3982049684,4796146.03551851,5.49617150257554,0.138703377584113
FE,OR,1776,101.668877005348,0.0935827430606214,0.00875797025270655,0.0935840277649266,0.0239862906208112,3.13598185708065,4.30791879259337,5.43199890033259,4.30785965427723,-0.000182298146300168,8.58536381250438,1062,582.714203328642,78032.5363747768,4483974.67205305,5.63689539651571,0.147956212927944
FE,OR,1755,100.466711229947,0.0910844076052434,0.00829639968188019,0.0910845743355053,0.0137504431369818,3.15355112501503,3.86174292768662,5.19938509431309,4.11929355118432,0.000478423878994345,7.98104401924926,3366,436.682103595561,77545.1090039915,4247858.27722704,5.81151807262424,0.133512247251493
FE,OR,1755,100.466711229947,0.0925880536732311,0.00857268255189199,0.0925887819981017,0.0096080824965119,3.06374375035291,3.89248211326514,4.96953608479658,3.94847489301341,0.000364729262457034,7.84098806614374,3366,468.984718809714,78265.5896163531,4389212.52284982,5.77466218721124,0.12901342942106
FE,OR,1755,100.466711229947,0.0920115979851339,0.00846630387470564,0.0920125202062504,0.0210554173736011,2.98001160320843,3.94593394511075,4.95274732576408,3.94589439588853,0.000307995240809121,7.52859074235917,3347,428.767032593778,77235.7836717977,4334709.25953289,5.82742497383559,0.132125031429475
FE,OR,1755,100.466711229947,0.0909033347036428,0.00826362453260279,0.0909044802669417,0.0194681735932585,3.07704276166135,4.1160422105522,5.35085202592787,4.25062667182195,0.000223530549076555,8.36672244874692,3347,426.736557020899,76708.2300068992,4230894.7076949,5.92716187801691,0.133699141114861
FE,OR,1755,100.466711229947,0.0910557482783711,0.00829140801902729,0.091057168960095,-0.00325916650772703,3.17369848711362,4.10915257734503,5.36202120460228,4.24349903279018,-1.95450090045105e-05,8.35271781860238,3366,417.873726845619,77408.4639047258,4245068.63290961,5.88456281743014,0.133160073956642
FE,OR,1755,100.466711229947,0.0916189971227425,0.00839426494931035,0.0916202212904463,0.00305336726918831,3.1399231887776,4.36856023531838,5.51724776669022,4.36850186555811,-0.000194949343152327,7.9906424037347,3347,366.666140305437,77882.925062223,4297768.26294592,5.89154494470078,0.133760076112776
FE,OR,1755,100.466711229947,0.0921568620475142,0.00849307610557612,0.0921578868332826,0.0176872286371431,3.12339749999938,4.34306354120222,5.48284724202972,4.34301524680376,-0.00027663242168926,8.58636767469497,3347,357.596230074966,78266.3257879808,4348397.43670679,5.94510414537652,0.134837626075214
FE,OR,1755,100.466711229947,0.0924859707370507,0.00855382650256026,0.0924868990860882,0.0107930057255883,3.12782260340557,3.84046431313187,5.33773103376044,4.2281620155947,-0.00030917259344138,8.06866876986771,3366,417.097429646419,78460.1868581914,4379520.18980818,5.82922866342916,0.132004019075789
FE,OR,1755,100.466711229947,0.0939603919903511,0.00882879974164371,0.093961692947944,0.0121306594447008,3.25718049143094,4.8304176457206,6.12478352582836,4.83035076560897,-0.000177260623481591,9.14551523166158,3366,455.378031706826,79798.3815768199,4520236.3791529,5.8085405249888,0.13029263790383
FE,OR,1755,100.466711229947,0.0946167848597839,0.00895261459603303,0.0946182572024714,0.0396699485546692,3.28297244320649,4.79690718873633,6.08404281908615,4.79683254467259,3.39171890882688e-05,9.14905084125268,3366,468.643728079808,79679.6670688292,4583596.60910252,5.75967753031923,0.131466480066239
FE,OR,1755,100.466711229947,0.0930101085203039,0.00865115044562972,0.0930115608170819,0.0463634784463437,3.1283395614022,4.19204058068163,5.5716407065478,4.42725437603223,1.37760818811981e-05,8.61936408562219,3366,458.512662842676,78180.4726097706,4429250.7926161,5.77194632558466,0.129231101844675
FE,OR,1755,100.466711229947,0.0920217149855654,0.00846825027966822,0.0920230964468607,0.0161537237953168,3.10095869268887,4.23706675529658,5.4448666717565,4.32040678418101,-0.00010189228453984,8.55753839889423,3366,402.443920837729,77150.3425589784,4335619.28176131,5.90664333825168,0.129323253685029
FE,OR,1755,100.466711229947,0.0905435783136931,0.00819838551066133,0.090544936416463,0.0182319002461363,3.07530166738276,3.69911236600207,5.52259943931967,4.39093809025054,-0.000101305151590942,8.09011631785531,3366,410.457523537686,76948.4745366553,4197452.70848344,5.95602118483485,0.140542448151469
FE,OR,1755,100.466711229947,0.0900949690904109,0.00811734318650953,0.0900962995161817,0.0289297645078435,3.1520376739473,4.85099343006191,6.09739278689498,4.85092179685712,-0.000118050273774357,9.12084240282307,3366,451.796043662728,77034.2978256827,4155964.10007822,5.87010662052421,0.136720724879558
FE,OR,1755,100.466711229947,0.0898975137065819,0.00808180976721789,0.0898988863513775,0.0175085692360384,3.12742438795282,4.86164839403356,6.11366228431307,4.86157416267612,-7.58944162093585e-05,8.83986317477839,3366,426.634277403089,76347.8632463621,4137763.18814717,5.88428647858602,0.134362122691841
FE,OR,1733,99.2072994652406,0.0977632385101372,0.00955794178476948,0.0977647266899953,0.0208147882135392,3.11174382577904,4.30778373558092,5.41310773360608,4.30771816226828,-8.77775668828415e-05,8.31349774331172,1030,432.446062679771,82127.8290443199,4893521.15305316,5.97444306587425,0.100876670238191
FE,OR,1733,99.2072994652406,0.0962479424717271,0.00926395351483741,0.0962494338416461,0.0252242262007908,3.12951669376701,4.50291309887874,5.66498064221389,4.50284332694476,-4.91299380616629e-05,8.68184141913651,3304,446.532515294654,80878.0339317459,4742998.44566495,5.86142431117247,0.108810597131245
FE,OR,1733,99.2072994652406,0.095973273491968,0.00921115665935551,0.0959747709523472,0.015389010488788,3.14801565768851,4.51580012983863,5.68809759272791,4.51572967140765,2.03483211516788e-05,8.71395157581579,1030,427.921224253549,80900.1382318575,4715965.25481749,5.93559919464892,0.108287452234942
FE,OR,1733,99.2072994652406,0.0979326649961048,0.00959110382842454,0.0979341811035582,0.0337282346738019,3.12797411985645,3.92863775248804,5.18518349816268,4.1140930811421,5.26004694826296e-05,8.04279452440364,1030,453.964629652983,82194.7295699156,4910494.53475664,5.81955858186683,0.103648373101572
FE,OR,1733,99.2072994652406,0.0984170886163577,0.00968622266484249,0.0984186093421488,0.0463507660544468,3.06249105877919,3.99517292536684,5.02412127441928,3.99511119352011,5.79770282862065e-05,7.97972407258153,1030,481.524177598703,82779.6859804262,4959194.46616844,5.84253041916767,0.106599336516614
FE,OR,1733,99.2072994652406,0.0963799472417071,0.00928938339826961,0.0963814473758804,0.0503973164569917,3.03263911578368,4.07961717230897,5.12066785019541,4.07955367489011,3.35451309804479e-05,7.6110934930997,1030,442.643468112769,81710.8657246398,4756016.82101447,5.93756098965743,0.109783433339654
FE,OR,1733,99.2072994652406,0.0942587689290768,0.00888499317401046,0.0942602417459793,0.0311586170120857,3.02840246755013,4.24173770185844,5.31768906823867,4.24167142467872,-1.43225090077691e-06,8.30527875215802,1030,430.266751415474,80380.8470776205,4548974.3427717,5.9526968626099,0.108884843067978
FE,OR,1733,99.2072994652406,0.0935240894694454,0.00874702502579319,0.0935255314114451,0.0271808212131753,3.01230504588408,4.27505871658714,5.3657083148353,4.27499280531541,-6.0248051230382e-05,8.44778261394842,1030,452.916870530439,80472.2732934214,4478340.57068645,5.95380377434919,0.114949445594355
FE,OR,1733,99.2072994652406,0.0940917839194507,0.00885354001758747,0.0940932517112012,0.0417024959590292,2.98431701418581,4.07592183052204,5.20311988756372,4.1474834380886,-2.1370134544201e-05,8.22346996758565,1030,463.880898609876,79794.1979683783,4532871.2926657,5.86752236577837,0.119166798049022
FE,OR,1733,99.2072994652406,0.0948184989599687,0.00899082785363409,0.0948199760263315,0.0126972386179521,3.00977849404506,3.92862462769047,4.93198860421061,3.92856342920116,-2.92362435894808e-05,7.59743487466403,1030,425.002848949826,80847.9542620104,4603160.87834847,6.00638058840142,0.112121113954862
FE,OR,1733,99.2072994652406,0.0970694649096316,0.00942276555686505,0.0970709305449631,-0.00113182075460859,3.11707830958415,4.19996230664189,5.41531925677136,4.3058269616138,-9.96112485265686e-05,8.50585428120422,1030,444.550056532744,82338.8324450671,4824315.36139387,5.97307511707542,0.105256110051068
FE,OR,1733,99.2072994652406,0.0971874089844359,0.00944568563655716,0.0971889172516968,0.0112990244728732,3.08138504070085,4.19486534322198,5.39695152983668,4.30059971598403,-4.47909251428539e-05,8.49553180091485,1030,492.976952847756,82643.9543440369,4836041.96821717,5.93098821103121,0.11116528992464
FE,OR,1733,99.2072994652406,0.0937919710241777,0.00879720867451264,0.0937934362016482,-0.000816725530255084,3.01304792291722,3.97471599506713,4.99165492102869,3.97465390474862,-8.17671105416112e-06,7.78412696535219,1030,469.829863850137,80695.2527954277,4504030.15408255,6.05468651083153,0.120385453857975
FE,OR,1733,99.2072994652406,0.0936526319950336,0.00877108948407427,0.0936540948601516,-0.0165896064297055,3.0739316706597,4.11247504537726,5.50457097248174,4.37098801605427,-9.59527306894496e-06,8.48353133677803,1030,426.397129959548,80470.2356837187,4490657.57247508,5.98879733761491,0.116291504751201
FE,OR,1733,99.2072994652406,0.0937421257655476,0.00878785777051866,0.0937435745559057,-0.0163308097982943,3.07856307998639,4.10854894603878,5.48909614780348,4.36681584020463,5.47090524412246e-05,8.47543227565261,1030,446.467800374437,80041.0806149443,4499245.63766927,5.9773800647445,0.116289874680925
FE,OR,1796,102.813796791444,0.195745748964772,0.0383174310502989,0.195748387095013,-0.017932666999492,6.64730722707784,5.50377599607279,8.07636556217947,5.71717030673154,0.000405718129767638,11.2210233550006,3244,918.972982040721,125611.765628074,19618080.1741586,5.64308805210391,0.039457445637504
FE,OR,1796,102.813796791444,0.194517706731441,0.0378380502068835,0.194520050912196,-0.0171300878232718,6.44642831037625,5.53852280385467,8.11859750639015,5.753272534333,0.000520061769589504,11.2918646722909,3244,929.837443527675,125156.741010448,19372753.2471799,5.74243130483722,0.0409835360492644
FE,OR,1796,102.813796791444,0.197336898785314,0.0389429396795165,0.197339655618217,-0.00067210011985775,6.20297816885539,5.28158893754099,7.58176688980027,5.39686106756419,0.000359039766431862,10.6785254002505,3244,1120.90460130149,126334.381309322,19938294.0240973,5.6799993313673,0.0450968880605438
FE,OR,1796,102.813796791444,0.200567554899244,0.0402285995128854,0.200570684579989,0.00285678583452301,6.34820796000346,5.19651536918191,7.98459747291836,5.64328048257605,4.13413922554977e-05,10.8398839101993,3244,1120.41636344189,128692.347708236,20596401.0405782,5.70691779907989,0.0458976388782101
FE,OR,1796,102.813796791444,0.201698257882095,0.040683454657489,0.201701399741025,-0.00382065954887799,6.48942005395271,5.80749217840523,8.78141950419614,6.19294156324463,-6.27147614988536e-05,12.0005302092593,3244,1068.34536144173,130014.803948503,20829281.8764436,5.63503601949012,0.0436632568436915
FE,OR,1796,102.813796791444,0.201694142298384,0.0406817855778322,0.201697262197166,-0.0180043186726933,6.83238307183662,6.05526015899641,8.78804603723877,6.19306860298261,-0.000112984283012901,12.248424559244,3187,917.818088506773,129267.401313267,20828436.3676095,5.62188350241825,0.044644134487103
FE,OR,1796,102.813796791444,0.197460501474094,0.0389918232165016,0.197463473119718,-0.0199190049589545,6.53985243526254,6.18508762534763,8.69565527152878,6.18499454540589,-0.000211944272895339,12.230744094483,3244,1030.8784562564,127659.736482315,19963235.5909596,5.63395780508725,0.0473739275932957
FE,OR,1796,102.813796791444,0.193814767828038,0.0375652651441985,0.193817607931267,-0.00444790084908,6.06436119855419,5.7725361321221,8.07964033394564,5.77245154435589,-0.000270182482073306,11.4246696439062,3244,951.59316618382,125387.215148898,19232889.4550255,5.67950680098349,0.048014490016476
FE,OR,1796,102.813796791444,0.19524023744517,0.038119921728999,0.19524323734511,-0.000728295913697235,6.35542648103561,5.73039023546775,8.08522907112346,5.73030218838578,-0.000140841050326787,11.1813350941078,3244,973.144107415734,124263.192582059,19516810.3118928,5.68486737736912,0.047161438418911
FE,OR,1796,102.813796791444,0.199691310851782,0.0398778647505517,0.199694428441436,-0.00744705182184737,6.36982252656522,5.45011653511354,8.44565303372287,5.99488481178072,3.25948595697775e-05,11.4450949393034,3244,1111.23707236263,127735.158512486,20416829.7851055,5.61758663701914,0.0478746250489573
FE,OR,1796,102.813796791444,0.201948916160449,0.0407846335826879,0.201952057634202,-0.0107676725310462,5.97108654772104,5.38918918647282,8.28037939124985,5.92786778250707,7.53358589915911e-05,11.3171491816117,3244,1263.51155547295,129146.002529124,20881085.647911,5.57973418425527,0.0458563649088229
FE,OR,1796,102.813796791444,0.203873543298691,0.0415657145534882,0.203876714103127,-0.00699030891323855,5.87686470232488,5.25597830487754,7.88547811866328,5.65637124560749,7.766759168013e-05,10.9124375228955,3244,1106.87193100381,129390.297708288,21280986.9769166,5.63146338397356,0.0456893058768019
FE,OR,1796,102.813796791444,0.206169020169195,0.0425069890763808,0.206172231584132,-0.0124967266755686,6.05608330968055,5.19745847187443,8.07992556146741,5.75879624892622,-6.43782078880436e-05,10.9563444233383,3244,1056.92484082796,131261.154902533,21762902.5390299,5.5883170496315,0.0461413353303284
FE,OR,1796,102.813796791444,0.205387377746739,0.0421852030839927,0.205390367554062,-0.0177145443929518,6.06315083407598,5.52713762984665,8.07901098629593,5.78071838528127,-0.000300235383304677,11.3079401645744,3244,1029.65680030018,130465.598059843,21598241.3193675,5.58508823893121,0.045466689738431
FE,OR,1796,102.813796791444,0.200800932411548,0.0403221387090561,0.200803731810582,-0.012390764717827,6.17860975245821,5.8119982453875,8.10202436355558,5.81191722048757,-0.000368531037303611,11.3630035770649,3336,897.189600669183,128905.263097022,20644428.9395035,5.66451538481323,0.0464835600055685
FE,OR,1774,101.554385026738,0.113672535871651,0.0129138563326668,0.113639149647764,-0.0161119122790141,4.06391130007289,5.71827138731599,7.41447332216105,5.71995136722938,0.00282712518917356,11.2637703822109,3222,400.652194883353,98356.741900402,6619872.27738901,6.59927631863508,0.124462590183118
FE,OR,1774,101.554385026738,0.112215056734055,0.01258448456913,0.112180589092454,-0.0215344815845439,3.8371999576225,5.79254182385708,7.48345597970739,5.79432159036712,0.00285090403906357,11.295057819286,3222,446.613372865951,97407.3733088055,6451377.46516456,6.58700940983402,0.126367401587659
FE,OR,1774,101.554385026738,0.111558980249352,0.012437584731028,0.111523919994896,0.00133085198414374,3.50786145980317,4.05867316414211,6.41491759557176,5.0100949502707,0.0028653128573061,9.06719356431013,3011,405.649704016151,95703.5463201265,6376251.43684901,6.54922722105326,0.123031333906737
FE,OR,1774,101.554385026738,0.113346524832583,0.0128397216994956,0.113312495778249,0.00616911756192249,3.64277992980177,4.34643555673593,6.32808081736949,4.92048045904142,0.00284854935551373,9.26543878216002,3011,408.819522319108,95427.2024026088,6582041.04962728,6.53984287418773,0.112079251680639
FE,OR,1774,101.554385026738,0.115031337190408,0.0132248715061115,0.114999441329563,-0.00244228552645715,3.75761192948561,4.87674981176461,6.29408098227622,4.87810241079967,0.00278393730827907,9.72370660510508,3222,410.647635890013,97436.8521565763,6778858.92748542,6.54781768340846,0.112675795663409
FE,OR,1774,101.554385026738,0.115616260515445,0.0133597462767097,0.115584368652122,0.0060492664431184,3.71046296960466,4.85207746288781,6.25464388646585,4.85341624072673,0.00279122033108182,9.23163043594667,3011,372.199661203086,98652.6981528842,6847954.230517,6.58883892395268,0.111975580034174
FE,OR,1774,101.554385026738,0.114214317274829,0.0130373298802763,0.114181127513597,0.00580531281246054,3.73086810647229,4.72023277104854,6.09323845568734,4.721604831406,0.00282627083588971,9.25805474606391,3404,351.82528741342,96629.1382805366,6683083.8120862,6.55838639072345,0.107015101684221
FE,OR,1774,101.554385026738,0.114122053157467,0.0130163890139842,0.114089390453206,-0.0229850336939834,3.69613844040037,5.25242848852464,6.76293736933878,5.25393220870133,0.00280370559229728,10.0523747680745,3222,387.45862728963,96262.3552966969,6672232.33609614,6.56009077945168,0.101356885930019
FE,OR,1774,101.554385026738,0.117797559211359,0.01386866876087,0.117765312214039,-0.0249084261590792,3.61521894588266,5.0885428118056,6.65734458663003,5.17820659322257,0.00283365332783548,10.2653318746884,3222,394.319024020716,98744.258045089,7108758.80780535,6.49426106946554,0.0946016677807885
FE,OR,1774,101.554385026738,0.118615294620395,0.0140617137239734,0.118582096979154,-0.012213705219562,3.58505112378334,4.70228107069824,6.61533484258532,5.14253948694172,0.00288336998382313,9.84338128135183,3222,485.358586255378,98147.8398875095,7207885.79323968,6.41267844450813,0.0967214178693058
FE,OR,1774,101.554385026738,0.11635763603765,0.0135314752453052,0.116324869418819,-0.0165953506260418,3.56722983762363,4.79351827333705,6.16591650174287,4.79486852102621,0.00283673713383397,9.25963760529874,3222,402.865171404329,96416.1115225107,6936139.02811888,6.4417821044924,0.0992800048847144
FE,OR,1774,101.554385026738,0.117479302302994,0.0137940554145921,0.117448096683565,-0.00376208931052651,3.61636762407363,4.750555623867,6.11960438694642,4.75181783274957,0.00278605801051986,9.33616174790932,3323,411.430644837204,98484.1174509909,7070284.07497841,6.48967021778749,0.0985177028503817
FE,OR,1774,101.554385026738,0.118851931124372,0.0141179459585989,0.118818962958776,-0.00102634838809952,3.9178922046886,5.3682850799658,7.37412977733558,5.69220936741346,0.00287693573179056,11.0589154936403,3222,477.277568219394,99300.8573388395,7236637.83278876,6.49037015895134,0.0988505698103412
FE,OR,1774,101.554385026738,0.121234740536446,0.0146891091675623,0.121198635172028,-0.0584048505336101,4.33162922957778,5.26277406753951,7.30511206625286,5.58044579479219,0.00303515733342994,10.8415579292245,3222,507.779169541987,100598.307343225,7530022.13939247,6.4385930935315,0.0965955202744955
FE,OR,1774,101.554385026738,0.120783062680025,0.0145793098202913,0.120744812809045,-0.0518001602324914,4.16726902240362,4.84333731199206,6.99176678638436,5.35527861777947,0.00311352107871376,10.1969200072502,3011,407.200551277567,100793.418337423,7474300.01942158,6.45128244415716,0.0977701578550454
FE,OR,1774,101.554385026738,0.118125154955109,0.0139442682547718,0.118085851204841,0.0116377859415417,3.87564075815812,5.12737650650057,6.95409978906238,5.35314473962218,0.0031176492393691,10.4787400957482,3011,404.189468672027,98564.8766366843,7149195.24733551,6.44267109553892,0.0972350831133088
FE,OR,1774,101.554385026738,0.119727864770144,0.0143260421431314,0.119691445572068,0.0377914777992934,3.97736249509648,5.05874004774366,6.88294536397195,5.28133527153688,0.00302772985973161,10.3384688261243,3222,495.719565210389,99417.9814867796,7344091.51674749,6.36658634542877,0.0929134512335892
FE,OR,1774,101.554385026738,0.119428971710802,0.0142555468218315,0.119396594682727,0.034956907295273,3.85437243764109,5.02074159209173,6.49489444828266,5.02210307724892,0.0028597111578186,9.74760138721707,3011,408.609419067725,99073.2813363954,7306986.10159149,6.46334904003172,0.0977623533463767
FE,OR,1774,101.554385026738,0.119280802660514,0.0142202673167215,0.119248762327839,0.00502966739358608,3.79819773663869,5.02697829151733,6.49123932568325,5.02832896429302,0.00284375631317628,9.61264736579646,3011,396.156298521778,98378.8043021716,7288830.37862306,6.45811790251963,0.101708196368963
FE,OR,1752,100.294973262032,0.224004507235034,0.0501795823174733,0.224007996101642,0.00436399790978849,4.86441425749861,4.81856830545118,6.69283629353633,4.81849325749595,7.11061483419604e-05,9.29349433343937,3230,1450.40101299811,120458.573295753,25691148.4500253,5.20978847128739,0.0172823364891247
FE,OR,1752,100.294973262032,0.225865833921725,0.0510169527314682,0.225869326672455,0.00591097038715788,4.87494549245103,4.569985945918,6.35830040367319,4.56991527752764,0.00012838014312731,9.11458248047249,3219,1470.08973583332,119686.60872428,26119880.3679527,5.15752103570768,0.0192017976786963
FE,OR,1752,100.294973262032,0.223290149123352,0.0498600355274763,0.223293608344431,0.0085443541268326,4.84739811094824,4.68308439015214,6.51694033027131,4.68301184072111,0.00011530031552503,9.28010351591697,3219,1408.38865687486,119763.310221653,25527553.9774304,5.15162848395468,0.0220060675019416
FE,OR,1752,100.294973262032,0.220916895126992,0.0488057977026116,0.220920342437295,0.0114776797590615,4.74469852752172,4.73339357423618,6.55397056961775,4.73331971287849,4.50679151085084e-05,9.16206401579219,3230,1494.0904264696,120233.23854809,24987789.6094064,5.16396064365912,0.0222636261074305
FE,OR,1752,100.294973262032,0.223057130903455,0.0497560336883968,0.223060605415651,0.00432078271420069,4.65004219040299,4.45162438596656,6.15610195258764,4.45155504506616,6.95308346062602e-05,8.83780168290625,3230,1454.90581690688,120147.088889253,25474298.032604,5.25385751799653,0.01998081334341
FE,OR,1752,100.294973262032,0.225586428923292,0.0508908190037493,0.225589935510761,0.00223817732381292,4.76235507971638,4.40171231989846,6.10332892250992,4.40164389934049,9.08224000152366e-05,8.76158664896431,3230,1188.15843737266,121274.104038705,26055293.5232009,5.26043730007114,0.0179971154287433
FE,OR,1752,100.294973262032,0.227705655014353,0.0518514847544511,0.227709210956542,0.0109383040843086,4.79272086565316,4.9531612442901,6.84637746057121,4.95308389495949,3.04952939760184e-05,9.4472122950531,3219,1400.26612217375,120751.532190128,26547131.5134058,5.22382027653033,0.0185896413801607
FE,OR,1752,100.294973262032,0.234277070318709,0.0548874581855229,0.234280725168595,0.00277049529544172,4.89925362271091,5.26810585231317,7.32664970208991,5.26802366827493,-5.21983027922312e-05,9.94292413503213,3219,1541.83186744286,121802.458624986,28101503.1727689,5.13033629606147,0.0202689014493808
FE,OR,1752,100.294973262032,0.235037609432886,0.0552443863154744,0.235041243860465,0.00517503029700587,4.81287902963012,5.25105921638126,7.28650295909448,5.25097801959163,-0.000133863825780953,9.91075063423696,3219,1454.03511619723,122651.758871126,28284260.2268752,5.18093133609354,0.0205920118235578
FE,OR,1752,100.294973262032,0.235808681552432,0.0556074524831896,0.235812324705876,0.00550578532437231,4.66279500554365,4.38073160456473,6.15826895312326,4.44834012046573,-0.00013980413603474,8.82914045017461,3219,1393.68644676673,120755.468812476,28470145.9632991,5.20544504768985,0.0181661084793298
FE,OR,1752,100.294973262032,0.239782373969143,0.0574973779251763,0.239786108699349,-0.00295282207557788,4.86961525875582,4.78162634624658,6.67795376389069,4.78155187118858,-7.5724248617938e-05,9.26888545172536,3219,1416.15060870497,119874.502914607,29437743.403402,5.12877815239187,0.0161996067989797
FE,OR,1752,100.294973262032,0.241715576014112,0.0584282355773092,0.24171933223743,0.00765811536040393,5.03106692428241,4.7433836728398,6.65074086244163,4.7433099625238,-9.9964425634113e-05,9.19475440644754,3219,1372.6936617839,121151.310834635,29914331.995949,5.1760579550022,0.0168591493597784
FE,OR,1752,100.294973262032,0.245095359973558,0.0600735871472233,0.245099137385719,0.00757134911448121,4.84019512088313,4.6616656731303,6.50275179120852,4.66159382859918,-0.000160102913263798,9.03546326818047,3219,1334.30100975302,121468.208450022,30756741.6804811,5.15344597441931,0.017628984295341
FE,OR,1752,100.294973262032,0.247694944479293,0.0613546997762026,0.247698808588581,0.00172385937294418,4.62689471794202,4.55488195766145,6.32850796428049,4.55481090135811,-5.54866255174436e-05,8.78869012061148,3219,1399.89720758287,123810.766990578,31412627.7614893,5.16512172941505,0.0174937164246699
FE,OR,1752,100.294973262032,0.249836318542839,0.0624201361891877,0.249840221319922,0.00660149634171376,4.87574188994025,4.83382275197142,6.86169685945399,4.88553135411111,2.2430043475819e-05,9.71943042460948,3219,1379.27608864234,125724.462034707,31958111.5189919,5.2181146919129,0.0155517139378386
FE,OR,1728,98.9210695187166,0.284157444797958,0.0807479131560982,0.284161772862041,0.0194942613196573,4.88985651250988,4.46675154895888,6.31568004297958,4.46668351592702,0.00025229009558385,8.76923145911312,3274,1189.46614538389,144082.321043171,41341704.7158747,5.35657619652385,0.0159295598319283
FE,OR,1728,98.9210695187166,0.282337813786675,0.0797169009150652,0.282341815739478,0.0229712581441151,4.8433109671525,4.47937417119567,6.30850668049083,4.47931067991304,0.000480969778120757,8.80958301274927,3252,1347.02778832478,145475.634016473,40814014.6576833,5.24214081816213,0.0164706668263139
FE,OR,1728,98.9210695187166,0.283580393037101,0.0804198427901414,0.28358392547911,0.0288442723629833,4.78037830540732,4.45974665978554,6.28268919246088,4.45969110728403,0.000713894265647734,8.68247954366974,3274,1240.440074773,145442.349561048,41174194.5573699,5.36192435423928,0.0157926661795529
FE,OR,1728,98.9210695187166,0.284702337694619,0.081057403554264,0.284705819319283,0.0263170401615518,4.79511385063098,4.35457491545394,6.12235127790467,4.35452166401193,0.000742009688564859,8.56066700658047,3274,1275.0823268639,147243.5780076,41500657.4784246,5.37466562530325,0.0164263333600456
FE,OR,1728,98.9210695187166,0.290334865594797,0.0842967855568237,0.290339087201196,0.0220482446346616,4.74725972828239,4.54750510510205,6.40884067045394,4.54743898318633,0.000427665375543209,8.86406969098035,3275,1136.73122311818,147018.217336003,43158792.6572494,5.39534476292304,0.0151302605619338
FE,OR,1728,98.9210695187166,0.294175618314154,0.086541994762891,0.294180207972751,0.0204659229711552,4.57354741976256,4.48813294265431,6.29902777539748,4.48806292095541,6.39136923620631e-05,8.74834052224329,3252,1295.88316573365,143409.399124053,44308120.8290698,5.33248627894972,0.0142196087538058
FE,OR,1728,98.9210695187166,0.288176504211971,0.0830482524007069,0.288180936914132,0.0215361956469425,4.53645802756922,4.34562185370983,6.07040464334122,4.34555501081735,-0.000201089564365181,8.34952941022997,3274,1403.48862778452,144458.18142548,42519417.8600072,5.32246264615759,0.0146397521281163
FE,OR,1728,98.9210695187166,0.289607289550354,0.0838748572697502,0.289611562734899,0.0253569237413175,4.6359520797159,4.3241526011779,6.06097677881376,4.32408879881486,-0.000382073608014795,8.46486652671582,3275,1305.88450046491,144062.871532199,42942734.3962661,5.42215990157398,0.014692860351619
FE,OR,1728,98.9210695187166,0.295786204598764,0.0874919282041219,0.295790345015049,0.0243347441462508,4.86032539684611,4.91732570760908,6.97365956074413,4.91725687583081,-0.000533619317638436,9.40482919486985,3281,1304.71919649925,147458.560330752,44794758.9528534,5.29002108822487,0.0148296095522674
FE,OR,1728,98.9210695187166,0.296572867307255,0.0879578114122666,0.296576822108988,0.0234180638938405,4.85367673507797,4.9042824484775,6.97045180599109,4.904217050701,-0.000634737888225781,9.37988278465199,3274,1688.14364165109,148875.280892913,45033404.658834,5.22945055992011,0.0148159672018116
FE,OR,1728,98.9210695187166,0.294199481749044,0.086555642163321,0.294203402705205,0.0258856639141231,4.79151164789608,4.79332734672388,6.76189764788572,4.79326346430028,-0.000630683678408746,9.13376800027687,3275,1406.74710505549,148197.639851894,44315511.2033165,5.3690108202738,0.0154558621517939
FE,OR,1728,98.9210695187166,0.290265134973497,0.0842562586937629,0.290269286514717,0.0344761930278908,4.91349564821998,4.66447400182166,6.59187489102671,4.6644072887487,-0.000472118103555134,9.06374638069129,3275,1519.95185150301,149219.183931938,43138084.5766196,5.39074579935558,0.0158549463738064
FE,OR,1728,98.9210695187166,0.281684512666869,0.0793484881774767,0.281688636933542,0.0242498116904947,4.82787140194304,4.34194122993383,6.12482661271369,4.34187765859597,-0.000395144467606174,8.56448111206431,3264,1240.89174686831,144490.338266454,40625316.1652427,5.42702132665236,0.0163745302913399
FE,OR,1728,98.9210695187166,0.278142179938208,0.0773654651421975,0.27814648144853,0.019875331005888,4.55609170811022,4.36805123314517,6.09487576034359,4.36798368162566,-0.000157446391851606,8.43158641178738,3275,1287.45903975558,143027.673270767,39609905.6831893,5.46671670720629,0.0168342669397975
FE,OR,1728,98.9210695187166,0.281309664997022,0.0791375877520472,0.281314037602191,0.020011484928203,4.54016910505082,4.377236868847,6.26841317352991,4.50058084925139,0.000113658731305114,8.87788767397099,3275,1343.59439126373,144855.391166603,40517191.8921651,5.45285838833416,0.0167330699926899
FE,OR,1773,101.497139037433,0.102930053013283,0.0105949019655021,0.102931540188137,-0.0181883127134385,3.54014756700979,4.3051923764086,5.99704607269455,4.67298914800106,-0.00015791928806387,8.97824904163861,2910,529.708917956725,84644.2597581928,5424445.82492818,6.22490671243495,0.0896918865320914
FE,OR,1773,101.497139037433,0.102458559418995,0.0104980510070156,0.102459997106264,-0.0171368009506211,3.44734699781988,4.26303779795861,5.98329885974265,4.67071703141295,-0.000182907884245709,8.9338203683607,2899,422.993068677997,85105.1299202974,5374868.39139002,6.36879976473769,0.090924072545712
FE,OR,1773,101.497139037433,0.10349398536163,0.0107113149364716,0.103495482686307,-0.00793969327009921,3.41429954009866,4.13392255411876,5.9380147894412,4.64440285839078,-0.00015747429442396,8.77839260654971,2899,350.113970814147,84798.3102453189,5484047.25941217,6.41937634373066,0.0926773404040931
FE,OR,1773,101.497139037433,0.101960727683273,0.0103963031235214,0.101962263232636,-0.0244642913985683,3.5586299190412,4.19608735660552,6.05371561649861,4.71424133183582,-0.00010840043245965,8.9103996858777,2910,467.644383881071,84446.8768572689,5322752.86771602,6.31710955254277,0.0932169271894394
FE,OR,1773,101.497139037433,0.101940875407319,0.0103922649568326,0.101942459048389,-0.029064129911536,3.52992700679437,4.07958059891584,5.92639194860761,4.61231444823558,-4.33619407259442e-05,8.69196669898451,2910,454.318348138733,83221.8458290032,5320675.30524695,6.27451248407479,0.0894794173527895
FE,OR,1773,101.497139037433,0.101996559258996,0.0104036228394192,0.101998151156868,0.00602850618903412,3.40578363664526,4.04903862228922,5.38466289564328,4.21097359604751,-1.93511844741355e-05,8.26007794055281,2899,371.701722805023,82851.5519666244,5326488.81501347,6.40843071060555,0.0926424711557901
FE,OR,1773,101.497139037433,0.101552381865359,0.0103132085324533,0.101553968570673,0.00141891973242487,3.33977090063519,4.06674860987344,5.43582215151303,4.26375371138431,-4.2238609119227e-06,8.33056894028282,2899,441.031383511034,83077.6365305447,5280197.76849762,6.37362039405761,0.0941965234250987
FE,OR,1773,101.497139037433,0.1018755401067,0.0103789415119036,0.101877090221028,-0.0174270675961526,3.38200743255766,4.22927658227812,5.5726642632082,4.36668140097082,9.22065638549663e-05,8.59602442564916,2899,437.358864811035,82577.3222547175,5313860.69705511,6.35851770186357,0.089606656195121
FE,OR,1773,101.497139037433,0.100795395582008,0.0101599852343744,0.100796752102309,-0.0104631622864918,3.3420661514931,4.27459839402734,6.208719483011,4.87431440519416,0.000209846843061008,9.14897839851213,2899,421.980163047343,82303.7643690425,5201794.97207106,6.41681612277233,0.0900073765162126
FE,OR,1773,101.497139037433,0.0996479269708455,0.0099299815414258,0.09964929272918,-0.000317395182781149,3.30042914468092,4.0751683120092,6.27291972856939,4.93044202636073,0.00019524365374844,9.00567791420914,2899,570.203052765456,80524.0357924818,5084030.70418437,6.2467037169518,0.0909473714808127
FE,OR,1773,101.497139037433,0.0997376250583606,0.00994790418000167,0.0997391807666459,-0.00964623981519299,3.30925455727062,4.49494558187426,5.72600415006332,4.49487547077018,2.33299392405868e-05,8.55733809680331,2899,611.095519948238,80617.3526793503,5093168.32620007,6.1089849575519,0.0912593449532135
FE,OR,1773,101.497139037433,0.0995095630481593,0.00990245897581344,0.0995110997618529,-0.0449399082380509,3.23440894226733,4.50524736889599,5.71345949283273,4.50517779600069,-6.01170953191249e-05,8.57695031967463,2899,545.895709533146,80373.7611931276,5069904.25707296,6.19498390273024,0.0930693916573723
FE,OR,1773,101.497139037433,0.0981716060927967,0.00963796493268346,0.0981731375310144,-0.0260807401840818,3.28981352423836,3.8372846270499,6.47074316552897,5.08669864419357,-2.22836250309677e-05,8.92406262172999,2899,434.327666256487,80811.3923110329,4934484.34622009,6.34053109743032,0.0969931695002554
FE,OR,1773,101.497139037433,0.0978935779084121,0.00958345154711012,0.0978951048168912,-0.0356794845076855,3.45928244847906,4.00318822833793,6.53481293769904,5.10114541998094,2.30534391857323e-05,9.1044132141327,2899,500.078459210341,80816.1720735077,4906574.40055852,6.35910257809437,0.0954196062372069
FE,OR,1773,101.497139037433,0.0974368780161241,0.00949423440227039,0.0974383620668492,-0.0589815106783403,3.49453006614578,4.31663936407935,6.19412320440595,4.84005107829654,8.65452699593487e-05,9.15676416067904,2899,465.632197314734,79675.3658148349,4860903.77544704,6.37078205221771,0.0932304568447022
FE,OR,1751,100.237727272727,0.0852215324089965,0.0072629342349482,0.0852228504272663,-0.0500617326280367,3.3759452653279,4.37008094418991,6.29924560931637,4.94858168406851,-4.81444106173014e-05,9.3187391619804,3439,292.820750568791,72154.3723346238,3718508.49302333,6.46113832888326,0.0968793422271782
FE,OR,1751,100.237727272727,0.0853944382827818,0.00729243266341112,0.0853957414828815,-0.0464277717015895,3.27543053126023,4.175839522164,6.25184861411876,4.93856285296172,-7.29022731776769e-05,9.11447774227762,3439,284.214357113599,72085.7278935552,3733614.28124801,6.50102229340912,0.100379762798631
FE,OR,1751,100.237727272727,0.0864123040094831,0.00746731669155617,0.0864136371850888,-0.0243370105441616,3.10040621081483,4.35544597313515,5.73332590522219,4.56083679766228,-5.42799940965861e-05,8.91635313573481,3439,271.194291249423,72212.636752604,3823149.6858438,6.42953596834972,0.106040643043263
FE,OR,1751,100.237727272727,0.0858740136116719,0.00737456959973891,0.0858753142628247,-0.028551536523035,3.12167517509216,4.382747535586,5.51613522485456,4.38268115532662,-8.4079359488382e-05,8.46615345758973,3439,285.653029587285,72335.7850581521,3775668.87292532,6.43355220920097,0.111314941646912
FE,OR,1751,100.237727272727,0.0850642765167822,0.00723613816817451,0.085065493404638,-0.075264683620027,3.40197250321235,4.04855782663126,6.42756701928777,5.06280895719531,-0.000138204438511947,9.11143920989058,3439,316.469536681176,72053.7231327853,3704806.51903193,6.37664452855924,0.106421479911989
FE,OR,1751,100.237727272727,0.0844425028178735,0.00713073228488485,0.0844436633791124,-0.0747044939619779,3.4805381010709,4.69496875954258,6.4901737174614,5.10009069625191,-0.000163806732514227,9.79512955044327,3282,317.523801036753,72090.8853529851,3650848.31241824,6.36985561414611,0.0988395258403147
FE,OR,1751,100.237727272727,0.0838470076433419,0.00703051732160261,0.0838481801925516,-0.0483969892509627,3.32312143895108,4.72831319626686,6.13623614263695,4.84504096181528,-0.000151897354602721,9.5734219130219,3282,281.281649867907,71109.0614519686,3599536.002329,6.44007330889544,0.0979778331696022
FE,OR,1751,100.237727272727,0.0847586107230213,0.00718423585521335,0.0847598717272115,-0.01934788519395,3.18925724578401,4.52878762957106,6.04565302096267,4.79292688070644,-0.00010365256287294,9.32178581749724,3497,295.57305065297,70701.297055838,3678224.81171513,6.42750487199431,0.0969778095900849
FE,OR,1751,100.237727272727,0.0836245839115547,0.0069932893324932,0.083625889128267,0.0101847522326352,3.07999328320474,4.13709951661623,5.20109374568925,4.13703494556669,-1.55621042683237e-05,8.24460949181356,3282,358.43897072399,70121.195552937,3580452.49316372,6.40061878875819,0.101282879908403
FE,OR,1751,100.237727272727,0.0847102230716564,0.00717604509790138,0.0847115405237172,0.007131386961509,3.09687949308153,4.33852932221737,5.46124381436573,4.33846184847813,3.23474530867805e-05,8.39947089617704,3282,279.48443280181,71531.020742932,3674021.3448477,6.44250322032028,0.10238496049082
FE,OR,1751,100.237727272727,0.0875234546492245,0.00766059450622661,0.0875248222290489,-0.00189374757383787,3.20585506919374,4.44632218751488,6.00523621402747,4.75228777832842,1.04238884737461e-06,9.19868422174317,3497,287.900368176189,73432.4683751022,3922101.81878424,6.42391913739547,0.101976476406017
FE,OR,1751,100.237727272727,0.0874838576416729,0.00765366236424175,0.0874852122603686,-0.0135999670220376,3.36546602749129,4.44833468511137,6.03245171641505,4.75443943305035,-4.64819924498579e-05,9.20284773691513,3282,302.095022351954,74195.175527011,3918554.88426319,6.42230079468952,0.103961555210529
FE,OR,1751,100.237727272727,0.0869365611201882,0.00755820173229224,0.0869379188403555,-0.0376326806542358,3.42721762565645,4.38705283136753,5.77508059003356,4.53847563213686,-1.09961861686572e-05,8.92559934254326,3421,249.689991135984,73933.3379984083,3869678.47767684,6.42625393127046,0.0997056432368295
FE,OR,1751,100.237727272727,0.0895866162919084,0.00802600102224531,0.0895879513229614,-0.055228103976288,3.41308026662757,3.97409749885019,6.60563409935938,5.19294403154982,0.000107744699451277,9.16711891630681,3439,338.480944206831,73972.8556514646,4109195.99484336,6.37774654378668,0.087398314560865
FE,OR,1751,100.237727272727,0.0883547438835311,0.00780677863613677,0.0883559767991773,-0.0514858509886945,3.44324257891175,3.83287134787345,6.71347114178473,5.26535084523768,0.000161531482916673,9.09829566662431,3421,265.959574582067,73550.2054031736,3996972.46971011,6.49348807043726,0.0878323050046344
FE,OR,1728,98.9210695187166,0.104723362310558,0.0109673154460474,0.104724951401504,0.00386597789472456,3.65902893006188,4.67575159106701,5.99662492872719,4.67568064145645,9.9479589666079e-05,9.33988347568068,1026,538.144756134615,85336.0554945751,5615100.16274922,5.94492805471686,0.0927127492026386
FE,OR,1728,98.9210695187166,0.104815140427154,0.0109865084933025,0.10481654684878,0.00145064638925341,3.6126152858623,4.67165741466321,6.00765605792534,4.67159473066707,0.000220222278504516,9.14004829409203,1026,512.43684750908,85219.6822673702,5624966.22089447,5.95917111544918,0.09544220921674
FE,OR,1728,98.9210695187166,0.102897875764648,0.0105882430299875,0.102899188675069,-0.00515775808331572,3.66472387021893,4.92528702330326,6.33394645976429,4.92522418062448,0.0002463523576414,9.35780951957393,3285,547.629179270895,84048.7865859941,5421073.16539172,5.87106561450036,0.0964722585000267
FE,OR,1728,98.9210695187166,0.103660603861769,0.0107458272329016,0.103662081943696,0.00364223549255295,3.55980137572909,4.88904707621528,6.23918919110445,4.8889773649767,0.000171368567576422,9.28895535528985,3285,534.343980756513,83173.0319086498,5501721.68185403,5.95949224377917,0.0918520477577695
FE,OR,1728,98.9210695187166,0.10653682705342,0.0113504358072209,0.106538424088311,-0.0091715617550385,3.48816748664566,4.68087170538456,6.4778243732401,5.08208423491398,0.00012005210721626,9.76303212302396,1026,530.984732149588,84310.3120527592,5811256.27989076,5.91893668966946,0.0902365418168558
FE,OR,1728,98.9210695187166,0.105619468873483,0.0111558147420703,0.105621090422653,-0.023535348707183,3.52954183462317,4.72152742912536,6.55638116659077,5.12622283395458,7.79888264424638e-05,9.84782896469122,1026,535.693828348786,84426.2394054266,5711604.87912514,5.90205680858116,0.0899824437957317
FE,OR,1728,98.9210695187166,0.106728180352007,0.0113912574868866,0.106729834099405,-0.0253457810474058,3.62542604875011,4.87207107615684,6.25800569632753,4.87199558484801,5.45083513230641e-05,9.47145518235274,1026,556.566648436408,84455.7412500633,5832144.61561625,5.88847904367458,0.089022498306726
FE,OR,1728,98.9210695187166,0.106756266812877,0.0113972546146504,0.106757925301358,-0.0172613026704043,3.75922036444598,5.02576899362207,6.46560454590886,5.02569091810721,4.53142206142871e-05,9.9628272055764,1026,557.871033646582,85986.4464858039,5835214.10603064,5.91984606270077,0.0926130021572955
FE,OR,1728,98.9210695187166,0.108730201731876,0.0118226250958155,0.108731895485251,0.000134475813108798,4.45641858156267,5.64210857788296,7.61239357252938,5.83833985737024,3.36135853211692e-05,11.4805393824572,1026,545.159014152055,88435.5935100455,6052996.04366001,5.96902932792979,0.0878123510342059
FE,OR,1728,98.9210695187166,0.110823477005748,0.0122822267546247,0.110825208119023,-0.0178173926687996,4.21297235102918,5.53553832131202,7.43013986197198,5.72806286541944,-1.09820309010889e-05,11.2636906616869,1026,554.19029332374,88274.4669524144,6288303.7052201,5.9589687446654,0.0816328259867081
FE,OR,1728,98.9210695187166,0.107499391602591,0.0115564584157066,0.107500969371009,-0.00981431611985956,3.45547712207079,4.5044499097008,5.81575533056812,4.55308133539955,-0.000148049134037814,9.05759807066865,1026,565.543628870572,85419.3468829053,5916744.25005973,5.86318759695267,0.0878106686707212
FE,OR,1728,98.9210695187166,0.10649707647096,0.0113419383419388,0.106498536806563,0.0119402771418641,3.69219154281748,5.11631284736363,6.66714666823851,5.18105030023105,-0.000208303854361201,10.2974341924765,1026,571.103750265345,84842.9446777671,5806935.39067008,5.68251637030859,0.0896088290182442
FE,OR,1728,98.9210695187166,0.107928070813226,0.0116487726085442,0.107929479793725,0.00252881251156059,3.75379452386044,5.04847679060216,6.59116581366994,5.1123592659796,-0.000244714250825442,10.1609027974626,3274,585.340152679196,85398.0103062925,5964046.51751345,5.58144945371154,0.086153619638979
FE,OR,1728,98.9210695187166,0.10929042927643,0.0119447453422998,0.109292018657813,-0.0100703634046581,3.56303557389971,4.97044454665994,6.3842703392711,4.97037226387,-0.000160817967300167,9.48786271552513,3274,626.906801863156,86390.4069721299,6115544.9712843,5.5618903281788,0.0883272202231973
FE,OR,1728,98.9210695187166,0.118118781703084,0.0139524758047851,0.118120598562592,-0.0150821878948958,3.81876974742284,5.24102919234976,6.78908320961005,5.24094857801294,8.24688107944499e-05,9.98858335868952,1026,551.363871299078,92295.2801810737,7143451.33537221,5.86593242770739,0.0770145644248942
DE,B,1796,141.089072482796,0.147120323826671,0.0216450657030703,0.147122621316609,-0.0233151780312645,3.09612159535133,3.85065294068593,4.85126877532764,3.85059280828544,1.97001879914722e-05,7.62302419183727,2940,535.926442407791,106790.616009283,11081927.715626,5.96081162634934,0.0487789488144604
DE,B,1796,141.089072482796,0.146470170595608,0.02145410823195,0.146472209759906,-0.0379897508612842,3.18724192967451,4.67837982104705,5.91612387684138,4.67831468933968,-0.000270339118371074,8.57730515519152,3263,518.572509816021,107876.595377852,10984234.9703436,6.03037234383255,0.0538743950837835
DE,B,1796,141.089072482796,0.146656294062513,0.0215087407178639,0.146658585557968,-0.0175673384599215,3.16897194380001,4.67244242656045,5.90220264027611,4.67236942107943,4.29346819924022e-06,8.97756209664,2860,583.784561259634,107764.504054372,11012131.1264473,5.97075424300973,0.0574411020755448
DE,B,1796,141.089072482796,0.146755401675886,0.0215376974622016,0.14675727396692,0.000634862463378977,3.01050799915475,4.57365699483635,5.74041682601305,4.573598645313,0.000351442590883998,8.87586930933708,2860,681.664464344574,106290.511978617,11027082.9733288,5.98460361286285,0.052598996658374
DE,B,1796,141.089072482796,0.14471157662322,0.0209409493036103,0.144709879771943,-0.0187108031203,3.04559186567673,3.91421560836779,5.70025364017421,4.54557194958603,0.00107028493095706,8.45973425772904,3015,609.437021965604,104846.202134971,10722603.9821242,5.95024204963151,0.0475901771096279
DE,B,1796,141.089072482796,0.144197259223441,0.0207931120967672,0.144198169533345,-0.0245224072750754,3.13650739038576,3.92817668644035,5.74607131820786,4.56170263775231,0.000622298592393623,8.4899081219875,3015,614.894034517826,104968.20485223,10646137.2411107,5.92863571436069,0.0459260346384082
DE,B,1796,141.089072482796,0.143460048279035,0.0205796143777984,0.143455966685943,-0.0247719411476221,3.1728333785778,3.71492171299964,5.34847913365329,4.22942593855399,-0.00134691773093848,7.94422731982434,3015,544.448866719067,105778.941252732,10538290.9514355,5.95888383090011,0.0464880902290152
DE,B,1772,139.203695122224,0.138840632005002,0.0192695701482591,0.13881487725838,-0.0193541014111116,3.03129827971833,3.8487181548906,5.16724752132012,4.11185367816103,-0.00278444273713623,7.95980908983951,2899,567.864627534116,102689.79822061,9873650.79683596,6.00070765426042,0.0566065028353605
DE,B,1772,139.203695122224,0.140542816657779,0.0197516448806484,0.140540545326423,-0.0141405130529167,2.98144730108568,3.98331048550751,5.08352784431252,4.05853143333215,-0.00112056787224788,8.04177632836749,3051,624.933831257828,102875.596131901,10113811.9369848,5.96064107328469,0.0549059161273551
DE,B,1772,139.203695122224,0.141443578415265,0.020006443885889,0.141444136979548,-0.00174685694022828,3.01040179096927,4.63670010437726,5.81011867967776,4.63668179400312,-0.000683513275323833,8.53254260713287,2821,645.192959176797,103753.241262303,10243457.558844,5.94619406112924,0.0548341416895843
DE,B,1772,139.203695122224,0.142084812007051,0.0201883837274602,0.142085832254522,0.0117945951873495,3.10600283516085,4.6157745190176,5.81152392986306,4.61574137544371,0.000583920037617197,8.49403495198131,2821,684.803046308333,104561.760121901,10336478.5884388,5.92744793608327,0.0533876247166043
DE,B,1772,139.203695122224,0.140502145288771,0.0197411285957377,0.140503126640434,0.00693444492733376,3.12655772490989,4.36069750893085,5.49582578382224,4.36066705140401,0.00058407643142162,8.57733592082937,2821,642.094557357227,104335.013945137,10107491.305853,5.99336383541707,0.0541058056999456
DE,B,1772,139.203695122224,0.139562249104473,0.019478201840618,0.139564328682576,0.00918266567641409,3.08668609050275,4.39006507054456,5.52856347244093,4.38999965638553,-0.000168012762453508,8.63510086339201,2762,579.482774705917,103754.548372416,9972556.59660195,5.97484443649221,0.0548244425811593
DE,B,1772,139.203695122224,0.141409130666006,0.019997059999601,0.141410961384191,0.0320953570949707,3.04981946316283,4.22373462850951,5.30424888707797,4.22367994768621,0.000327328946826341,8.36969544352629,2899,604.80546356877,104036.707891657,10238284.4824132,6.01909286374337,0.0526954926609021
DE,B,1747,137.239760371628,0.136344253999868,0.0185895594732755,0.13634353476889,0.0340068357497831,3.1209988832468,4.54031330938961,5.70579913172308,4.54033726016943,0.000881503963995478,8.68275150779643,3431,467.490828700221,105514.095145104,9518352.68270525,6.09891565492075,0.0569549742924651
DE,B,1747,137.239760371628,0.135926774773837,0.0184766086963802,0.135928689747162,0.0127901686945539,3.07553075399665,4.5542582182532,5.73188392377688,4.55419405753025,-0.000238323433315017,8.56504143741516,2933,496.0572560562,104925.110579873,9459786.15829479,6.09916959694625,0.0570161800921512
DE,B,1747,137.239760371628,0.135815413201264,0.0184426944049879,0.135803882142551,-0.00806527332123575,3.06598435799268,4.06012640682137,5.11141169418758,4.06047115069202,-0.00192571863013458,8.07419825954859,2933,645.060188388114,104921.389468125,9446161.84554328,6.17553628665287,0.0570077987785677
DE,B,1747,137.239760371628,0.139982734572269,0.0195955953714579,0.139984268299898,0.0062310986740586,3.02836750910202,3.60067539505287,4.79720807847871,3.82203380905458,-0.00042774902432536,7.42275108040648,2860,694.847644521148,106053.601211039,10032818.6514452,6.06720440050876,0.0525791298107111
DE,B,1747,137.239760371628,0.143601489912412,0.0206218689252309,0.143603164746571,-0.00682293589949435,3.00722763699561,4.04092246963374,5.07371548667859,4.04896713816034,0.000404244032391147,8.08993683117926,2860,760.961061556044,106219.749261637,10558234.2491866,5.89707155759018,0.0499313323124191
DE,B,1747,137.239760371628,0.14387599945609,0.0207008830246935,0.143878014389599,-0.0330374181611274,3.18504061044164,4.71873788533753,6.60814985444847,5.25922053642384,0.000259031638769936,9.97803207532227,2860,730.243412256405,107448.405836445,10598589.5952794,5.96905750407458,0.048682219892066
DE,B,1747,137.239760371628,0.141594446449587,0.0200479580751246,0.141590812114079,-0.0107012950307674,3.18998031020693,4.79477229826224,6.71025471352759,5.34417591593443,0.00128673576547849,10.1388110440691,2860,575.730370225614,106894.209048659,10265929.1845544,6.02350507367245,0.0512198211760937
DE,B,1721,135.197268231008,0.143826372676565,0.0206858521092888,0.143825769976346,0.0336024076419273,3.02618644327057,4.08578173836142,5.13948316493374,4.08579885978234,-0.000905428565730677,7.83809844673126,2890,862.89486662373,111807.82661293,10591664.782096,5.84672798990827,0.0552456468927386
DE,B,1721,135.197268231008,0.142231561116297,0.0202300357747244,0.142232330272426,0.0263577534823697,3.04114908358943,4.26317683352681,5.5146468096826,4.39374064088772,0.000642955264666508,8.65694123477065,2890,842.398490759091,112799.744344066,10357877.9452903,5.91320652289529,0.0554483537826641
DE,B,1721,135.197268231008,0.141746249590105,0.0200912578915526,0.141743634395173,0.0237121335767102,3.00705165703941,4.27777311992936,5.51990511506155,4.40888913729873,0.00117014234894688,8.68658091395051,2890,791.534766596359,112379.663544987,10287804.6749776,5.92204584207112,0.0556509495526127
DE,B,1721,135.197268231008,0.139727912298542,0.0195240215526465,0.139728384921055,0.0355883346922668,3.06600979036993,4.3153913045387,5.41873006421712,4.31537670799783,0.000691410396322674,7.94695930693658,1382,614.634202199177,112471.380876168,9996476.16700478,5.94203931828275,0.0585681359456645
DE,B,1721,135.197268231008,0.138029379301273,0.0190523575873022,0.138030277791875,0.0214994453465766,3.0929442378057,4.36849474211113,5.50090170188109,4.36846630594819,0.000589363357480641,8.3079932125322,1382,601.621231057383,111996.673162609,9754857.91892339,5.99218266464453,0.0569713693899414
DE,B,1721,135.197268231008,0.138638501676933,0.0192201492338586,0.138636752824994,-0.0122495572654464,3.03989660781845,4.69615298263641,5.90997147209533,4.69621222288893,0.00104189396283694,8.72886279889575,1382,598.309960097654,111737.967054386,9841520.47707508,6.00163374223722,0.0567604315789774
DE,B,1721,135.197268231008,0.139507547190723,0.019460169561769,0.13949971169063,-0.0141044336859738,2.99645204315696,4.66689886152386,5.8589479543494,4.66716099458505,0.0016716135024256,8.67448739621233,3379,662.431755900235,111512.729820917,9966156.79160831,5.97838326996819,0.059248678404599
DE,B,1797,141.167629872819,0.126113472927678,0.0158984076082065,0.126088887726899,-0.0519185159761607,8.37228096724923,8.47434534373001,11.9937372684328,8.57152246111287,0.0025879085979816,17.0441968287307,1437,472.986872011203,111541.00051749,8146588.26559221,6.60071257080307,0.104427765861897
DE,B,1797,141.167629872819,0.151903328057782,0.0230740629579222,0.151901490966752,-0.0629053913787775,11.1938112188284,8.37852212986072,12.6518124426811,8.49950082995786,0.00113100909615344,16.8779201684121,1437,442.95743149446,127611.45059547,11814860.9257064,6.57241412952164,0.0659136587671179
DE,B,1797,141.167629872819,0.145484195545928,0.0211638259710463,0.145477922624178,-0.0248140099676511,12.7190513562484,8.74820382348567,13.3077441227486,8.87479574395001,-0.00157688051575765,17.6226169080063,1437,453.851615717693,124331.305166747,10838086.5052023,6.58843738273831,0.0714671837793399
DE,B,1797,141.167629872819,0.123668923332128,0.0152842961489486,0.123629673416007,0.014228336407239,11.0887539431692,8.54729402138208,13.5781031591422,9.55449115660339,-0.0031912510765896,18.098752783376,1437,475.828380971687,110057.639233717,7835743.57995491,6.56442824909564,0.106646443476219
DE,B,1797,141.167629872819,0.131294505049787,0.0172291309270574,0.131259784119346,0.0672670958956451,9.980975789691,8.54107650881273,12.1911141498988,8.54333580037977,-0.00310717549434816,16.6573642823167,1437,545.55244691502,116167.004417402,8830925.61428088,6.54124673821925,0.0982356578606005
DE,B,1797,141.167629872819,0.139374620047469,0.0194204258159681,0.139357187887701,0.0456035460487505,9.35516913166155,8.04591547898029,11.5532558335656,8.04692194076555,-0.00233790199005961,15.685454880195,1437,614.488478669215,121920.296958635,9948544.21024762,6.5386776393089,0.0849915670697845
DE,B,1797,141.167629872819,0.149733388056828,0.022418139876534,0.149726884281127,-0.00835756185738863,9.66857567735193,7.67619552912605,11.2570579870132,7.73551038528071,-0.00162732581673621,15.4113699170375,1437,590.728177691491,128952.482012162,11480440.647973,6.5764261156071,0.0822440556015589
DE,B,1772,139.203695122224,0.167823196085885,0.0281652359317192,0.167825015810275,0.176850259649259,15.801879057396,13.4800929569223,19.8900998591115,13.4799467924556,0.000519014821697034,24.7027897122812,360,900.987837481642,146026.946647803,14420425.971204,6.54805267883297,0.134451284959052
DE,B,1772,139.203695122224,0.1792191541856,0.0321202876576258,0.179221337060144,0.134557426214988,16.2205061834271,12.6229380662221,18.9058168759948,12.6227843217482,0.00047045548705879,23.1320203501198,360,939.66116776596,155823.657511546,16445299.9842392,6.53545491215159,0.121935066389876
DE,B,1772,139.203695122224,0.138216691568862,0.0191040192192986,0.138217289871053,-0.0519106447570766,16.744182741955,11.6375379370396,19.5490896342483,13.5268898621853,-0.000656969971923115,25.1644863534252,360,926.858357544159,126066.194955528,9781394.10212326,6.45143787937445,0.178987229050607
DE,B,1772,139.203695122224,0.122025512063211,0.0148903462444985,0.122026006426903,0.0714368406885419,9.35645576941509,9.42879659194258,13.1663293317274,9.42875839307964,-0.000587088673372245,17.4363614177716,360,910.948051694568,110749.277852149,7623971.95763568,6.32830995191146,0.199655453273839
DE,B,1772,139.203695122224,0.137040650121669,0.0187765622344829,0.137027596616459,0.0492489889511074,8.89397651763911,8.39571128165365,11.9498550609243,8.3965110728174,0.00204066627763584,15.525910951486,360,929.462490790038,121852.871868025,9617563.67322951,6.37195928757346,0.147649340326931
DE,B,1772,139.203695122224,0.144911231248611,0.0209937024685731,0.144892037284915,0.0988614287412262,7.09353445973618,8.26298964044571,11.4933971249679,8.2640842452712,0.00249369737891074,14.8548044198008,360,936.754177167388,128787.348213444,10754807.5272662,6.46048353769675,0.147081499177188
DE,B,1772,139.203695122224,0.153787517306177,0.0236503264622023,0.153786626408808,0.296346747347505,10.3293186938919,11.8394083470117,16.6955321453094,11.8394769335852,0.00100652357014938,20.3750887948844,360,934.98593091972,138443.598002135,12109626.147202,6.56723152331516,0.1630541439872
DE,B,1748,137.318317761652,0.136696396496789,0.0186856275630096,0.136695382376325,0.239307196960287,19.2922513218042,14.3275157923784,21.1034941025338,14.3276220858516,-0.000927996799011371,27.2736638116405,360,847.106342219247,126525.656903386,9567624.18851462,6.38595457639241,0.169916830369391
DE,B,1748,137.318317761652,0.12737556261439,0.0162249825180471,0.127377323405884,0.0197781330658421,8.02127499728626,8.09021862268674,13.6104310716164,9.88165506624708,0.000241793277590759,17.9720102891876,360,852.685872448643,118020.474754689,8306991.29290443,6.46117361671301,0.185989142643127
DE,B,1748,137.318317761652,0.176775095417023,0.0312499649032662,0.176776596028055,0.378866878608951,24.7826390069438,16.4841486888515,25.0779546491966,16.4840087591553,0.000667845666902002,29.4490659440216,360,852.862483775898,155050.533702739,15999938.7185721,6.54619125168655,0.114217434247713
DE,B,1748,137.318317761652,0.199585296735211,0.0398332332410487,0.199582647645151,0.409494306784888,23.2846100675087,14.6002085574775,22.6803762264052,14.6004023482094,-0.00151730694724665,26.0833915491442,360,829.700748098001,173177.901380047,20396335.480865,6.52748896222856,0.0965848223091872
DE,B,1748,137.318317761652,0.179307219158816,0.032147170022723,0.179296319043986,0.104225921568766,26.7163456465522,12.935206683478,20.56918775743,12.935993064587,-0.00221662328957606,25.1468066000909,360,804.368537071484,158572.775517425,16463868.0227081,6.45983641593906,0.109315849904984
DE,B,1748,137.318317761652,0.155823085850375,0.0242807790487116,0.155822909255063,-0.116853148140721,25.3763638446532,12.3198100094545,21.5454367316283,14.0520288896912,-0.00090211394347445,26.3718229738905,360,835.222020948014,141807.775709843,12432203.6810153,6.47169062640542,0.125152986926719
DE,B,1748,137.318317761652,0.131139396534262,0.0171978937495292,0.131140740235555,0.0166750643044516,8.38348337481281,8.16768071572605,11.4669568111364,8.16759702759742,-0.000430125587219069,16.1265365658992,360,829.870789679318,121656.899076107,8805235.87061241,6.39045784371265,0.147188728763596
DE,B,1725,135.511497791104,0.169738468643341,0.0288118055442668,0.169740406339406,0.218343864577295,10.1550803450056,11.585388293053,16.5898139891363,11.5852560383837,-0.000492505881114594,20.9572499351347,360,785.300214331862,152037.689542761,14751431.8317492,6.51662150191306,0.126790336108113
DE,B,1725,135.511497791104,0.200373191845763,0.0401486193190413,0.200371203816919,0.308667392302496,13.9512741485509,11.3067655687442,16.7783861881567,11.3068777514115,-0.00143224850191325,20.332636626616,360,790.426380744015,174612.252817583,20557551.2714206,6.50040460746352,0.103472792569811
DE,B,1725,135.511497791104,0.175319208953445,0.0307375030786557,0.175321142702914,0.256755539429483,18.9627564372302,12.9225583436363,19.2326160763244,12.9224158109676,-0.000531503882627428,23.2382710590313,360,819.639491379518,156040.422738852,15737399.0521796,6.50138480166035,0.117302001064642
DE,B,1725,135.511497791104,0.142002900846983,0.0201653973964526,0.142004920324799,0.138846495221973,11.1665412682161,10.0879932031977,14.4729481262706,10.4154530448006,-0.000237952041916203,20.503594370158,360,820.054905546738,130579.318791446,10324418.7961401,6.41431696303828,0.15400224881281
DE,B,1725,135.511497791104,0.182297299732614,0.0332332804306876,0.182299973753941,0.463541249141636,18.2973785786623,12.1755095789553,18.5048927192982,12.1753309855544,-0.00025218867612865,21.2412397787003,360,787.657780957487,161956.685902609,17014972.9665693,6.49368832459515,0.111739531990371
DE,B,1725,135.511497791104,0.186846510464358,0.0349126134544488,0.186849173009807,0.360841834495255,17.2620074681479,11.8790686194566,17.9897484624962,11.8788993462423,0.000309899062316497,20.7240726359121,360,753.122598807235,164979.748507621,17874797.8108461,6.50326264751014,0.10425548492021
DE,B,1725,135.511497791104,0.152715896840377,0.0233228721588333,0.152718277094896,0.00217524849985499,7.86845710396414,8.2085964027665,11.3881302355077,8.25518352905163,4.27630938228648e-05,16.4639085984357,360,783.553636096155,136298.57000301,11940939.157943,6.45528860379009,0.135535538883714
DE,B,1797,141.167629872819,0.343325934521693,0.117186167472896,0.342324652154787,0.0216619064197665,3.02101609855344,4.20716995941058,5.27105628038298,4.2194757196543,0.0262715037641765,8.23207743618309,2581,2440.93955205534,216157.326996976,60704199.2603954,4.9902931346212,0.0457583871469052
DE,B,1797,141.167629872819,0.334974614981687,0.112062494792258,0.334757367047027,0.0131539436697183,2.99820687936902,4.31205976036481,5.39434891495898,4.31485816353464,0.0122065491779524,8.43281361922004,2581,1698.03985544919,214541.085566628,57526780.1433092,5.27784659259282,0.0407347808368898
DE,B,1797,141.167629872819,0.372410428496872,0.138693094094304,0.372415217323761,-0.00998643532005425,3.84378317242583,5.71443306924246,7.33640052951224,5.71435958827427,0.000875966957144077,10.9961059620878,2581,1887.42311413243,237430.041138546,71009430.693061,5.44431602220935,0.0322029940083705
DE,B,1797,141.167629872819,0.384492723471052,0.147748852323294,0.384381128989567,-0.00381369930361805,3.68629820463008,5.53486278939556,7.09333885014642,5.53646968447049,-0.00950890269838663,10.6505644532606,2782,2081.49799533154,238056.245826467,75737637.6658096,5.40579432385653,0.0312351470324766
DE,B,1797,141.167629872819,0.347961651282144,0.120717755515903,0.34744460783829,-0.0159753184229625,2.94388460432787,4.24251229658134,5.31461020656391,4.24882571494769,-0.0190611562333769,8.11596592224544,2580,2180.88612638825,218272.777669665,62177606.8530815,5.19732690624163,0.0424735346782757
DE,B,1797,141.167629872819,0.341144548300958,0.11550692547602,0.339863098138089,-0.0168204959707895,2.94020893027749,3.70780781426054,4.94326976460963,3.9716267456243,-0.0296021443626224,7.66451583477144,2580,2433.35895288218,213271.231916466,60035015.5610816,5.15452737640959,0.0537309653537781
DE,B,1797,141.167629872819,0.352309337557928,0.122357542587866,0.349796430210296,-0.00573827544650009,2.95620652399964,4.05828577366196,5.08944710501713,4.08744014820287,-0.0420493806832583,7.88960452261232,2580,2546.57238448531,222154.007719339,64455690.0928012,5.07609927539004,0.0626447481804889
DE,B,1774,139.360809902271,0.222840914211982,0.0496584098347332,0.22284166987961,-0.0214198542676184,8.25072169064265,7.92914497017185,10.9733444051768,7.92911808203116,0.00110228735188612,15.8558499658386,2548,973.978969790174,141961.55575631,25425555.4990962,5.83265419673227,0.018944120299884
DE,B,1774,139.360809902271,0.225209791116665,0.0507173827137134,0.225205201346935,-0.0269510406939602,8.00556645096953,7.84574198711064,10.8132252190996,7.84590188638858,0.00191107804865805,15.6890696646717,2548,984.317451611573,143785.053586695,25970228.3101703,5.81827991250653,0.0185404674890282
DE,B,1774,139.360809902271,0.249740466923718,0.0623674526409142,0.249734764582175,0.0113456077545617,13.1777663855376,9.91709709688568,14.392177003418,9.91732353982751,0.00219024228288432,19.7616043575326,2548,1080.64042144843,154671.141740217,31936050.0777657,5.81310392862109,0.0150237165805206
DE,B,1774,139.360809902271,0.2742461596456,0.0752060846254952,0.274237277964713,0.00871589569331658,10.7090838008742,9.03093944033581,13.1156050132166,9.03123192399382,0.00268731185566821,17.9957754223056,2548,1053.51451991273,168467.841808507,38511706.9239058,5.86320532689972,0.0124914762019298
DE,B,1774,139.360809902271,0.211502147112804,0.0447316292063818,0.211498532397702,0.00423667849370503,6.20414122345538,6.77876591284158,9.01878574518923,6.78087525085805,0.00171081569930013,13.5595252739439,2761,1043.38451087987,133288.205925542,22904875.5831429,5.58976008027892,0.0194551178580886
DE,B,1774,139.360809902271,0.230283665759204,0.0530319591230342,0.230286688983611,0.0250380928690676,8.40512432938037,8.96425673508758,12.3264884985533,8.96413905151731,0.000514627229606399,17.1504138716801,2847,984.055112700841,145167.364978761,27151785.6962084,5.81242406312539,0.016290759290657
DE,B,1774,139.360809902271,0.231702517066688,0.0536874090339255,0.231705435917946,0.0365801198278203,8.26001889551465,8.90936329866651,12.2219314758299,8.90925106519142,-0.000570186501086469,17.0453917620639,2847,994.32657963114,148054.971942986,27487427.3386087,5.80147792064541,0.0164904934671204
DE,B,1754,137.789662101795,0.328648764281814,0.108013270040734,0.328653723606981,0.0678168884621619,18.047140548525,10.1980569981018,15.7928840304629,10.1979031112687,-0.000340055758166761,20.1006281925465,2787,1114.58731018255,213590.319478617,55301184.4548168,6.08035830034516,0.00968110655952894
DE,B,1754,137.789662101795,0.341666328088571,0.116739491636168,0.341671613740691,0.0608599846468533,16.3145259951061,9.80950873693592,15.1209696645075,9.80935698405811,-0.000190322024097874,19.3347897456729,2788,1311.4842915513,224334.926294447,59768788.9713033,6.09437697000072,0.00932443859789966
DE,B,1754,137.789662101795,0.331040176395756,0.109590233373081,0.331044156228563,0.0452080159028849,17.3781247703867,10.4325007066169,16.3530938230121,10.4323752864644,-0.000888656201703513,20.6605320354701,2787,1195.31365993316,209338.095003484,56109254.5935634,6.03594424817824,0.00977472200680183
DE,B,1754,137.789662101795,0.317885063113421,0.101053747202046,0.317889520434452,0.0475138974654289,19.167514614257,10.8642313682259,17.0096682628448,10.8640790342739,-0.000569278646822642,21.5155317537266,2788,963.987299638516,202643.404101255,51738233.3373385,6.04625726838904,0.0105321355969479
DE,B,1754,137.789662101795,0.387925545077258,0.150490760022281,0.387931385714383,0.0378154867783245,11.3108761652691,8.60026961687477,13.6169465883724,8.75181485436265,-0.000413929290168064,17.3522162392414,2877,1255.66253906535,240173.807266228,77049036.726017,6.08172280952528,0.00742384017584641
DE,B,1754,137.789662101795,0.385281306278844,0.14844617861977,0.385287137885201,0.0314587717854899,11.5957176164362,8.65929445464174,13.7999395542654,8.81187906402476,0.000381170886047671,17.4713068950051,2519,1308.23238013911,238455.324665526,76002217.0302279,6.08261921263716,0.00756737643051658
DE,B,1754,137.789662101795,0.285431679088059,0.0814695331569387,0.285428683136329,0.0584176292805309,19.8128243366541,12.1754997736296,18.7799970338259,12.1756275716113,0.00206305428941257,23.5620065027483,2519,1170.36082576911,190975.076728339,41715455.7767216,6.01926342834771,0.0134257641318846
DE,B,1729,135.825727351199,0.324375557976646,0.105222488799065,0.324380160920893,0.0437812471478712,16.8407203889032,10.6304296362027,16.3626960579664,10.6658584557534,0.000549560161229558,21.2964394422986,1386,1528.47247931958,220222.849685649,53872539.9174517,5.86064015230266,0.0111153283635415
DE,B,1729,135.825727351199,0.390701647075874,0.15265015000945,0.390704683884708,0.0588809817977375,14.1673468872933,8.91534065907827,14.1777456159127,8.91527136329966,0.00154833314842298,17.7934646816884,1386,1553.76984425715,250100.759708818,78156889.2497871,5.94978356262129,0.00793938556045666
DE,B,1729,135.825727351199,0.391308291747385,0.153126310287341,0.391313570282633,0.0704495504073561,13.957407821178,8.90151921951361,14.0213111403399,8.90139914449825,-0.000808764558348997,17.7658794994561,1386,1545.08732654373,250855.975641936,78398890.5917286,5.91745016642578,0.00829177943754962
DE,B,1729,135.825727351199,0.401809948901366,0.161444925776685,0.401802097775366,0.0430945149935288,17.8219324440577,8.60049915715688,13.8879121474402,8.65859602380001,-0.00336963104271019,17.258925997171,1386,1552.64752002683,272589.782444835,82668845.5449396,6.03546941739291,0.00850569669138019
DE,B,1729,135.825727351199,0.41651220236904,0.173470604018971,0.416498024027691,0.0458891680748907,16.3554335846794,8.29691448943807,13.407638234485,8.35308175656791,-0.00415110343315906,16.6497119017688,2483,1541.99381367835,276768.280382006,88831818.9464363,6.02565057607928,0.00806014346794411
DE,B,1729,135.825727351199,0.25471588236519,0.0648760092956919,0.254707693829008,0.0248535170917657,10.3207339278301,8.6211738561283,11.9374303658145,8.6214510161661,-0.00248974068445778,17.0444264627612,1386,1556.97093402363,179702.758453786,33221826.0766087,5.78838289279228,0.0194571451688765
DE,B,1729,135.825727351199,0.363097274617691,0.131840939226111,0.363099076322304,0.0643916761534086,19.2514407357404,9.50017339342145,15.509221420541,9.55108405653662,-0.00167679397522328,19.0513048428564,1386,1551.27962647384,241333.058338573,67503330.5090807,5.92583217730393,0.00935349524687228
DE,IR,1796,162.095718932986,0.580880999440924,0.337433238399063,0.580890039851832,0.0184160400598504,5.98357173621087,5.47925164408205,7.68362036281161,5.47916637030744,-0.000204697642719766,10.384284922594,2616,3139.34345904224,436397.128368848,172760461.942525,5.61141919072231,0.0546197277687197
DE,IR,1796,162.095718932986,0.582638675909594,0.339476688938778,0.582646281150732,0.00942393354400752,5.99888728800386,5.56411025467852,7.79826916874192,5.5640376267367,0.00132150423239617,10.4543462635821,2616,3168.88912262442,436763.715562204,173808420.640916,5.60961394097564,0.0530251406549657
DE,IR,1796,162.095718932986,0.584341170454154,0.341457917390162,0.584344006035967,-0.00177443338790951,6.07502354585758,5.54789906191495,7.78504711626551,5.54787214023608,0.00271231588994837,10.3599282599909,2616,3053.76385007093,444439.13798015,174828521.400484,5.68806828797319,0.0528097009843716
DE,IR,1796,162.095718932986,0.584012264878323,0.341080471206833,0.584020950999904,-0.00046433107318721,6.09080991297303,5.45165862731921,7.66185899299508,5.45157754500602,0.000716300356134986,10.4282986605914,2880,3141.81869818381,444480.860751537,174628268.942827,5.68127521474993,0.0535975034667449
DE,IR,1796,162.095718932986,0.58389495111468,0.340929896495103,0.583892024688729,-0.00188898695043044,6.0689011190732,5.97692801962712,8.39476100599489,5.97695797557192,-0.00375119999145165,10.9545679388745,2880,3016.79623185863,443761.005374867,174565061.288465,5.65344451060343,0.0550751108262371
DE,IR,1796,162.095718932986,0.583049129255152,0.339925949973143,0.583031688652635,0.0131624664378807,6.03009848134134,5.9855986720956,8.38198248029618,5.98577772316486,-0.00556415653849184,10.8845729716871,2880,3009.58961372392,444058.242220351,174068350.186724,5.64585375044642,0.0563643034120512
DE,IR,1796,162.095718932986,0.583077678344267,0.3399536602881,0.583055452155368,0.0229037948417219,6.00263177240364,5.75952913237828,8.06524796477005,5.75974868676542,-0.00604501837260006,10.6582635646947,2455,2967.72811687333,446734.277848558,174088253.776803,5.69144037014461,0.0562483471840727
DE,IR,1772,159.92962914769,0.279869770959299,0.0783293442454547,0.279873800569926,-0.064278485489119,7.39769064460102,5.6345141409116,8.28412375622385,5.63443301542571,-0.00043845565721241,11.1131607474092,2580,1789.78190874141,202350.488636896,40103567.8344061,5.17583863468738,0.0547170605017605
DE,IR,1772,159.92962914769,0.278473065616848,0.0775477258815502,0.278473923162565,-0.0710596595796047,7.31926168290919,5.66277452575456,8.31082514786876,5.66275708753992,-0.0013949046306496,11.1004047637576,2580,1708.83011510787,203384.392476899,39705187.2776819,5.2434669628041,0.0540283710628551
DE,IR,1772,159.92962914769,0.276437808838363,0.076418201800535,0.276438423162438,-0.0892279518963468,7.28433902565011,5.54799918887275,8.13170895125196,5.54798685965515,-0.00143123150686313,11.0256636531898,2580,1770.19080622744,203579.50899155,39126994.1804501,5.23323129985044,0.0542215344121794
DE,IR,1772,159.92962914769,0.274865899717942,0.0755533482911543,0.274869693293303,-0.124524002452133,7.36250606381513,5.57972720800507,8.31933935112753,5.67154926877547,-0.000524955935044853,11.2513547529493,2840,1516.16510097726,202572.37886455,38682387.64125,5.28635505386264,0.0556408591363533
DE,IR,1772,159.92962914769,0.2760301976679,0.0761943285578335,0.276033201912077,-0.149750754804751,7.38022014812095,5.55498862141824,8.30673319528711,5.65978284435232,0.000850023243247124,11.2148330654426,2840,1632.61821737741,203767.385931016,39011016.9817936,5.28526111056078,0.057003561645568
DE,IR,1772,159.92962914769,0.277644020054328,0.0770878447482341,0.277646978640565,-0.121088702581462,7.41313463023971,5.69473731782145,8.37471225557237,5.69467663511015,0.000875282150238197,11.3216835792533,2580,1876.64605408458,202130.762885936,39468527.5221505,5.16337750735587,0.0570832294482351
DE,IR,1772,159.92962914769,0.27884708834469,0.0777581200462172,0.27885143005948,-0.115431224538473,7.43725428318517,5.6701677304907,8.40664525682803,5.71464111513155,-9.25923620743815e-05,11.3848978239293,2580,1908.59602455264,200860.444526288,39810921.8329901,5.17959632224692,0.0561917568510067
DE,IR,1748,157.763539362394,0.280146965104097,0.0784808120625322,0.280144270086918,-0.0905360629660728,7.44023603913906,5.45017813726259,7.91977401271696,5.45817793762237,-0.00199060791744135,10.9083035671475,2860,1671.2046503998,213788.40886685,40184977.6242606,5.53114999918008,0.060368170257922
DE,IR,1748,157.763539362394,0.280748323345315,0.0788205049658926,0.280749897534964,-0.0897941631239968,7.53702584710808,5.43850394630077,8.0698760002115,5.56240668086318,-0.00125667660640728,11.0009418162479,2860,1717.91463557032,210780.45764041,40356454.4196709,5.37676516549949,0.059197954882197
DE,IR,1748,157.763539362394,0.281408307611036,0.0791913622990099,0.281409598803967,-0.0750667212254738,7.51327097879754,5.78550488085082,8.37695349435075,5.78547833519268,-0.00132212842398651,11.3348972174077,2860,1681.12632257193,210214.177271016,40546500.4021398,5.41725039694104,0.0597431313879538
DE,IR,1748,157.763539362394,0.281166979235331,0.0790572905236485,0.281171283248572,-0.0646057686094985,7.50851465993393,5.79047063642897,8.58603610637087,5.93304181949707,-0.000224118275475536,11.7236032770126,2860,1729.59617353879,212175.519168589,40476119.2650731,5.47952739775694,0.0632553531397285
DE,IR,1748,157.763539362394,0.280605712394901,0.0787408489849818,0.280607998790095,-0.0814853172536433,7.44676620673313,5.66384207613653,8.60457818396365,5.94495163768766,0.00108512450843204,11.6088421537107,2545,1608.90915592865,213374.803727858,40315260.5759844,5.52608831920184,0.0653701769245166
DE,IR,1748,157.763539362394,0.281481156503823,0.0792338630904112,0.28148510278594,-0.0855268774417991,7.3505689586987,5.64622676845128,8.25922527588779,5.7096213697888,0.000504415047338595,11.355928185434,2545,1720.19306333772,213729.598618497,40566730.6738591,5.5088546565067,0.0644979707734535
DE,IR,1748,157.763539362394,0.281234817140526,0.0790948087866289,0.281237993142159,-0.0932345013403136,7.42115417008447,5.3518596271496,8.28528536338601,5.7183694298698,-0.000827827404034687,11.0702936349078,2860,1752.46785240886,214494.611829964,40495978.3271795,5.45887235438104,0.0638878617639921
DE,IR,1721,155.326688353936,0.279140128324309,0.0779215604900178,0.279144336302956,-0.158769857558464,6.78899960283812,5.16557706322095,7.58146946758745,5.32318624750677,0.000292915788743696,10.4888435566393,2506,1843.20969026532,220703.22190899,39894680.06657,5.61723398093628,0.0632168570053952
DE,IR,1721,155.326688353936,0.279265891600682,0.0779914986129321,0.27926958053632,-0.147259613025967,6.79960597291338,5.38202159891981,7.67339047489031,5.38195050656796,0.000613867187338879,10.7267656284106,2506,1852.69280478021,220974.305290603,39930785.2816376,5.56532483401374,0.0630591917750847
DE,IR,1721,155.326688353936,0.27927119336599,0.0779944775904983,0.279274914001416,-0.165132484912787,6.79393639319561,5.38191942506128,7.81075175324866,5.47531038163369,0.000599317103689285,10.8573027523988,2506,1893.00236421275,218527.384789806,39932292.3283459,5.56121422027202,0.0634839711390774
DE,IR,1721,155.326688353936,0.279823015626733,0.0783033656732118,0.279827385495437,-0.163375570245557,6.80865614765073,5.3445960250614,7.80883488428575,5.46450031420082,3.71672487245696e-05,10.809181675877,2506,1775.91723038043,223527.845696789,40090071.7688776,5.7654018769919,0.0652076611063344
DE,IR,1721,155.326688353936,0.279787085375076,0.0782822038418366,0.27978957064522,-0.147047517195434,6.75567830444298,5.15502410329177,7.59296866533122,5.33087140680187,-0.00102743355665279,10.485942862728,2506,1761.20815799611,226693.765963239,40080316.800454,5.80793665977779,0.0656320902761584
DE,IR,1721,155.326688353936,0.279220026633272,0.0779662554612497,0.279224381924734,-0.159787948105186,6.75755097334036,5.18139411668564,7.59753995090333,5.34166182692463,6.52481322520738e-05,10.523139263186,2506,1852.39620097689,219626.843078466,39917479.6690449,5.52402654115341,0.065675617329944
DE,IR,1721,155.326688353936,0.279916327947787,0.0783542460094461,0.279918284521476,-0.134659982854914,6.77037579143977,5.1685052239193,7.7978931322636,5.48668041505903,0.00116327662861328,10.6552239900621,2506,1924.95038407283,217902.176355309,40117505.9383813,5.43221512670092,0.0651941730298672
DE,IR,1796,162.095718932986,0.180342544990052,0.0325243318069276,0.180345035437429,-0.0967310192479525,11.8350331142302,7.78185065087279,11.9329419937861,7.78174318858807,0.000343674162555661,15.1662706498939,2566,388.009569799492,144085.687660529,16652058.4350796,6.69925557833846,0.0365506489425618
DE,IR,1772,159.92962914769,0.253629728063659,0.0643300322611872,0.253633657587449,0.0698483606540837,20.9475260136011,11.4693550989864,20.0153596604993,11.4691774052838,-0.000130422262222828,21.5158653537663,2588,1865.37388296682,155179.332525705,32935964.6552269,5.48180835964105,0.0210011453906898
DE,IR,1772,159.92962914769,0.241984148708726,0.0585569431579939,0.241985419308672,0.078435561762379,18.6380945985102,9.63397667452705,16.498692802967,9.63392608912285,0.00110225803085235,18.3537640660468,2588,1717.05639583539,147262.014335374,29981462.0748324,5.4430612134324,0.0229482309951852
DE,IR,1772,159.92962914769,0.254068631298154,0.0645483732176317,0.254063718814064,0.163637374548145,18.3437341388229,8.93143973177798,15.4591971555665,8.93161242686324,0.00212445963682551,17.0575106761237,2588,1727.26021231859,152779.782633187,33052355.9548191,5.51234752059264,0.0210790457816079
DE,IR,1772,159.92962914769,0.266454083540882,0.070996741800175,0.266452137916315,0.200402118279347,18.0680846019835,8.51628407423756,14.9282759467364,8.51634625985801,0.00180429587868942,16.2646349166251,2588,1654.86293959014,157910.165473956,36352529.4536723,5.58747918095354,0.0192559186541901
DE,IR,1772,159.92962914769,0.271877201620893,0.073917597837315,0.27187790980018,0.172465287789975,18.2130231897082,10.1375877853347,17.8191280450583,10.1375613792552,0.00138738921194469,19.0722053791173,2588,1755.9339887787,157167.67021686,37846598.4551223,5.33437724832676,0.018303727549014
DE,IR,1772,159.92962914769,0.276769650775021,0.0766037881776357,0.276773893598431,0.11916227011109,19.575228445396,9.95838593771023,17.5924126610228,9.95823327998507,0.000212793026377089,18.7659920312639,2588,2016.94482984995,158005.461025633,39219960.1986927,5.30415403542933,0.0174331073020032
DE,IR,1772,159.92962914769,0.267019172292938,0.0713008356274285,0.267022163176446,0.076524125032272,19.4839080523285,10.009976924102,17.4864422769166,10.0098648035404,-0.000794289424844785,19.1392017724305,2588,1899.41101136813,155949.043444706,36505533.0427488,5.27132332628514,0.0186869692383882
DE,IR,1751,158.034300585556,0.235698360037038,0.0555549150818672,0.235700901741735,0.0679044355421171,19.0399380865001,9.75143362389697,17.0168593232847,9.75132846831861,-0.000733439417030853,18.7724586317975,2556,1259.37229511841,149463.379611866,28443778.4466296,5.63126745821789,0.021467231837958
DE,IR,1751,158.034300585556,0.242435367744932,0.0587763701696395,0.242438384274519,0.108286219983327,19.301231742193,9.48045219037804,16.7148674434567,9.48033423024308,-0.000611658032629527,18.2507930032428,2556,1250.01917151759,150593.753762444,30092944.2092906,5.64386555561994,0.0208686994573425
DE,IR,1751,158.034300585556,0.239502948942477,0.0573610103529978,0.239501587370518,0.183648453574579,20.9768153062608,10.9422966654956,19.1263626784428,10.9423588727005,0.00156356346807457,21.2787439914942,2556,1364.24930596281,149678.311426291,29370422.9150964,5.47066179749049,0.0217082624441895
DE,IR,1751,158.034300585556,0.242031952523129,0.0585793055476769,0.242031620966511,0.195376512702931,21.7257955598542,10.8279600782843,19.0909559836371,10.827974911395,0.00141106264193727,21.056401366129,2556,1517.62410346339,151061.53949729,29993706.0485155,5.46209092733108,0.0208417340603892
DE,IR,1751,158.034300585556,0.236283329184144,0.0558315349217592,0.236286975776828,0.139801348413586,20.6619574329687,10.5536597237632,18.5871574302295,10.5534968502141,0.000146506141958923,20.7547585938917,2556,1351.00384924313,148807.623468152,28584874.5478486,5.5150089037882,0.0216107408776906
DE,IR,1751,158.034300585556,0.23472041883192,0.0550952757621896,0.234723828705544,0.0551313578786141,18.95684757085,9.23677982968858,15.9774624833162,9.23664564539173,-0.000347824395363737,17.833021804626,2556,1271.51267280176,147130.921821877,28208023.548184,5.6086001682761,0.0218711063418282
DE,IR,1751,158.034300585556,0.24353357859687,0.0593075807310137,0.243531477905863,0.0509610429913323,20.7976683393881,10.3351031289687,17.9997306670879,10.3351922790793,-0.00169603510637748,20.0114301667293,2556,1417.36593413475,149592.066112606,30367477.9841965,5.59222153903184,0.020585234238239
DE,IR,1726,155.777957059206,0.327127380336435,0.106585750480443,0.326474731764104,0.420792422316987,9.62694542806789,7.63364194693458,12.8386754532697,7.64890219538148,0.0207341093379437,15.06404413619,5999,1817.37791121052,228724.969669448,55010417.6395738,5.33404983666087,0.0432652478231036
DE,IR,1726,155.777957059206,0.261916286394845,0.068600955960289,0.26191784200449,0.056993352540599,16.8215995003998,9.53424213094746,15.6802825965188,9.53418550418655,-0.00115277857858303,18.8146425080089,2590,1182.86422891788,170070.524677073,35123952.5956546,5.58134982248975,0.0231199585288732
DE,IR,1726,155.777957059206,0.265557671919728,0.0705017765421209,0.265521706348315,0.182927655382008,17.5291327350188,9.91409281853894,16.4822226948176,9.91543570691578,-0.00461559896673744,18.5198523035568,2590,1386.84453496268,167692.803138871,36117596.5832449,5.45945128679347,0.0199336902260682
DE,IR,1726,155.777957059206,0.256649943645782,0.0658537094791967,0.256619776087496,0.167132901054518,16.8803097870157,10.2581881401888,16.8487186324368,10.2593940663,-0.00418831978336022,18.9613307029058,2590,1460.42781196264,163558.364723669,33734008.6112512,5.45263474770569,0.0204466061092703
DE,IR,1726,155.777957059206,0.251171381564389,0.0630840112947912,0.251165306710125,0.0633899875822145,14.5226206037971,9.16350761159392,14.6077889520393,9.16372924639696,-0.00224120448098751,17.7518457273405,2590,1365.72266572224,160506.482145137,32303147.9620076,5.57809086113371,0.0212899731792239
DE,IR,1726,155.777957059206,0.246102284745569,0.0605678447921876,0.246105353034402,0.0290988303035104,14.4930805454902,9.35225314612313,14.8249120240395,9.35213654803398,-0.000618473888810774,18.0597914408895,1386,1107.1450170845,159561.687981119,31010159.0904663,5.65810497730498,0.0208952795391853
DE,IR,1726,155.777957059206,0.260266180867674,0.0677403403981065,0.260269745452879,0.0764384854580464,16.9541839456924,9.78954180934447,16.0873464764514,9.78940773438373,-0.000511264095597317,19.4738206772188,2607,1182.42941446831,167770.036641054,34682238.0980656,5.47723608270289,0.0188160961283689
DE,IR,1796,162.095718932986,0.582077791521272,0.338820725260336,0.582083091371271,-0.000469574351453711,4.21088439280281,4.22714210983741,6.27014533379412,4.70963089883929,0.00210196803287974,8.93681589012258,2458,3841.38392057942,293852.189251849,173475314.507001,4.99725912660725,0.0506557335838537
DE,IR,1796,162.095718932986,0.574296217092368,0.329826387614254,0.574305134588099,-0.0170762659380022,4.1498763880731,4.28441886000616,6.15165169308411,4.62569840631793,0.00025382466930662,8.91018909275192,2458,3618.33305404601,295841.227927916,168865899.192181,5.15215141467664,0.0496181761943735
DE,IR,1796,162.095718932986,0.571719373693839,0.326871343583406,0.571726633613833,-0.035026879822179,3.96864046628588,4.23156040759735,6.11939452783993,4.61622364037376,-0.00138325809473787,8.84784266661488,2884,3495.16710780748,293162.615316162,167354857.291336,5.05407427496309,0.048226913431609
DE,IR,1796,162.095718932986,0.584158185588615,0.341251001180999,0.584166929208595,-0.0414960951105455,4.29732627786708,5.2937509817897,7.05344403129533,5.29367174665238,-0.000669852946952772,10.5017865154906,2884,3223.47006566018,299825.002657837,174715512.058146,5.20069143422136,0.0453569458180962
DE,IR,1796,162.095718932986,0.589570063280499,0.347603621242535,0.589579189967332,-0.0547168096695306,4.47096224744132,5.24515771929376,7.01795322093482,5.24507652424362,-0.000317627456116428,10.4053868037212,2620,3667.41370623848,301290.532389175,177967595.715503,4.8723723226357,0.0449284024186075
DE,IR,1796,162.095718932986,0.587722052959406,0.345427896306552,0.58773114287619,-0.0542798859237013,4.31826822561308,4.81854632146456,6.45657240629204,4.81847179727844,0.000331436307149294,9.52023589834562,2620,3804.31190726778,298655.601137689,176853668.310876,4.82037941467995,0.0467293536340911
DE,IR,1796,162.095718932986,0.592474685613646,0.351037221128378,0.592483941662876,-0.0444983798670663,4.22029749583307,4.77989356355028,6.39274218562155,4.77981888991438,4.33332432912389e-05,9.132770914631,2458,3328.00833441657,303272.380657001,179725442.478727,5.21321089191189,0.0484714657892199
DE,IR,1774,160.110136629798,0.585959253603994,0.343358928474575,0.585968368151878,0.0123191449984674,3.79518830117128,4.4802350693206,6.11784382286938,4.70263687062126,0.000219945651700806,9.1829450890707,2585,3771.45319883443,266978.28441853,175794327.17049,4.851777876948,0.0242952516439183
DE,IR,1774,160.110136629798,0.582374534764776,0.339170505992803,0.582383469882862,0.018575031878763,3.79299118536027,5.45597143078723,7.05841430624832,5.4558877234852,0.000437981733965945,10.0254254150637,2585,4112.00131345551,270295.733719682,173650068.771067,5.03245962423334,0.0254515330480411
DE,IR,1774,160.110136629798,0.592439260395252,0.350995204699042,0.592448482738408,0.0180625760764247,3.78201857574505,5.36328200392184,6.91837429909919,5.36319851644821,0.000202876262769055,10.2222700666286,2586,3627.80441928741,274414.664915118,179703970.951936,5.16644898918067,0.0238880793892038
DE,IR,1774,160.110136629798,0.601823092087756,0.362202335647875,0.601832481383212,0.0166881572956674,3.84750126128621,4.67634569361669,6.70592152418573,5.18323601355552,0.000131701111024748,9.85966257301966,2586,4972.2914108466,272427.635748366,185441818.153047,4.8863376728936,0.0235578398377025
DE,IR,1774,160.110136629798,0.611928852788556,0.374468608006405,0.611938402134075,0.0263167633056351,4.00330666886701,4.64830796451374,6.63539140586665,5.09763692024265,-0.000122526375255738,9.74602443501139,2586,5364.8213637443,273048.216909972,191721951.145666,4.8652555836689,0.0231411675020546
DE,IR,1774,160.110136629798,0.628338528169121,0.394821095359902,0.628347909489562,0.0302586370413723,4.00601096108344,4.84608742453748,6.33099875955743,4.8460150717878,0.000740797587453715,9.64765743814906,2586,4473.01031979841,283639.322753453,202142645.032479,4.88477330319423,0.0215976534450054
DE,IR,1774,160.110136629798,0.626589946980512,0.392624618473088,0.626597652782938,0.0340481229845842,3.83693445489718,4.85961106523702,6.32397608833827,4.85955130248085,0.00161638586949568,9.67458048789123,2586,5490.66173005633,277386.673714749,201020198.053821,4.71692450562413,0.0220446789169564
DE,IR,1752,158.12455432661,0.768368138702649,0.590407806739175,0.768379988507753,0.0535591030088717,3.79886034702329,4.5012500645268,5.94443107068832,4.5161427140992,0.000489977713577409,9.01746242676507,2553,9977.6795276597,305728.777569827,302279596.36532,4.1002631773902,0.0123119059357452
DE,IR,1752,158.12455432661,0.775545333880461,0.601486706356313,0.775555740328388,0.0589608854943584,3.67722676498669,4.24408765747388,5.8619208778283,4.47435755589868,0.00162941922669488,8.71850525134439,2553,10432.8013215224,311088.328811039,307954288.592511,3.96658107501045,0.0121391516699877
DE,IR,1752,158.12455432661,0.777430582982051,0.604412715042678,0.777439846575076,0.0653303085923779,3.62164059825632,4.11871121610367,5.40356327125359,4.12188727772163,0.0021175954471799,8.24064760880363,2553,9682.90697759633,313139.406131013,309454231.278941,4.35518883754701,0.0124139650493207
DE,IR,1752,158.12455432661,0.757738263607566,0.574181596550962,0.757747712996194,0.0639885258455359,3.67322153789059,4.1581466001247,5.5836126138519,4.23448086489091,0.00190335465360818,8.39268027118529,2554,8100.40045361263,306624.891289423,293975499.949052,4.32355748938102,0.0130148717564619
DE,IR,1752,158.12455432661,0.769143227142424,0.591599709911787,0.769155192345333,0.0600811264611412,3.6344287656551,4.08189633987948,5.79100442212799,4.4050215263484,0.000285373808349747,8.48698639309586,2554,8796.63087640673,309880.578480966,302889669.033471,4.30802222661439,0.0124476389056161
DE,IR,1752,158.12455432661,0.762497255775949,0.581419182220714,0.762508480097575,0.0568501376201232,3.494442106196,4.11978891883028,5.8061789573513,4.44341967049372,-0.00102576536354961,8.56327399857122,2554,8826.67669930358,303547.251676191,297678395.925077,4.52602410449556,0.0125495077493189
DE,IR,1752,158.12455432661,0.759398431477672,0.576703996176211,0.759410295015949,0.0497408881856682,3.47654180909952,4.32204392320331,5.89782763582936,4.51708400319406,-5.96189379883346e-05,8.83919849356836,2553,6554.77092544084,305576.071979879,295263222.161774,4.68209810942196,0.0126141736279629
DE,IR,1727,155.86821080026,0.400231991454793,0.160190631308658,0.400238218200934,0.0509053759187647,3.6049738379864,4.35452430179516,5.85384898155819,4.47099176798244,0.00014707970663407,8.82558562876171,2517,3501.48922660897,158675.413564188,82015062.31331,4.44263864771324,0.0106238764463492
DE,IR,1727,155.86821080026,0.405974118650607,0.164820114414684,0.405980435999919,0.0480986021334903,3.59815552414833,4.20818672638444,5.70706840398124,4.36996598258521,-0.000145698415235031,8.57822070986017,2517,4224.76103786238,160163.271634255,84385283.1589913,4.51467935432843,0.0102817286168685
DE,IR,1727,155.86821080026,0.401961606952303,0.161578045283312,0.401967716717788,0.0451945344861761,3.64676084452733,4.25019421709056,5.77076854651727,4.41359000021468,-0.000370802212621103,8.66385130331392,2517,3673.18754105219,162306.081450066,82725514.7062447,4.52165162808149,0.0104704953385863
DE,IR,1727,155.86821080026,0.402790073114902,0.162244884237347,0.402796330963115,0.0451104125907019,3.63283844638835,4.19042430469685,5.71691257123785,4.3857693282028,-0.000170044678848109,8.57626177131861,2517,5025.59239708168,156414.720061884,83066814.4180183,4.06747630273313,0.0103871886365368
DE,IR,1727,155.86821080026,0.407311442728554,0.165907755267894,0.407317757123224,0.0430701269861653,3.59005630659488,4.14829493873705,5.62930296328127,4.32829479863554,0.000201809501443203,8.47665683728371,2517,4627.52276347256,159441.82797894,84942157.822652,4.23134701428154,0.00979543183142416
DE,IR,1727,155.86821080026,0.404456987220883,0.163590090579277,0.404462718404647,0.0383418351615605,3.54339852893917,4.23757506385145,5.65146294133029,4.35108283259521,0.000690016555529551,8.58871955159437,2517,4908.13924026395,160797.044260117,83755996.4160101,4.24236938637673,0.0099299213388605
DE,IR,1727,155.86821080026,0.409303990068263,0.167534890217003,0.409310261558396,0.0343753805123726,3.53001006364546,4.18739344114835,5.44872615518437,4.201468332724,0.000318644186693367,8.38892615014971,2518,3634.03880919832,160176.27407131,85775286.8891049,4.43642580730166,0.00959471985842507
DE,OR,1796,107.304281067014,1.28819755640595,1.65950282001283,1.28821691496923,0.082764797721615,6.78414614702848,4.90837827733621,7.80837715227369,4.90830451712521,-0.00140846744934275,9.63847828420609,3446,11198.3446958006,467352.057297796,849640923.184922,4.61357346431703,0.00113277570130983
DE,OR,1796,107.304281067014,1.2768948478118,1.6305072090787,1.27691315643575,0.0843602690778872,6.66739615833365,4.81538337831666,7.63284011538225,4.81531433443301,-0.00204857021272939,9.37958343216346,3446,11207.2647469509,460919.675089122,834797900.013176,4.61739131757993,0.00113835659072044
DE,OR,1796,107.304281067014,1.254908745005,1.57484024722724,1.25492639115896,0.0735351193551547,6.54102062498006,4.79399493486251,7.57705748347677,4.79392752407788,-0.00221919366262176,9.37517366100204,3446,9979.91175321615,454795.449360264,806298052.021909,4.70477432973712,0.000971551248378561
DE,OR,1796,107.304281067014,1.21864360263414,1.48513771099645,1.21866226289176,0.0641446268419871,6.61947308818176,4.73595692045803,7.55068683838778,4.76539535459058,-0.000964260404080145,9.50142524429472,3445,7404.55532254745,442253.632851818,760367697.465708,4.79508547855112,0.00118489479424618
DE,OR,1796,107.304281067014,1.19438637702588,1.42660243122287,1.19440463462885,0.0727108694120032,6.75369013429419,4.86994413282605,7.75036635509707,4.86986969113028,0.000983731730772219,9.73219607918541,3445,8379.3567475696,446929.788513208,730398609.822628,4.81655584218149,0.00122264275469508
DE,OR,1796,107.304281067014,1.21635668217813,1.47956336042156,1.2163730350602,0.0813892730662395,6.79942035236571,4.95119177097928,7.90991512936632,4.95112520730776,0.00254051428622309,9.70324772293658,3445,7673.55587532972,446753.132397945,757519376.632412,4.89274539920744,0.00103054996000066
DE,OR,1796,107.304281067014,1.26116679685872,1.59058794112538,1.261185133565,0.0774426096698531,6.78788634704622,4.91447556359521,7.85507613661184,4.91440411072717,0.00185856037695065,9.58825537917761,3338,6964.46690432856,464062.731096271,814359113.516042,4.93916529186956,0.00103846679551553
DE,OR,1774,105.989863370202,1.05130184432231,1.10526681238298,1.0513167041301,0.0706676912796563,6.89734221723664,4.87467719096008,7.67448339163498,4.8746082899659,-0.00181523563149419,9.68753816639483,2870,7191.71989664692,417858.341592924,565882297.825598,4.72748439306787,0.00141978878386925
DE,OR,1774,105.989863370202,1.05187385360865,1.10647159080288,1.05188953355515,0.065713517916357,6.91228058483696,4.90744004993316,7.73518100130093,4.90736689738719,-0.00126108676887784,9.77984715979055,2870,7328.06513418489,416877.192124103,566497379.397629,4.71451468730971,0.00146446504164548
DE,OR,1774,105.989863370202,1.06290962544469,1.12981121993913,1.0629257828932,0.0716678740652256,6.84943836931682,4.88884370748469,7.68516738324359,4.88876939256846,-0.000979042621322871,9.71066253413392,2870,7423.55567708582,418745.19812057,578446249.029826,4.61615561873025,0.00147421080420235
DE,OR,1774,105.989863370202,1.06702451232522,1.13857616424822,1.06704084469538,0.0759645895996851,6.85987279099797,4.90071529558427,7.68905976972887,4.90064028411996,-0.000852150095685526,9.73407463194506,3401,8885.28185388772,429505.535504814,582933520.327143,4.56360348722601,0.00144391656537647
DE,OR,1774,105.989863370202,1.06375793937068,1.13161602265756,1.06377442282542,0.0774856684708321,6.91670566888255,4.92061407086651,7.76129257848874,4.95235913910241,-0.000542141399033364,9.87304994922014,3401,9237.66791115118,413870.399011348,579369598.600575,4.36289089061594,0.00140331292165356
DE,OR,1774,105.989863370202,1.05798649555778,1.11937035525026,1.05800300342214,0.0754884743308166,6.93039906981783,4.94745661352107,7.79358808148537,4.97937431914917,-0.000223284506124915,9.92690862632341,2870,8447.82802487743,419452.971934633,573099761.350472,4.26581627609686,0.00136184871406431
DE,OR,1774,105.989863370202,1.05803404225828,1.11947047396718,1.05805031731349,0.0712533277247844,6.93541362672687,4.83193971025307,7.58935021914812,4.83727867028774,-0.000737605939162154,9.66929278927843,2870,8417.13291617531,413856.569349771,573151527.940121,4.31394355649909,0.00138778592391822
DE,OR,1750,104.555953155498,1.02498303291156,1.05062294529067,1.02499899770228,0.0753990179983279,6.95313150840638,4.92537224918096,7.8240580639005,4.92529553443552,0.000323160860572647,9.67611805504347,3346,5750.56172368397,391809.254986292,537902244.960995,4.88437072856814,0.00161488091713009
DE,OR,1750,104.555953155498,1.01612946672134,1.03255072365216,1.01614503081606,0.0829776204480338,6.99451818180302,5.01818392501788,7.96968260346232,5.01810706247608,0.000797933172820754,9.84381180349343,3369,6420.70027275529,389204.678623746,528650101.505186,4.90672257617282,0.00172712057156003
DE,OR,1750,104.555953155498,1.02359119842012,1.04777165751459,1.02360717930004,0.0935513433302059,7.03824620175572,5.19654965611919,8.26969341298495,5.19646852593785,0.000163807332574842,10.0547062169175,3369,5768.88853201071,395983.691867282,536442351.31591,4.98922648833077,0.00165033683151096
DE,OR,1750,104.555953155498,1.0260313207978,1.05277159206952,1.02604658377167,0.0816302704020727,6.97967731668609,5.18419114732361,8.25425087466838,5.18411402979767,-0.00125630442543132,10.0307939706307,3346,5560.16667406876,393355.014249568,539003826.974147,4.99109423963365,0.001480414463303
DE,OR,1750,104.555953155498,1.02044320598943,1.0413319645242,1.02045674309311,0.0785574991144579,6.91869746542891,4.84178120928391,7.71562208564479,4.84171697952143,-0.00221669792336436,9.58171840355343,3369,5694.60710499726,393302.07846901,533150336.168911,4.99972834034064,0.00150140789259016
DE,OR,1750,104.555953155498,1.0193488943424,1.03910397295759,1.01936449465223,0.0774565636848373,6.99348166938281,4.8172330749761,7.67769090209956,4.81715935225092,-0.000816969172871475,9.52772294695777,3369,5334.24913531318,395870.197104275,532005291.785648,4.99693421294856,0.00157764547956799
DE,OR,1750,104.555953155498,1.01715396118025,1.03463415641163,1.01716967926282,0.0719534962655682,6.91414582304029,4.74420985176795,7.50656208148819,4.74413654061473,0.000597202166133229,9.46486456685557,2833,5678.61795590028,391472.456809187,529716499.073761,5.00360121130722,0.00166298306944311
DE,OR,1725,103.062296681848,1.00202735257441,1.0040901901638,1.00204300814077,0.0728325701635623,7.30874627890152,5.15481897579497,8.30892334336124,5.21183195306019,-5.44234982525297e-05,10.3667323579507,3309,6180.74069562219,406084.808808142,514078114.952978,4.88628108261785,0.00151132592021758
DE,OR,1725,103.062296681848,0.991643512185036,0.983387580309557,0.991659004048043,0.0760313171439056,7.40426613253786,5.13577473231916,8.22212646950032,5.13569450038635,7.62299430914344e-05,10.0559913879831,3309,5993.38809783754,406709.829640844,503478712.856063,4.9411139674734,0.00162960936581272
DE,OR,1725,103.062296681848,0.990805608860939,0.981724775163912,0.990820253710991,0.0889294381658013,7.48337501850767,5.15592770619754,8.26886932393044,5.15585149884525,-0.0012877443879263,10.0741434257237,3412,5740.57836437806,412428.35395766,502629075.262016,4.98118969911154,0.00171920350585871
DE,OR,1725,103.062296681848,0.998703617108852,0.997440044273243,0.998719201914754,0.0865250530900288,7.4346260510759,5.11515328738941,8.18624976665546,5.1150734664838,-0.000201381346545928,10.0625612518669,3309,6111.6483552351,406307.52094408,510673385.106073,4.87591484037773,0.00165322534573896
DE,OR,1725,103.062296681848,0.999489248194354,0.999009471208026,0.999504612899823,0.0840643625340516,7.39481608909166,5.04391522746302,8.06698375868732,5.04383769078046,0.000710699699859988,10.0077947319781,3412,6631.74080367456,411909.132920185,511477382.063613,4.81577190469393,0.00163522625517101
DE,OR,1725,103.062296681848,0.998853584347237,0.997739329646198,0.998869025271181,0.0762096250436581,7.40465061220105,5.02582579444358,8.21752567613548,5.13368548862428,0.000576776540587242,10.1595906428944,3412,7038.10931478198,401645.369251007,510826913.593934,4.81157627870985,0.00152720469058008
DE,OR,1725,103.062296681848,1.00171953234212,1.00347227774296,1.00173463439324,0.0706724643252391,7.37505732310877,5.01144676429278,8.17964936394834,5.11899982691218,0.00104987686221614,10.1305237658977,3412,6761.87834668588,416360.045103199,513762879.011134,4.86626784940812,0.00174117723236036
DE,OR,1796,107.304281067014,0.158317885986194,0.0191452517301811,0.13836636777115,-0.000414473252439019,3.22524388548517,4.0814026339835,5.11176689961786,4.66991399195691,0.0769408836839871,7.21284951939793,0,2462.10827788759,122772.390125477,15864039.5871063,4.26728267704688,0.43368104383809
DE,OR,1796,107.304281067014,0.149425278964353,0.0193169463632734,0.138985417808033,-0.0112487878297119,3.28477458455166,4.14012150502441,5.22358136206573,4.45110588284201,0.0548777849851385,7.57819524094775,0,1756.08911952443,117771.55387657,12973816.3820908,5.03705949590519,0.299361886185265
DE,OR,1796,107.304281067014,0.14000148333305,0.0183376763978332,0.135416676956102,-0.0127099047987129,3.16594221029135,4.30660472651316,5.41630086851155,4.45241356820785,0.035543100455764,7.97610246939231,0,1137.37921458445,108963.132431116,10682228.3343263,5.47345529039162,0.188954634029647
DE,OR,1796,107.304281067014,0.149705010336958,0.0221828724920699,0.148939157014097,-0.0461590781755921,4.81777433980912,7.2940831010261,9.44988222160579,7.35830336703504,0.0151463144917904,14.6147432317287,2762,691.329026021,113513.940101345,11592192.4789843,5.88396110405873,0.0808404325879993
DE,OR,1796,107.304281067014,0.158008937844034,0.0249518929576122,0.157961681928284,0.0164953177785047,5.87233273104173,6.91075328356165,9.16181898212581,6.93800855474407,-0.0039637390986827,13.8466868800647,2914,701.349356062791,117293.406088959,12791058.2409823,5.94638481951511,0.0552394529178679
DE,OR,1796,107.304281067014,0.14741986567986,0.0213040393037825,0.145959032963988,0.0220462694521175,5.1464209868863,7.16777521546155,9.61808601687198,7.50788642783904,-0.0207181863229819,14.6012634875957,0,662.981962335422,112816.219341285,11346872.3304124,5.84377669661001,0.101720128079986
DE,OR,1796,107.304281067014,0.14478807153924,0.0194415163534681,0.13943283814607,-0.00224622540281844,3.56055836891797,5.85346394868203,7.83917672921506,6.44281087954692,-0.0390214922058333,12.0579764960443,0,1248.68775058666,111981.079918123,11512966.4036558,5.42982036102452,0.198756969748453
DE,OR,1772,105.87037085231,0.132880036674649,0.017657075398817,0.132879928502453,-0.0337058817033373,3.130186203085,4.46321873905513,5.76491883850359,4.57734009370931,0.00076192614153073,9.04055510653934,3370,520.964305897443,97985.2342908057,9040734.50958239,5.92979210807245,0.0554996240941971
DE,OR,1772,105.87037085231,0.134347804283121,0.0180482315411998,0.134343706742072,-0.0103103666203542,3.15862616220553,4.64667218436323,5.85907658082307,4.64681390987073,0.00129034171120415,8.92648063891853,3370,479.364371700328,98690.4504480559,9242110.67993646,5.95700705084393,0.0534118668622834
DE,OR,1772,105.87037085231,0.137652469782766,0.0189459593163249,0.137644321772912,0.0100544021558043,3.07092414488786,4.53511808526091,5.69578325988895,4.53538654665744,0.00168379992843497,8.71217985196398,2618,490.064660815494,99756.3675942909,9702931.21656709,5.87687413141463,0.0508345729420938
DE,OR,1772,105.87037085231,0.138567257858951,0.0191953916912423,0.138547434805709,0.0203940654480829,3.05173526989701,4.27402638704353,5.36618863263065,4.27463790506078,0.00246842364621562,8.29661050649992,2618,571.709273098496,100290.660978627,9833972.66362237,5.80025418843017,0.0515999906430605
DE,OR,1772,105.87037085231,0.135941258525432,0.0184764647553217,0.135928160273439,0.00248386617950722,3.17957657567499,4.35658844778626,5.54943337715442,4.39750979922893,0.00203430668293219,8.75367453686187,3370,606.678151351315,99447.3335979471,9463892.02416392,5.79559068469578,0.0553481993547582
DE,OR,1772,105.87037085231,0.131264353403921,0.0172292789741247,0.131260348064923,-0.0165782260823078,3.08914769411803,3.72144158354148,5.7287314850835,4.55389175486535,-0.00126091847183888,8.27519438308678,3370,594.211322187939,97419.1490328404,8822743.03743295,5.88418318171314,0.0591056269880676
DE,OR,1772,105.87037085231,0.133719576061006,0.0178706543170439,0.133681166650519,-0.020196892550224,3.05589753924843,3.98068147328912,5.35349199553803,4.25600264771458,-0.0032907693384269,8.23546163318595,3370,552.882179222328,98779.8264769122,9160578.14230699,5.92166056792642,0.0563067271918025
DE,OR,1749,104.496206896552,0.181553758150544,0.0329626496892814,0.181556188793666,-0.0227646675061076,14.929119704729,10.5392239930743,14.8902818247833,10.5390828957507,-0.000384047012028613,20.8501266304965,2946,790.730097035248,132505.579203188,16876500.2601183,6.08421717161601,0.0339578960513504
DE,OR,1749,104.496206896552,0.18009662647892,0.0324357361534244,0.180099239735831,-0.0270467637294649,15.3765379601065,10.6244950910116,15.1015875278898,10.6243409285883,-0.000268946868031764,21.0188215164844,2946,731.901728371318,131798.144374749,16606651.9936471,6.11276395037177,0.0334723241458197
DE,OR,1749,104.496206896552,0.14500996635155,0.0210285470574298,0.145012230716687,-0.0100501665258486,3.21426522028929,4.36163847734107,5.50709980432892,4.36157037038168,-2.06383980938639e-05,8.51394287832138,2946,804.845000386983,104738.241345892,10766280.0430481,5.735016945344,0.0511533499205804
DE,OR,1749,104.496206896552,0.144262624662039,0.0208114630270401,0.144261786440623,-0.00170390430141277,3.2027252640661,4.38423361781026,5.53254020142899,4.38425909204429,0.000944566334367391,8.55804871980313,2946,765.746616964641,104333.451491701,10656049.6835918,5.80136101754585,0.0521042216132514
DE,OR,1749,104.496206896552,0.140278919685292,0.0196773869441309,0.140276109669933,0.012703618898339,3.09704098356375,4.27775304417416,5.38670297753312,4.28679410399587,0.00118460216262319,8.56446127669837,2945,628.705374653895,101926.793783344,10075944.2284752,5.73686701611421,0.0550067013434614
DE,OR,1749,104.496206896552,0.142081723007406,0.0201873226833414,0.142082098391534,0.00274162982643308,3.1683348923968,4.22347479334791,5.3381601791619,4.23230517195386,0.000724005003979052,8.45579114717758,2946,634.354705358448,102196.341664932,10336122.9702914,5.68086132350635,0.0543125844766565
DE,OR,1749,104.496206896552,0.143491269430668,0.020589733028376,0.143491229796026,-0.0117759833286937,3.05338402351382,3.74284511917301,5.08990718173236,4.04974171278262,0.000809199360850382,7.79258571335057,2946,598.98955435294,102267.860468176,10542284.3935566,5.69170376302626,0.053764115893331
DE,OR,1723,102.942804163956,0.151829008124843,0.023052640426342,0.151830960038926,0.0111308619294976,2.95981511282948,4.51722142883305,5.64368036406889,4.51716335617039,0.000357318967916797,8.9932399152435,2902,1019.11610543286,110650.264301344,11802713.7740817,5.63333536465051,0.0496240307153833
DE,OR,1723,102.942804163956,0.153529753603084,0.0235711893035026,0.153529115491175,0.0168287826279843,2.93725539348001,3.98725323550939,5.39681342738904,4.3163516046786,0.000965679857335224,8.30358690024282,2902,1123.07634956719,110926.587661158,12069026.6727294,5.56419659466571,0.0479662877020089
DE,OR,1723,102.942804163956,0.154454041433527,0.0238560755260791,0.154454121104226,0.013827639371626,3.05642306962866,3.83422766190755,5.3897983606512,4.29050153713954,-0.000849053255571511,8.12473141217958,2902,1233.09225733877,110673.768894793,12214667.1446819,5.39125132236712,0.0484296098641034
DE,OR,1723,102.942804163956,0.152537983138859,0.0232652644906004,0.152529552843377,0.0166071477679881,3.00037248860841,3.845368443886,5.12919633234698,4.09473840963519,-0.00181627337859094,7.93988055018346,2902,1070.39315423617,109988.9995681,11914821.1931717,5.49770304812088,0.0492789906020793
DE,OR,1723,102.942804163956,0.151838486834522,0.0230533296460153,0.151833229716078,0.00362223404214862,3.05207631657146,4.25925263087043,5.66109758987084,4.50243495405821,-0.00152212178665698,8.76153169669284,2902,1039.36296634085,110667.049004391,11805308.3770491,5.54458432077415,0.0483081804966801
DE,OR,1723,102.942804163956,0.152793052427612,0.0233455744552338,0.152792586388325,-0.00918923683489318,3.09320471919566,4.23264320099709,5.62867076294733,4.47416498941767,-0.000933790187746902,8.70679454361193,2902,1033.71923835903,111169.172126443,11953453.4796722,5.4681133208018,0.0495105334407165
DE,OR,1723,102.942804163956,0.150617663910338,0.0226833218388248,0.150609833141215,0.0110155813522531,2.95823854506424,4.24465924263368,5.30361017209316,4.24487993836012,-0.00175148416786308,8.18534259791416,2902,1163.7357231772,109651.789585495,11616639.1292982,5.4392262631677,0.0519632010453051
DE,OR,1796,107.304281067014,0.642815967748443,0.413224243947636,0.642825204816703,-0.354688888345249,19.0139880699489,9.80758218376957,18.8976209439324,9.80744125384739,0.00101867676634597,18.3713440855752,2796,3101.14529165381,456649.947240832,211565263.820833,5.92371567194266,0.064377367417099
DE,OR,1796,107.304281067014,0.656134401905264,0.430525156881759,0.656144158612845,-0.223151352659357,19.5149205330949,9.60850462104333,18.6227069371601,9.60836174486489,0.000806469449079906,18.2424527549874,2843,2930.42893741561,465384.343335083,220422657.896925,5.90022286059698,0.06123227365578
DE,OR,1796,107.304281067014,0.665254475364656,0.442574776801227,0.665262938093824,-0.219009968454967,19.7500187586131,9.19990756430534,17.8256237416988,9.19979053339677,0.00160332568495943,17.7154916073006,2795,3314.39551617942,466577.868603407,226593836.818387,5.91571234351004,0.061144658719529
DE,OR,1796,107.304281067014,0.687115102800668,0.472138831341551,0.687123592479221,-0.143132281219187,22.2284372290755,11.1807107726475,22.0677351386023,11.1805726306283,0.00175712654675001,21.4371414653735,2795,2780.78606810945,485259.948496702,241730689.012813,6.05760548563737,0.0570557708076548
DE,OR,1796,107.304281067014,0.698180443178009,0.487471008653269,0.698191240745162,-0.103775812900887,21.5906969825865,11.0035096327863,21.6574486287992,11.0033394628855,-0.000395034165655584,21.0973879398353,2795,3111.69336837234,488637.496238226,249577516.601252,6.15771838499514,0.0568494825638721
DE,OR,1796,107.304281067014,0.681624165049892,0.464618585645757,0.681629360903532,-0.189441030809011,20.9815239990759,9.60219718697107,18.7234931776473,9.60212399233764,-0.00272691492462725,18.6257694288086,2795,2947.21132117875,492188.625680426,237884896.398271,6.14308739986616,0.0581827130400667
DE,OR,1796,107.304281067014,0.667254663621965,0.445236146358589,0.667260178909688,-0.187015447776651,21.9935420407198,9.80898298212826,19.2075031318162,9.8089019052633,-0.00255996020414331,19.0268801815618,2843,2512.51047439171,469721.180626374,227960493.463652,6.13308986566258,0.0594657109921881
DE,OR,1771,105.810624593364,0.645556506090468,0.416756211758125,0.645566581971313,-0.259513870481244,22.0738251166479,9.87642909122442,19.6601059200055,9.87627494179122,0.000120121713831463,19.2423990475908,2803,2426.29913161169,457435.892890814,213372527.093778,5.97788370262598,0.0546879864424227
DE,OR,1771,105.810624593364,0.639030653377959,0.408372904021924,0.639040612185113,-0.309085407570634,21.1608533399122,10.1578775579695,20.0204108456081,10.1577192576334,0.000183270263791124,19.7866393298381,2803,2524.03232405957,460381.528365902,209080427.164712,5.9914450133199,0.0560911179794532
DE,OR,1771,105.810624593364,0.622340207305622,0.387319394438307,0.622349897114402,-0.286276573414653,20.5649058904325,10.4303001101371,20.3845818218258,10.4301377133663,0.000207176187242249,20.3172941594806,2803,2186.97183354488,433119.760094213,198301376.736926,6.13400334589071,0.0563626855874648
DE,OR,1771,105.810624593364,0.6020693947586,0.362498848829715,0.602078772943968,-0.417691622603304,19.4649864631806,9.1354076960229,17.7526057516907,9.13526539978088,-0.000188053974519764,17.7452703775896,2803,1743.88405839243,426426.296458146,185593646.703903,6.19432405834719,0.0599341023952469
DE,OR,1771,105.810624593364,0.600162665789696,0.360206062657951,0.600171694315844,-0.449591449056897,19.337711863692,9.16443107166695,17.7460463960439,9.16429320894143,-0.00064744830012518,17.8638869670056,2756,2350.82690409986,421946.11755507,184420170.032793,6.14065441811325,0.0635103294971623
DE,OR,1771,105.810624593364,0.597817550792616,0.357395044916442,0.597825262862354,-0.350772187869219,19.085530906364,9.15451718505022,17.6437025516701,9.15439908988205,-0.00139560538537269,17.8880992522611,2756,3208.98705795604,402593.033574346,182982539.120913,5.61828443175093,0.0656594985750258
DE,OR,1771,105.810624593364,0.58696988272278,0.344543416817152,0.586978208127995,-0.307185334891326,19.0424803556935,8.64284991777444,16.8678037296332,8.73455603347946,-0.000996688626361877,17.3775298395836,2756,2653.66730383968,405301.723053267,176401733.922419,5.88904483592379,0.0657282768935413
DE,OR,1747,104.37671437866,0.630043078814674,0.396959677802587,0.630047361555135,-0.309674478642188,21.0618517818833,10.9035705252287,20.9647415653228,10.9034964083202,0.00264732877024243,21.196874210854,2765,2500.65103475752,467306.43537909,203244180.035376,6.18941867833297,0.0545899998937946
DE,OR,1747,104.37671437866,0.651465472504352,0.42441767177703,0.651473462066591,-0.304610921058437,25.2283498560587,11.0423602975898,22.0100893079937,11.0422248759187,0.00168912419048519,21.4735034028933,2765,2592.44518414676,491279.887416145,217297978.882822,6.1825317409886,0.0508126048420017
DE,OR,1747,104.37671437866,0.611923485482612,0.374460397882707,0.611931693804715,-0.413748100727863,24.5654234312448,11.7559084419828,23.1084866900842,11.7557507507175,0.00128689157112685,22.8611033447371,2765,2412.59771858807,454904.584295438,191719428.124229,6.14203196050332,0.0579040996801163
DE,OR,1747,104.37671437866,0.601883991012743,0.362275152369358,0.601892974181754,-0.414758226220221,20.283542328894,9.57422082663567,18.3947502178079,9.5740779327201,0.000712296694965995,19.1449888278612,2765,2488.04967108292,438011.811024918,185479601.010239,6.02919464669132,0.0624756282645971
DE,OR,1747,104.37671437866,0.603262112089463,0.36393557393367,0.603270730214611,-0.306395542535778,19.6343856228677,9.55234901461576,18.3701912215482,9.55221255293257,-0.00098738830059738,19.1012530916223,2765,2320.44989310953,434136.912885471,186330189.212321,6.1327118319755,0.0624742008750658
DE,OR,1747,104.37671437866,0.580584948244499,0.337087758752128,0.580592592746522,-0.303286079456914,18.6149704499964,8.58268456081398,16.8375081208565,8.76745573990473,-0.00128738820889526,17.3502557409025,2765,2006.16889286263,425029.402785205,172585235.470399,6.07260856307202,0.0657807848035757
DE,OR,1747,104.37671437866,0.605469274029815,0.366603562680062,0.605477962175389,-0.365103603365272,20.0313394888011,9.22159905876605,17.9787117182138,9.22146673587396,-0.000967199804946778,17.8489388944901,2765,2571.40494476655,438096.478706784,187696116.360845,5.95921491478676,0.0591187470166601
DE,OR,1719,102.703819128172,0.560443864760713,0.314107120781487,0.560452603510312,-0.423298643827406,20.4898870170263,11.5220204970562,21.7065123164639,11.5218408421641,0.000143575627081975,21.9913521381084,3305,1600.89613125117,430861.905077091,160817841.233061,6.32812182568901,0.0536755163110361
DE,OR,1719,102.703819128172,0.55915352997928,0.312660707452459,0.559160717014758,-0.346361870914325,20.5701702360245,11.5486093729241,21.8534525405551,11.5484609356989,0.00131654203831065,21.9470258321765,3293,2407.38017187523,419255.03389979,160079054.444827,6.0976876944406,0.0538468385900016
DE,OR,1719,102.703819128172,0.568265171578153,0.322931117987376,0.568270286032427,-0.320440834665421,18.1205101913539,10.5300364057731,19.7357213431651,10.5299416350433,0.00206853542599275,20.4796556356547,3293,2103.92395727095,427098.760175629,165339946.890189,6.18170705315392,0.0542728088113183
DE,OR,1719,102.703819128172,0.571872608924263,0.327047865101965,0.571880988582384,-0.266357063349825,18.0265509616751,9.93329826009614,18.6341557619937,9.93315270945693,0.000797484583611316,19.4813903497681,3293,1871.64284409213,423455.699984454,167443924.88094,6.13928751182607,0.0552630169713858
DE,OR,1719,102.703819128172,0.606562527399841,0.367929449991809,0.606571883614637,-0.119874153341091,20.3202983658857,11.0761247047403,21.4064270018951,11.0759538583746,0.000383991128023364,21.1940828844882,2767,1924.6951992014,444602.352921673,188374142.48895,6.19234989456229,0.0480422981503443
DE,OR,1719,102.703819128172,0.625757290478772,0.391583870809842,0.625766626474952,-0.131556831531728,19.9387703423069,10.7363706295181,20.8466576972279,10.7362104504498,-0.000743487360388832,20.54396596882,3293,2184.50137950345,453276.06754006,200485242.475721,6.31585481453813,0.0428717122556959
DE,OR,1719,102.703819128172,0.626188947089035,0.392123324430485,0.626197512315791,-0.153017865178836,20.2537482258865,10.0379907792171,19.4657360036005,10.0378534780214,-0.00123566980911171,19.8018701615398,3293,2798.43490621469,457016.783923831,200762431.60374,6.18507728669648,0.0432014966816737
DE,OR,1796,107.304281067014,0.221305051104047,0.0489014415842019,0.221136703385489,0.0194208687722965,5.7785285353663,6.14171068367873,8.57991291651958,6.35837111846755,0.00871849929819518,12.4952449614768,2584,1373.48924487044,144699.78959922,25114592.1063845,5.45245955188203,0.0302544924662102
DE,OR,1796,107.304281067014,0.208416401841355,0.0434346329395708,0.20840977169886,0.0525693137247398,5.07252779097685,6.39414399613921,8.53240369004604,6.39434741311666,0.00203001211958588,12.2392443866908,2584,1336.66755290822,139421.85467153,22242056.9623937,5.48362395783544,0.0309880492425238
DE,OR,1796,107.304281067014,0.20060578031556,0.0402365011753065,0.200590381562293,0.0452885779850024,4.81221605826447,5.49539480857893,7.32594516255017,5.49581667441367,-0.00272677673636587,10.7768507491686,2584,1520.15451558454,137378.685292292,20608058.5633762,5.42499715644596,0.0337728299463397
DE,OR,1796,107.304281067014,0.205733449630317,0.0422998249619449,0.205669212479517,-0.00127171194931464,5.38359415374936,5.930761638877,8.18703481540778,6.08633838025888,-0.0052677513585342,12.0151996522434,2584,1711.31337006527,140678.718570706,21685248.7587695,5.42607035586071,0.0335360966790053
DE,OR,1772,105.87037085231,0.27834746180774,0.077479538163131,0.278351465171518,0.0396230893839673,12.7292442459278,8.07084350918098,12.185501943053,8.070727431033,0.000438824848701924,16.0243596796365,2550,1762.0976719887,177980.327458085,39668480.8449411,5.46304108591541,0.0164734999899126
DE,OR,1772,105.87037085231,0.268288740165005,0.0719805128690458,0.268291842718048,0.0277262057302443,11.8563578713231,7.98450897954153,11.9581873594749,7.98441664590076,-0.000764605327733661,15.8896585727858,2549,1507.69181796433,171495.578233252,36853469.494159,5.4941795262145,0.0183974582641086
DE,OR,1772,105.87037085231,0.263243618119619,0.0692984978654407,0.263246078537631,0.000775617052999795,10.0158097056048,6.99784712384858,10.6703542265193,7.22882884183502,-0.000932841532711272,14.2267435302491,2549,1627.99994725527,167688.920784033,35480612.94217,5.49965463427599,0.0192121233623619
DE,OR,1772,105.87037085231,0.259328126560502,0.0672530447043849,0.259331919948904,0.0017135063006455,8.91494833689395,6.61332622094128,9.66831288604399,6.61366888041128,0.000366304029093072,13.2270918444832,2549,1674.92382335933,164609.658186832,34432620.1897303,5.53065979266252,0.0187286573368835
DE,OR,1772,105.87037085231,0.257087922738954,0.0660961533154483,0.257091721600382,0.0217620555571136,8.74662910433595,6.69284660197224,9.76281167698188,6.69274770654052,-0.000334973988854362,13.2469182332977,2549,1661.87289301779,164685.775803369,33840287.8596112,5.54622167544145,0.0183686646702713
DE,OR,1772,105.87037085231,0.261262037273859,0.0682554458437383,0.261257432131104,0.0507398961664127,9.70296588813782,6.77036492269441,10.1371773949004,6.90493932864647,-0.00213055378513637,13.6751825412308,2549,1481.45060169897,165670.512261283,34950344.3838062,5.4562624364834,0.0186309622285313
DE,OR,1772,105.87037085231,0.266123974068008,0.0708211133164668,0.266122365306764,0.0700942838905884,11.2350505961845,7.34331073987612,10.922569946171,7.34335513161188,-0.00175197519226007,14.636701211176,2762,1380.44240418386,167190.617479315,36262419.9538574,5.34656893117995,0.0194133506024982
DE,OR,1749,104.496206896552,0.266817033087685,0.0711882910674819,0.266811339840498,0.0459302957422473,11.1600753447248,7.97673421667803,11.9383242790868,7.97690442503447,0.00229406022774962,15.5221091589081,2516,1470.45301651302,175958.604885058,36452655.0297929,5.54711929686401,0.0172476998870255
DE,OR,1749,104.496206896552,0.266455613424724,0.0709941475225488,0.266447269684921,0.0494114290798783,11.0963549335456,7.34864552352532,10.9854503093365,7.34887564480309,0.00258166033925816,14.3844572986307,2516,1437.96303950219,176633.801724268,36354692.5452543,5.63725757553137,0.0174825956410483
DE,OR,1749,104.496206896552,0.261472736125623,0.0683678197794615,0.261472407300391,0.0488181325554681,12.0960234149951,7.4886884186313,11.2367544484767,7.4886978363352,0.0015193590511949,14.8727266983579,2516,1320.272096961,174917.072770886,35005593.6964836,5.65314968731834,0.0195684079615514
DE,OR,1749,104.496206896552,0.261793511459033,0.0685379132272609,0.261797466044385,0.0278181058098321,11.9879348069611,7.40983522457717,11.1820751083593,7.40972329520565,0.000266879332597106,14.7848258494254,2516,1400.10196095526,176186.325551048,35090387.863644,5.66352840939755,0.019778645658178
DE,OR,1749,104.496206896552,0.258242021996324,0.0666891325673317,0.258242391112171,0.0283324896746767,10.7557348100194,8.03682673905438,12.024326719727,8.03681525170679,0.00137600610871466,15.3099477931936,2516,1358.24062090144,169887.334192345,34145707.6610069,5.65235108098243,0.0194776644462275
DE,OR,1749,104.496206896552,0.255642048903852,0.0653490939585075,0.255634688488295,0.0241746553582391,10.3135206737977,8.1185642050151,12.0140800209722,8.11879796048322,0.00240943321922671,15.4656555591114,2516,1324.15299406789,170538.884078312,33463635.0857978,5.76666294269925,0.0197566126555936
DE,OR,1749,104.496206896552,0.258828050727259,0.0669932936317619,0.258830627306279,0.0311509296698847,11.0873579145827,7.4346399803815,11.0905457190519,7.43456597083482,0.00087163750308224,14.4506215552798,2516,1308.93117264824,170450.49826405,34300272.2962207,5.69088958639597,0.0191985130620505
DE,OR,1723,102.942804163956,0.243205475218344,0.0591507401462494,0.243209251769437,0.0213542062624919,10.8378090452142,8.48294597754825,12.284413154036,8.48281425443875,0.000107194034418168,16.8082057428639,2789,938.549346696116,174310.827257274,30284244.2025393,5.76438461961248,0.0244168447368019
DE,OR,1723,102.942804163956,0.241834999838449,0.058483424599353,0.241833464597754,0.0338930519457902,10.5566807684648,8.53101870738046,12.397358933929,8.53107286517503,-0.0016031701495948,16.9034575970876,2674,933.783457452053,172706.77494935,29945209.3411936,5.72209928433981,0.0242385566242621
DE,OR,1723,102.942804163956,0.240395476879719,0.0577894468942213,0.240394357034897,0.0352319630181256,10.0674004487502,7.50878299263698,11.1296882558569,7.67667625229638,-0.00153112057710674,15.1854234843348,2789,949.554757480765,171541.346311857,29589672.7714334,5.71829622456935,0.0238062196400419
DE,OR,1723,102.942804163956,0.246281849022343,0.0606562899422622,0.246284977094142,0.0403797947154801,10.2105758971351,7.32931588530316,10.9029648489862,7.49306625848491,-0.000595587661554658,14.8224773146232,2789,900.710406642989,174563.830991067,31055413.119146,5.88539503277932,0.0241290196469464
DE,OR,1723,102.942804163956,0.243135098406416,0.0591161870070746,0.243138205568509,0.0151687924828449,10.0725609073859,7.3195432300592,10.8003589631362,7.46762326223998,-0.000580043848878243,14.787261925316,1383,839.243718771033,174141.461201144,30266886.4143159,6.01656328518383,0.0249521367161388
DE,OR,1723,102.942804163956,0.241257303100612,0.0582068491037736,0.241260956442964,0.0084862608239716,10.2423209710487,7.88811393126371,11.3927004574876,7.88799448391871,-0.00023698025555799,15.6587981597638,1383,862.365310969196,174847.345442441,29801032.9204434,5.96390089244294,0.0254875330850973
DE,OR,1723,102.942804163956,0.240261792090622,0.0577265847127988,0.240263573420522,0.0170395635754665,10.4101122561441,7.92079788071027,11.4609112850974,7.92073915539499,0.000973643451637725,15.723679495392,1383,804.88363972746,173225.496209618,29556058.480099,5.91629865855487,0.025830353696007
DE,OR,1796,107.304281067014,0.629764949034291,0.396568242479627,0.629736645336467,0.132145363567924,24.9942939409356,8.97515631301754,19.9393181673533,8.97555970404471,0.00693118388971975,17.487664512897,2767,3005.49788304524,311249.310119199,203085789.359232,5.16344428459948,0.0182076859928849
DE,OR,1796,107.304281067014,0.609656252045289,0.371681295211832,0.609656702753141,0.140848935665439,23.9964978253704,9.27118985342973,20.2017209733586,9.27118299941165,0.00332648260971473,17.7410383409505,2767,3004.13339188323,297750.299377467,190306207.300313,5.07645207596456,0.0189376179029325
DE,OR,1796,107.304281067014,0.588495137105331,0.346336878018556,0.588503932033216,0.157490233629649,25.2576900398258,9.10503880059393,19.9800983761249,9.10490272986392,-0.000686589763704192,17.6766404082022,2720,2449.08550433029,304677.887203275,177319422.864396,5.43132332916823,0.019796129835061
DE,OR,1796,107.304281067014,0.591491478357276,0.349847202421708,0.591478826689263,0.15336842127142,26.4244194364616,9.63274471247606,21.2895955305524,9.6329507558417,-0.00508913279883009,18.6121232319061,2797,2327.46077509176,311065.059330453,179142690.928855,5.67523323514799,0.0197609401091753
DE,OR,1771,105.810624593364,0.522372503400843,0.272873708055102,0.522373150205006,0.167823274136022,22.2883282830275,9.2058274661217,18.7674696163702,9.20581606743566,-0.00280206308612902,17.8059409549275,2757,2501.10684153319,270967.984850879,139715012.525158,5.58988646501574,0.0312732801675955
DE,OR,1771,105.810624593364,0.556804181595482,0.310031896577642,0.556805079518535,0.16391014280654,22.5525358696761,8.63655715654786,18.1045619979935,8.63654322893826,-0.00294763656851355,16.7048564997856,2740,2497.93690389203,281532.834556104,158740267.61401,5.33460546752352,0.0284961480659319
DE,OR,1771,105.810624593364,0.576369021817842,0.332210876452168,0.576377373299966,0.141879084016773,22.5521582472234,8.68069364521114,18.4572518394708,8.68056786536419,-0.000868590223840032,16.9349670157369,2740,2830.69701429547,281841.542998056,170087425.925068,5.10425016978588,0.0260838888674737
DE,OR,1771,105.810624593364,0.532195471190736,0.283240870131919,0.532203786281082,0.156563682163927,25.385967502902,9.40121285473614,19.927941615472,9.40106597127484,-2.64802311984981e-05,18.3406114891186,2758,2626.09599703834,273937.479381519,145014794.328518,5.09053634051035,0.0300670113222645
DE,OR,1771,105.810624593364,0.518539550723417,0.268890974241824,0.518546983639693,0.152418923557816,23.212383767707,9.64318658686561,19.932673929324,9.64304836024237,-0.000833225997980577,18.3203207898864,2787,2397.90135825282,275156.757010846,137668587.476507,5.46399438986198,0.0313805547612678
DE,OR,1771,105.810624593364,0.542236209154119,0.294028033233082,0.54224351838734,0.136728612803992,20.6851259893967,8.81436797439779,17.8152502273566,8.81424916012148,-0.00112323674568833,17.0084950670638,2787,2522.4585118449,265610.798675612,150538940.496295,5.28652042932448,0.0287912986329301
DE,OR,1771,105.810624593364,0.55120242082015,0.303833187993379,0.55121065663989,0.162300821738568,22.1572631078334,9.33608413190069,19.1862588221677,9.3359446383966,0.000644602001594476,17.8971122273616,2757,2750.59949914833,274715.963412303,155558156.386018,5.31965384333091,0.0277355547539967
DE,OR,1746,104.316968119714,0.479575993048434,0.230000200121846,0.479583360972674,0.149484318226723,21.2587142682464,9.38851295479885,18.2742961164662,9.38836871740905,-0.00034712072686107,18.4532406352008,2776,2496.36751784468,274621.9404451,117756545.754856,5.53825812375017,0.0372670346672473
DE,OR,1746,104.316968119714,0.470007664316745,0.220914071740348,0.470014969698145,0.154841044898923,19.8863684649137,9.57964255772529,18.2972790742076,9.57949366258988,0.000190632831355266,18.8289082805769,2776,2298.0366471685,272570.039925174,113104507.318551,5.62601937647703,0.0374549543715274
DE,OR,1746,104.316968119714,0.477386263562519,0.227904542740759,0.477393488372809,0.172805602331804,21.9056520150428,9.36706557462097,18.2610671866927,9.36692381468207,0.000473195926405425,18.2422166227695,2764,2295.29088058464,271485.964809928,116683708.635158,5.55348612780941,0.0358531813423306
DE,OR,1746,104.316968119714,0.460699161335933,0.212247823341536,0.460703617677934,0.190658772744571,23.8945170442535,9.70635245405347,19.1550771960538,9.70625856543515,0.00158954665719993,18.9029726196786,2764,1988.34639607431,277791.832461018,108670076.478578,5.69963244069141,0.0400021785355202
DE,OR,1746,104.316968119714,0.48370580020576,0.233977807265639,0.483712525438033,0.182751421820313,25.4493470502235,10.3917281414105,20.6746887194325,10.3915836614109,0.000897604329095774,19.9878072934077,2765,1992.25134745767,283150.018573382,119793718.705234,5.46671278469752,0.0358135978361489
DE,OR,1746,104.316968119714,0.501540546430559,0.251550513249885,0.501548116584925,0.180189630925034,24.4474253603523,10.0221990264503,20.0327852474129,10.0220477556326,0.000517124276132083,19.2770422850646,2747,2350.97939012535,283549.25319718,128790111.549085,5.5403032462991,0.0325657932082215
DE,OR,1746,104.316968119714,0.466302230963792,0.21744345028378,0.466308321053549,0.193079031494995,21.3464360420014,9.46778698136947,18.4707424758838,9.4676633299785,0.00105613723077853,18.0534532225976,2764,2450.45896235354,263658.755565608,111328709.643865,5.4769300652329,0.0363554788498739
DE,OR,1718,102.644072869226,0.43563374856637,0.189780233399045,0.435637731835805,0.128839501209971,21.3390903830727,8.78277822192961,17.0066873693435,9.02638154052066,-0.00156847799976636,17.8092422962526,2777,2173.76489275246,254162.324971975,97166962.1801583,5.52521870712752,0.0398222195895515
DE,OR,1718,102.644072869226,0.421006947616836,0.177246898229125,0.421007004964436,0.131590817353106,20.6508885199217,9.17146233377091,17.1531039022502,9.17146108447731,-0.00234321959924822,17.8247871387344,2760,1948.93337856416,254237.241603864,90753198.3747157,5.68733657739524,0.0421436000301548
DE,OR,1718,102.644072869226,0.435051346607932,0.189275553039238,0.435058103061232,0.15864834194017,21.7889804787518,9.3731130384201,18.1053731387276,9.37296747395394,-0.000189755552793793,18.5794517587887,2760,2008.08932728074,254680.285017909,96906091.5380701,5.70758654932012,0.0387900021693462
DE,OR,1718,102.644072869226,0.419091789034004,0.175639589596815,0.419093771842073,0.174460307896686,21.1259961573556,9.73005331045075,18.5842504879346,9.73000727581718,0.00195621473293561,19.2869813210354,2720,1582.4699681253,252080.58011642,89928578.0606875,5.82339882886967,0.0408065589081701
DE,OR,1718,102.644072869226,0.398823330125624,0.159063976867705,0.398828254851264,0.178256203395526,21.3509937238964,10.0052614895074,18.7497581579834,10.0051379446802,0.00102104557433757,19.0498386615098,2732,1304.78438309954,242473.992274981,81439278.6402365,5.87231107044701,0.0457262814561231
DE,OR,1718,102.644072869226,0.421228524908949,0.177439014957437,0.421235106511123,0.15987019687047,20.9031170694673,9.47308045409679,18.0312731194012,9.47293244163071,1.44481440838249e-05,18.036575502529,2749,1604.22543726033,250479.469843487,90845936.6464115,5.60727158562611,0.0421331530086146
DE,OR,1718,102.644072869226,0.401924881589749,0.161548463605846,0.401930918947331,0.176066339166236,19.0591243796682,8.99207143222979,16.6766755617353,8.99193636337074,0.000441842251622265,17.8185066107355,2749,1672.87549102724,252813.396710616,82710428.50067,5.79409141089692,0.047371422048131
DE,OR,1797,107.36402732596,0.406358467989001,0.165052519057611,0.406266561579477,0.0738216871987621,4.21674322994028,4.52836163884781,6.37115197271084,4.81081808588396,0.00893551005697896,9.33809165827818,2910,1743.95380413405,221480.488717593,84586008.4709869,5.34757901411042,0.015086093254848
DE,OR,1797,107.36402732596,0.397683406124987,0.158139849652413,0.397668014369289,0.0736130832478395,4.15854853402236,4.48167402794217,6.06609482598214,4.58977139418737,0.00414532568802726,9.07126778172785,2754,1916.70725121636,219334.497987872,80982668.9063838,5.40545246641705,0.0138712902399234
DE,OR,1797,107.36402732596,0.394650759357591,0.155749108581166,0.394650615837814,0.0786325416915859,4.0634546200281,4.51611291835628,6.09757616793988,4.62486362237312,-0.00223168994283725,9.1409748588388,2634,2036.22431247125,220576.113061891,79746151.54763,5.49505986477737,0.0134932365860464
DE,OR,1797,107.36402732596,0.392525910713439,0.154017314224408,0.392450397151548,0.0837496287742546,4.0970376314268,4.42273410436586,6.09456132831347,4.62420592401929,-0.00800558542993661,9.04605043039759,2909,2055.89627082116,225014.198962029,78920028.1217338,5.40723346139647,0.0144047801072176
DE,OR,1773,105.930117111256,0.45630211511716,0.208217900013625,0.456308996200628,0.0475124911993924,3.97731140935834,4.48648830392766,6.10193257464515,4.65918377842165,0.000476504086683018,9.14574234332644,2872,3367.33262645681,238429.668305761,106604465.64581,4.91030955515817,0.0104395119745813
DE,OR,1773,105.930117111256,0.456230470118898,0.208152521735874,0.456237352411959,0.0506434471874571,4.08277221016119,4.62027042395544,6.08350798558099,4.62020072765612,0.000474231316448756,9.21357441950173,2872,3700.71671078881,237694.546322433,106570990.980902,4.88267801706985,0.0107964137133382
DE,OR,1773,105.930117111256,0.45578392525729,0.207742898375172,0.455788216582188,0.0571951747713357,4.11616909174744,4.62479703821876,6.09199429997337,4.62475349495467,-0.00160627312289509,9.22260122822859,2872,3724.02989384668,237218.072621988,106363682.06571,4.89708269460152,0.0107859055060106
DE,OR,1773,105.930117111256,0.455097573314718,0.207112756519483,0.455096425518245,0.0609625599876425,4.08602009237817,4.76840126327339,6.26783722423203,4.76841328963493,-0.00274171316932105,9.34948057878988,2872,3658.35443206365,238440.695388382,106046114.822785,4.91203742521074,0.0107288548061265
DE,OR,1773,105.930117111256,0.455190538415052,0.207204401493889,0.455197101807436,0.0607437956543379,4.17176418407956,4.76742739658579,6.28467067506506,4.76735865604122,-0.00070704048211829,9.28715714887644,2872,3616.18316547522,242158.188950873,106085850.131761,4.92472926589151,0.0107466872911925
DE,OR,1773,105.930117111256,0.454596716621335,0.206664270263352,0.454603420866311,0.0611049991734928,4.21783940761701,4.59786241129832,6.1081250686018,4.62525009085337,0.000602293942186415,9.22318071384031,2872,3426.42918210586,238931.002990271,105809170.956395,4.94875354312771,0.0107390471659798
DE,OR,1773,105.930117111256,0.45579915622679,0.207759331980372,0.455806243902354,0.0576837596044093,4.1389939636587,4.58573283231984,6.07642096029649,4.61304455959712,-0.000176962724674231,9.19884912474656,2872,3358.38614531905,238004.88020408,106369485.873256,5.00543921853461,0.0106457776978515
DE,OR,1750,104.555953155498,0.444306656166753,0.1974145735808,0.444313598239802,0.0614957002392299,4.36989481350112,4.59263964024823,6.18079230178166,4.59256788363308,-1.84039414300645e-05,9.06084267170133,2566,2433.05953241767,225233.48443995,101073103.252029,5.14766750340075,0.0109959856733937
DE,OR,1750,104.555953155498,0.450011391435034,0.202516299328009,0.450018110000041,0.0520667237964508,4.31823771031766,4.49113078672628,6.03930986635203,4.49106373619326,-0.000530780219191798,8.90269099556529,2566,2439.27262151655,227968.236856627,103685393.484138,5.15823868565597,0.0106715124151858
DE,OR,1750,104.555953155498,0.449975908402349,0.202484645739809,0.449982939387493,0.0554737038566011,4.31622061403462,4.63747427150532,6.23448185279884,4.63740181095214,6.92032963774971e-06,8.86240652351724,2566,2391.47404750934,228405.548482316,103668898.90875,5.19303310500777,0.0104348969348643
DE,OR,1750,104.555953155498,0.447650269722451,0.200396694160031,0.447656893345821,0.0603352232522998,4.30111219061206,4.66156693998408,6.2515708450483,4.66149796648186,0.000576384631426395,9.01434934398119,2566,2276.47334080914,226508.346422901,102600241.169136,5.20644186724567,0.0109443773576636
DE,OR,1750,104.555953155498,0.442748965681837,0.196031242942068,0.442754156323877,0.068496723466781,4.33026698020763,4.50065136907029,6.04366088195273,4.50059860554483,0.00123678883048349,8.90161979186875,2566,2229.24473517349,224624.704566551,100366426.222216,5.21471247886415,0.0113946500311549
DE,OR,1750,104.555953155498,0.440043255033801,0.193643645565772,0.440049594438822,0.06685992017345,4.38319682015402,4.44953922174302,5.98841818396337,4.44947512116972,0.000687094531375138,8.75242303497384,2566,2225.49773754959,225012.505031651,99142931.636526,5.2065866780361,0.0112705250935588
DE,OR,1750,104.555953155498,0.440590980980841,0.194125864150709,0.440597167660789,0.0656513752174677,4.39033648841648,4.44400772384741,5.98978493792136,4.44394532296176,0.000784094513212374,8.74154235560757,2566,2179.817977111,226248.410758096,99389965.9726302,5.18701937417302,0.0111160149472372
DE,OR,1724,103.002550422902,0.443978375783448,0.197120131506944,0.443982129715762,0.052356048431399,4.02596153101314,4.18739300997743,5.51247980031461,4.18735760497151,0.00168126752017804,8.33210675256909,2873,1851.80546305418,236298.050241439,100925247.905959,5.31640843683391,0.0105601039112516
DE,OR,1724,103.002550422902,0.444673226075436,0.197740257385612,0.444679949385636,0.0469509091622355,4.00948993751355,4.34693290201506,5.71028277753785,4.34686717883964,0.000447197681384789,8.59301047479087,3368,2097.55536566599,236186.01773672,101240052.520951,5.29071571979636,0.0104402838526299
DE,OR,1724,103.002550422902,0.445503152256657,0.198479145051345,0.445509983110755,0.0408488787705542,4.06696642363968,4.55531013302026,5.9954590049234,4.55524028798857,-0.000340723577150005,8.9862108035303,3368,2101.65352672856,235324.798694543,101618265.412804,5.27706396128266,0.0103558144015793
DE,OR,1724,103.002550422902,0.442286571152078,0.195618480911889,0.442287780649533,0.0421798989230833,4.11597163343408,4.58843916169775,6.04143375441204,4.58842661397266,-0.00224570414383112,9.0515640784378,3368,2008.21763401526,238775.539695537,100158695.917285,5.31200211366172,0.0105893010901563
DE,OR,1724,103.002550422902,0.441312614070939,0.194758820656771,0.441314876994614,0.049478508855029,4.18027038397444,4.27670410003775,5.72909601224522,4.33842068861478,-0.00202210150573705,8.6151470348213,3368,1893.88112321082,237279.807329246,99717587.060633,5.33527953867761,0.0104274952535082
DE,OR,1724,103.002550422902,0.442180093096448,0.195528907998373,0.442186508159592,0.0510111647602173,4.23023602531667,4.32913721761853,5.73479180319481,4.32907441224547,-0.000661067913202661,8.49602954989409,3368,2264.80743381753,240399.734366892,100108119.563423,5.29928420308455,0.0100444996092368
DE,OR,1724,103.002550422902,0.447209557836884,0.200001576988507,0.447215358623233,0.0474567651165703,4.19079723561315,4.68557014014089,6.18769203098721,4.68550936407231,0.00103037926791828,9.10677159959626,3368,2269.38401741609,237783.959378356,102398694.408225,5.27741566710238,0.00954876306959839
DE,OR,1796,107.304281067014,0.413971108597878,0.171377119564727,0.413977196913945,-0.251490666626114,8.11395609887002,6.08492261951358,10.098976338638,7.0042679248666,-0.000561002687944508,13.0892935568756,2749,1233.79749593223,315442.740068262,87742665.4606191,6.60332788891982,0.0551512292229759
DE,OR,1796,107.304281067014,0.415965951900541,0.173033040438409,0.415972403457741,-0.268143451489861,8.12164173509524,6.21833819754096,9.99467462269333,6.95460054193121,-0.000199961565597597,13.1730466040774,2749,1306.13560533238,312359.998323704,88590187.3516349,6.66597914188159,0.0551216714358976
DE,OR,1796,107.304281067014,0.413516477413666,0.171001186938347,0.413522897719518,-0.227049450208242,8.45747935365854,6.35857057850463,11.3284494268269,7.85304658364528,-0.000184231787767929,14.2117390894822,2749,1453.11404555687,313898.478603272,87549906.1309393,6.58142932456008,0.0569332335403321
DE,OR,1796,107.304281067014,0.414395151614749,0.171728528123571,0.414401409413109,-0.240749338092838,8.53714727620385,6.38823134199442,11.341256064052,7.83639849052268,0.000424352145395638,14.2247481702955,2749,1676.11107675206,316878.827229153,87922442.8850602,6.59245044440603,0.0575696188656151
DE,OR,1770,105.750878334418,0.772143495897767,0.596224188709856,0.772155546965672,0.106311554058416,7.08304467078738,6.15241393919668,9.46268365850195,6.48891186626151,-0.000146810298794862,12.6414270797912,2970,2452.61850399464,530400.868028428,305257266.978003,6.22758808722749,0.0560170328703919
DE,OR,1770,105.750878334418,0.76264438350809,0.581644589573879,0.762656272231389,0.107492777803439,7.24630928041914,5.82625390708668,9.67169092852662,6.59956067313219,-0.000206194033625587,12.4259174595588,2952,2362.0728323591,524725.515319243,297792765.014705,6.16557424400507,0.0565957465034496
DE,OR,1770,105.750878334418,0.753345741157497,0.567547042052988,0.753357180926145,0.0595433326861263,7.54215811724736,6.57549682557055,11.0367410313451,7.52312106014021,-0.00070676178153848,14.0987321264368,2923,3002.65073041835,514469.229804986,290575515.437125,6.06709233708856,0.0574843801201826
DE,OR,1770,105.750878334418,0.752797957170028,0.566721612894536,0.752809147722407,-0.0185968707696045,7.83390352691614,6.58028157802159,11.0460003777042,7.52859777379223,-0.000928156902188891,14.1089912665273,2711,2951.98513060432,523307.229566584,290153280.386403,6.16459808381792,0.0571189657429909
DE,OR,1770,105.750878334418,0.769093733390417,0.59152323191948,0.769105475158954,-0.00965186580192096,7.51679271457625,5.86654911668625,9.93835875694403,6.76506864850531,-0.000651092871138602,12.6317210476222,2864,3373.87932766274,523636.313002716,302850864.386679,6.08196048795322,0.0555445920242088
DE,OR,1770,105.750878334418,0.772838454548088,0.597296874528122,0.772849839573071,0.0221225087645158,7.34538386820426,6.27061983796278,10.1244725887153,6.89550623772784,-0.00103335738521597,13.1662276564418,2864,3375.8874041484,528880.779646922,305807536.459213,6.02138492938318,0.055445896504835
DE,OR,1770,105.750878334418,0.753736750071759,0.56813682316786,0.753748514537747,0.0554228429225449,7.37020490567425,6.42953411010987,10.3673761944706,7.07025060324174,0.000139701831526211,13.4998950671625,2864,3505.80994534209,531896.727134753,290876983.158332,6.05122548290536,0.0574658250779848
DE,OR,1746,104.316968119714,0.713963018330914,0.509759088434376,0.713974151096786,0.089979663348721,6.68879114517056,5.88003126657738,9.23495570298878,6.33385592056594,-0.000181882731104013,12.2139859504311,2882,2465.94040541497,480698.259204741,260988530.977433,6.20507172812409,0.0657344752647534
DE,OR,1746,104.316968119714,0.727904077961617,0.52986079384114,0.727915375466915,0.0709207711702102,6.963616173172,5.81959249422802,9.66617806464943,6.56980090650771,-0.000333199367962484,12.389495367963,2673,2523.43118241872,487862.556851314,271280361.937034,6.18180750121095,0.0626571886460056
DE,OR,1746,104.316968119714,0.73109040767138,0.534508060039128,0.731100581342354,0.0607978976431455,7.47555164154934,6.37674663713147,9.66754181413091,6.54117807542002,0.0013518605148388,12.918015737947,2882,2664.85529529271,493122.156463617,273661445.956838,6.15141176676726,0.0608556007277772
DE,OR,1746,104.316968119714,0.722777419485074,0.522419995670832,0.72278627246983,0.0523674835731673,7.40880823152776,6.45008846828512,9.72553893715254,6.59737697770619,0.001878316142949,13.0475462543789,2882,2252.8454340611,484304.673843569,267474291.296586,6.18337272443728,0.0601747644262522
DE,OR,1746,104.316968119714,0.712821864353222,0.508130757039304,0.712832909621395,0.0310280084840909,7.51629633830981,5.96673033370785,9.6642031236706,6.54038577441112,0.000363795079929216,12.5072174522534,2720,2559.32132769187,486458.236890523,260154951.577259,6.27247297881024,0.0607880914877152
DE,OR,1746,104.316968119714,0.703014359799449,0.494244512207527,0.70302525716188,0.028974608909267,7.83099755079027,6.6725637171691,9.81884717295073,6.67246028796165,-0.000350738805154376,13.3042948569852,2720,2867.8439554513,488797.70680345,253045407.506361,6.12365605186535,0.0625840922009383
DE,OR,1746,104.316968119714,0.703930186958058,0.495533192520429,0.703941185412836,0.00751997460208149,7.54407575226231,6.6638825792055,10.2162048089676,7.02919208622787,-3.16645428928531e-05,13.6931844920223,2569,2676.80441275761,481224.070536277,253705066.204555,6.14475850327022,0.065237678295402
DE,OR,1719,102.703819128172,0.668407458993328,0.446782183939951,0.668417671774132,-0.0914853472481594,7.76402452596918,6.55010149631881,10.1409554014913,6.9677766708126,0.00055609460897898,13.5179846297013,2900,2274.85539678732,485903.3004493,228745643.522549,6.34084981504229,0.0747033383907307
DE,OR,1719,102.703819128172,0.672339903805768,0.452054560397568,0.672350028182916,-0.0886173091774273,7.81916262909946,6.51179064714215,10.0786730308224,6.92702441365795,-0.000715930858704479,13.4389193708482,2900,2486.84265440909,484023.242718169,231445225.771871,6.27292348734573,0.0748775320933325
DE,OR,1719,102.703819128172,0.678565189356434,0.460464996607554,0.678575711772499,-0.113460543962814,7.61164839089002,6.46934559668269,10.1408770321854,6.9910587149541,-0.000330348182993912,13.4605127210125,2900,2494.78323189944,483775.96246768,235750822.063249,6.26257398260481,0.0727841287105753
DE,OR,1719,102.703819128172,0.675086817380229,0.455756258947542,0.675097221848485,-0.0950797127746018,7.35557179736835,6.50267877672494,10.1956712850025,7.02708067817826,-0.000440949108542624,13.5298677565852,2825,2125.60697887669,486849.731430654,233340110.849931,6.33814180564514,0.0722405753511698
DE,OR,1719,102.703819128172,0.674930747961767,0.455542300786329,0.674938738543232,-0.0929229154786801,7.28289274884019,6.09753947761087,10.0274564285668,6.90402973711034,-0.00185727079331474,13.0016509523102,2825,2164.20467688911,478013.24294376,233233901.378446,6.29843859446356,0.0751379666994747
DE,OR,1719,102.703819128172,0.679679507749179,0.46197807461203,0.679689689940954,-0.0855135683934403,7.2726558413309,6.05493741304469,9.94483555081052,6.85577137713391,-0.000771658583773403,12.9108114956127,2825,2102.1427885999,482031.259207967,236525991.573582,6.28477676382673,0.0751289992984813
DE,OR,1719,102.703819128172,0.675736702621918,0.456633918459691,0.675746933740503,-0.0343745398782013,6.83523999824459,5.80335879085885,9.22980728045362,6.37342189251218,0.000665297380138653,12.1768771813634,2619,2075.01254561517,478042.671979785,233789710.041066,6.30349656578448,0.07083202224889
N,-1,1796,-1,0.0725578816223154,0.00526419892272155,0.072554799446498,-0.068545258542372,2.79302041235915,3.2583213435999,5.10594221595794,4.11231402121051,-0.000782156642051315,7.37046067841458,4144,698.605897338164,61860.5027210984,2695811.99174986,4.40092372465798,0.201830671635717
N,-1,1796,-1,0.0720520806083637,0.00519154296925962,0.0720523626903353,-0.0225381069221777,2.81849506307654,4.07832106919076,5.13988907570327,4.14099007901058,-0.000348692489596397,8.21932736006692,4144,731.201274673824,61827.6526187431,2658111.18673568,4.34101230833479,0.189651877334029
N,-1,1796,-1,0.0717807662972655,0.00515263299862511,0.0717818430985518,-0.00866904748316072,2.77695731824487,4.09373615777789,5.07073714675569,4.09367474753583,8.01958773846799e-05,7.8457601576086,4264,625.325155233728,62077.1493379418,2638072.23778048,4.43151535573928,0.184858488059365
N,-1,1796,-1,0.0712988222690352,0.00508368032907473,0.0712999321814175,-0.0278472105262102,2.72911630203934,3.49763346197187,4.32161669777143,3.49757901498197,-2.43492717058245e-05,6.9674859466684,4144,697.692874066581,61973.786578253,2602763.53229575,4.43596931241174,0.192042719081447
N,-1,1796,-1,0.0718755093015379,0.00516598468678661,0.0718747847773237,-0.0358495948646927,2.70428870478128,3.46957049752727,4.41514013573293,3.57906856021912,0.000515351909215063,7.04860297978519,4264,654.336442744595,62471.6436985757,2645173.45205976,4.49148765939544,0.200772617579457
N,-1,1796,-1,0.0736798615147006,0.00542840780667545,0.0736777293805628,-0.0506295286709201,2.71689560406044,3.33015188305803,4.31698478808981,3.49148629622264,0.000695574506416649,6.82153714329919,4144,719.461134531206,63159.0123194705,2779753.26379855,4.43688622422335,0.220689130009694
N,-1,1796,-1,0.0739971986403583,0.00547538532232159,0.0739958466558873,-0.0627244094128844,2.79603380297094,3.31587052043903,4.66306029239496,3.75103700933958,-0.000609253715920984,7.06683899551137,4264,655.459423674784,63026.2918088752,2803689.75374828,4.47924150010381,0.218243455638945
N,-1,1796,-1,0.0739312165740321,0.00546596008922073,0.0739321316426135,-0.0390254028062686,2.76077567702051,3.36983785420046,4.65329958631621,3.75426966836795,-0.000188430752520775,7.12415399027689,4144,753.67496034126,62638.0539846502,2798520.42489406,4.35807197704432,0.208754965128052
N,-1,1796,-1,0.0732164895128651,0.00535999022693942,0.0732119541259446,7.50208846802635e-06,2.75396452230796,3.40273364478215,4.28469175982626,3.46015488716917,0.000911926171720551,6.8626741930596,4144,753.413855521664,61689.4257776786,2745080.80322745,4.29526541375756,0.190604232494621
N,-1,1796,-1,0.0650404089424786,0.00422786302999018,0.0650220195779105,-0.186547505900102,2.89290676200469,3.28195414153509,5.08663214495183,4.0779141813668,-0.00158867433237546,7.35871534351911,360,595.635243357124,67573.1941849067,2167182.66453186,4.75615041833979,0.378869303155243
N,-1,1796,-1,0.065186774900543,0.00424610046718743,0.0651621091370394,-0.182807592394759,2.89612258120555,3.68905758319213,5.4077373337429,4.3353014886396,-0.00182971183147385,8.02271865440965,360,604.830730151885,67835.3611575316,2177363.69193397,4.78208850048591,0.38026149711764
N,-1,1796,-1,0.0652684929969341,0.00425393074138593,0.0652221644947937,-0.176023405606997,2.87788616325842,3.68443877326818,5.39655123434798,4.33130962354451,-0.00248563312670795,8.01267397180375,360,609.383044762931,68177.2792116997,2184271.12796985,4.79997892841336,0.375872819593345
N,-1,1796,-1,0.0651713301916478,0.00424560689392009,0.0651583217549385,-0.167051552470887,2.86706010534623,3.41798716200625,5.04062762567797,4.03726245947202,-0.00135205778135749,7.4544437690731,360,604.169151575126,68187.6634691372,2175554.71352804,4.80238646547665,0.369236449634899
N,-1,1796,-1,0.065142855166439,0.00424270643655432,0.0651360609536247,-0.153211437969611,2.87331103651,3.38947967300014,4.81615852903066,3.85546138081924,-0.00100882469115406,7.2445389402637,360,601.68865491557,67627.8917743958,2173239.8866113,4.76430004053186,0.372667666904668
N,-1,1796,-1,0.0656968222031727,0.0043154310523582,0.0656919405434046,-0.174147842377054,2.94074244145742,3.56610286548586,5.81728285812448,4.65345796030065,-0.000881051903963418,8.2192150465274,360,600.022576502606,68154.9778106595,2210226.52696041,4.74251800984692,0.366318743100754
N,-1,1796,-1,0.0656293035410209,0.00430660836388167,0.0656247542005429,-0.182633553325504,2.98459913827141,3.60918039936964,5.82396200941442,4.65822215067091,0.000855395177185787,8.26707964796111,360,591.794672818933,68128.9364332123,2205663.83565785,4.74871869146842,0.357429809830964
N,-1,1796,-1,0.065235754710848,0.00424935439875207,0.0651870723284308,-0.150906377472595,2.96733531028037,3.827131343651,5.55363394794748,4.44877664800402,0.00254599416079727,8.27258807841071,360,582.838417902839,67663.5769225374,2182239.11160314,4.7395558053454,0.362957942907562
N,-1,1796,-1,0.0652285921525989,0.00424257222966306,0.065135030741246,-0.15285366346954,2.96048277222216,3.82755158959332,5.0157057284015,4.02243044122063,0.003511350869567,7.84421240959831,360,578.870782624581,68105.0566158145,2184754.59058766,4.81531237620981,0.366795200034285
N,-1,1796,-1,0.0651520113985262,0.0042448875273848,0.0651528013778748,-0.157358232393001,2.94907499066739,3.47943032082172,5.03051193440303,4.02133331034944,0.000172379303055459,7.50081239052948,360,585.099672735646,68426.4476775132,2173344.88280193,4.79068284720276,0.372959871284477
N,-1,1796,-1,0.0652938374009261,0.00425586606720273,0.0652369992197888,-0.150554827439438,2.92266527860739,3.44778367417385,4.60314109323394,3.68112212555754,-0.00274811410797659,7.12570138880243,360,589.466578706697,68517.9170730727,2186668.70243278,4.7930314796794,0.377690188191167
N,-1,1796,-1,0.0652361468822028,0.00425299122054525,0.0652149616310954,-0.15933844297235,2.92232663758389,3.57683726004895,4.70870190689734,3.76370475786135,-0.00170192404846308,7.33931976561307,360,588.789093918288,68010.7322493085,2180429.50629986,4.78366424881805,0.376458816338465
N,-1,1796,-1,0.0651497435402027,0.00424455462182603,0.065150246521606,-0.179785600814665,2.97117856894581,3.58158095781759,4.78359173026236,3.81720248331579,-0.000259044127676286,7.39881291142378,360,593.699920619946,68729.3676890054,2173212.76780637,4.75788882742916,0.376998333579761
N,-1,1796,-1,0.0651679609705038,0.00424467059299218,0.0651511365441324,-0.18030721768122,2.97211924529451,3.48641492394058,4.79293187749933,3.83017292988318,0.00152485737594054,7.31559901726222,360,599.870062244368,67815.2789219694,2175584.40718984,4.76141144620765,0.377248389088549
N,-1,1796,-1,0.0652423155014985,0.0042514867460231,0.06520342587643,-0.181310221801242,2.92220589992361,3.48244157099426,4.79937121878052,3.85359020377063,0.0022816320769947,7.33373472756415,360,596.219773395818,67807.2623934373,2182023.95764204,4.68696726542097,0.374098565612454
N,-1,1796,-1,0.0632575425120028,0.00400060869330745,0.0632503651634317,-0.190861880396455,2.9537024071695,3.55405053642265,5.72649726396929,4.58455868850508,-0.00101637117828541,8.13808905018736,8408,632.3268461557,67767.3574635084,2049305.40323334,4.45373293640268,0.333510258442761
N,-1,1796,-1,0.0633963079112447,0.00401481046580762,0.0633625320343783,-0.177557676841896,2.96152068331141,3.54627123100469,5.56808315771479,4.45119507153116,-0.00209925077034343,7.99509482347662,8408,631.631094861246,67748.7696135904,2060031.19809267,4.47443298242233,0.342900381788322
N,-1,1796,-1,0.0633518093073256,0.00401023390056374,0.0633264076082304,-0.155152069927203,2.93996236411344,5.12858131472241,6.40589755173138,5.13063850830502,-0.00182843150197113,9.16314741468453,8408,635.420313427572,67877.7422498466,2056598.91467887,4.47957188788525,0.342455237444241
N,-1,1796,-1,0.0633311498553407,0.00400813776310256,0.0633098551815005,-0.163171890903388,2.938678646753,5.13025432523405,6.41190649584371,5.13197991901814,-0.00167989083042732,9.1904977671107,8408,626.449149965831,68037.994950114,2054992.0412134,4.50128467634118,0.339453728877616
N,-1,1796,-1,0.0632185356624832,0.00399615865778051,0.0632151774321682,-0.184626914704677,2.92504247898151,3.48106062189106,5.08310696156659,4.06769222695884,-0.00074126478818355,7.54853676906878,8408,625.960783165267,67129.2741972898,2046531.85409883,4.41928373935738,0.336794993214636
N,-1,1796,-1,0.063330678061384,0.00401063807904948,0.0633295987595806,-0.182275789396657,2.92663179168167,3.79306119826186,4.78526525080905,3.83082106892966,0.000511895599864687,7.62381698110562,8408,625.032359935193,67958.553362239,2053650.81615509,4.46915332715681,0.331588208010115
N,-1,1796,-1,0.0631800661922712,0.0039916428180698,0.0631794493333853,-0.175727588233495,2.93356812940359,4.04850632103078,5.52510667707361,4.4235101417592,-0.000450205317647037,8.47197327382703,8408,624.857844165161,68092.1973815153,2043864.80160469,4.48827188092061,0.329787543741453
N,-1,1796,-1,0.063170187367598,0.00398993073894976,0.0631658985446242,-0.157429520018473,2.93493927619625,4.04913944380277,6.70714179672753,5.3785691339865,-0.000816405807961294,9.42734340979106,8408,619.973206488265,67685.6441666914,2043463.04401441,4.51372779451366,0.336568601005366
N,-1,1796,-1,0.063230660032826,0.00399803932594199,0.0632300508140077,-0.159405228700182,2.90150259215265,3.28564913664173,6.69438078626483,5.37311211771751,0.000449422934182852,8.65870948515403,8408,626.391235604025,67535.4334563912,2047138.99151279,4.50829065460727,0.3339270379654
N,-1,1796,-1,0.0628215144340194,0.0039464441859335,0.0628207305428192,-0.171417930556432,2.89449997974554,3.22994317725988,5.10833728227506,4.09356345749799,0.000470973705233391,7.32345555499005,8408,629.594887575498,67382.7097856847,2020743.36608191,4.46895739041132,0.328405041251882
N,-1,1796,-1,0.0628688054717929,0.00395241501184709,0.0628682353167885,-0.17684814247373,2.90446740621935,3.44237255853901,5.12454727680052,4.10586622862227,0.000441817351605344,7.54820155120363,8408,626.589123851853,67146.4977533813,2023773.11468279,4.44343885951686,0.326979981727721
N,-1,1796,-1,0.0630028131030955,0.00396762506126837,0.0629890868426299,-0.176920478366871,2.89615922680398,3.64211697829551,5.10263103336927,4.09798867040541,0.00136139117022126,7.73921283047417,8408,630.840915201826,67040.3205059849,2033258.35758244,4.43744160306978,0.326848535300761
N,-1,1796,-1,0.0627521290859982,0.00393625028018198,0.0627395431939218,-0.174977447285497,2.88674583750592,3.65666661235822,5.15028297836374,4.14027307518102,0.00130477295536552,7.79610929292396,8408,630.966720954033,66955.042861572,2017040.43915425,4.46415423044739,0.331327833996726
N,-1,1796,-1,0.0625832325698388,0.00391566964066344,0.0625753117504295,-0.153189370080459,2.88200920534,3.5289069068798,5.17297907946418,4.15113938977968,0.00105533070805883,7.67952090952144,8408,627.895650657737,66631.6297319886,2005900.60446989,4.43349328371407,0.335693023280225
N,-1,1796,-1,0.0628525989285444,0.00394925911123198,0.0628431309789063,-0.130100900310191,2.91003095120942,3.70465205954803,4.8749704818772,3.90500409623507,0.00114607817696262,7.60906791627114,8408,633.146565208507,67013.8753802506,2023302.46844017,4.41732634057776,0.336844015321984
N,-1,1725,-1,0.0648219983072494,0.00419177134642479,0.0647438904177436,-0.111823376422633,2.94610117104112,3.55322628961896,4.92049970451036,3.93170185855889,-0.00320173561913357,7.48019060625756,360,482.547742443609,73718.3800260559,2156616.97198632,5.21727957640656,0.308468122348952
N,-1,1725,-1,0.06468102021576,0.00417860423979902,0.064642124344726,-0.111543077255269,2.90167946019869,3.56097086537348,4.92232313467886,3.93789153537533,-0.00227172131544154,7.49649435335569,8407,473.939029138037,73383.6011137175,2144663.08663914,5.23881738400567,0.307783688311773
N,-1,1725,-1,0.0642688019275497,0.0041305350714421,0.0642692389206695,-0.128907058474534,2.91420143939642,4.04066124458906,5.04161427497272,4.04063377046314,-0.000270016631896806,8.00536437250247,360,472.668706431558,72568.6286955649,2114842.42569528,5.18998239912473,0.303517366945329
N,-1,1725,-1,0.0640330862185488,0.00410031469585001,0.0640336996889139,-0.138048355443636,2.92924366751074,4.05553554452285,5.06650181040943,4.05549669074924,0.000222642440553015,8.03483335877677,360,480.540355807481,72011.9295612311,2099346.27803077,5.12254561950244,0.304331668075081
N,-1,1725,-1,0.0642414761848917,0.00412681196719056,0.0642402674900296,-0.14566030520514,2.93315338075676,3.92704947449615,4.90975351942671,3.92712336280186,0.000533158604387026,7.73326918968784,8408,503.997375782342,72161.6017993988,2113152.74396527,5.10147801424123,0.300473695299098
N,-1,1725,-1,0.0647243101305622,0.00418936723223898,0.0647253214147213,-0.147744109715882,2.97553397355992,3.89775425622671,4.88052666595152,3.89769335676651,-2.71370766817137e-06,7.7142763756534,8408,478.181748887561,73133.4150850535,2144889.00000471,5.14438708691457,0.298604946452873
N,-1,1725,-1,0.0649172801066829,0.0042143613590904,0.064918112719721,-0.131246007357697,2.95939700017405,3.68950935755362,4.76295576265978,3.80512850619089,-0.000153610388964248,7.49468666738509,360,474.421476598537,73418.8336151642,2157709.70438415,5.18689049018531,0.300193486895724
N,-1,1725,-1,0.0647917540327087,0.00419705586138539,0.0647846884794964,-0.11385672652152,2.95353746137932,3.69665732925864,4.91934884667823,3.92827374229812,-0.00102307734082174,7.62450269255123,360,473.492811129756,73472.977387138,2149897.25059409,5.19177397490717,0.303395609301707
N,-1,1725,-1,0.065089656149029,0.0042342226292962,0.0650709046294594,-0.139259531074021,2.97127002167778,3.542649970744,5.2582355607356,4.19524428302684,-0.00160406600855275,7.73668565612374,360,476.854328158806,73564.62436035,2170489.01718184,5.17613896967281,0.303742538201415
N,-1,1725,-1,0.0652453988606664,0.00425701313458208,0.0652457901675049,-0.145700198825226,2.93969053396932,3.53419355967961,5.22830399942624,4.1839993038215,-0.000286303275935181,7.71821795688039,360,484.378493110123,73275.0193070572,2179606.46169425,5.17127593922339,0.303062334055255
N,-1,1725,-1,0.0649217830621173,0.00421487633143656,0.0649220789210925,-0.129968454572562,2.93027648027041,3.84030541997179,5.13468446721446,4.11239757370336,-0.00030544952679719,7.95272173453029,360,488.626435268153,73069.6614850541,2158044.7556306,5.14553773628544,0.309436766234872
N,-1,1725,-1,0.0648389079914466,0.00420382035066974,0.0648368749298557,-0.115940110448736,2.97925165525828,4.1727332330765,5.22564906812997,4.17286407565142,-0.000628496809451988,8.29040590995284,360,484.006296217049,73060.9516455144,2152693.24326802,5.16011756545327,0.308753875311557
N,-1,1725,-1,0.0649391777257156,0.00421576674676152,0.0649289361283667,-0.11613812615963,2.99222918999477,4.16629029882466,6.09242644788335,4.86494493758958,0.00120904906492716,9.03046798297925,360,476.482034691668,73523.8185530683,2159901.88513167,5.19502489427184,0.304795487923864
N,-1,1725,-1,0.0645148515298736,0.00416015433861871,0.0644992584346418,-0.135667556959815,2.9696208684984,3.75750947883848,6.12338561572832,4.89735396633834,0.00146346647587737,8.65367976568334,360,476.802251110321,72950.1595097349,2132125.59059,5.18960436201265,0.302113967685593
N,-1,1725,-1,0.0645737132564485,0.00416942161941366,0.0645710586827695,-0.13487321922279,3.0007636039241,4.13376404925457,6.25312091356054,4.99467846892506,0.000687836272667136,9.1282371909446,360,473.847869360174,73609.3493929895,2135161.59932244,5.21961019242784,0.298665256693054
