3.38427446264465,11.4526626229502,3.38417827883672,0.0568462358274292,3.089678575988,4.47507389735044,5.62299271788332,4.47520108617229,0.036970352614267,8.23555090940688,1326,7325.37675584898,1672940.14225177,1466198955.72957,7.62732097333161,0.0412579311433776
3.40265854919264,11.5785568384222,3.40272785253569,0.0293905090234095,3.1516561738388,4.45089570119935,5.60732584355789,4.45080504982638,0.0158752566594058,8.62717889332802,1326,6257.23700040341,1687484.22289812,1482026965.54692,7.67193556329973,0.0398582744834244
3.41911673854412,11.6909214032793,3.41919894175219,0.01678143706506,3.21320738032912,4.22246282319685,5.33171571677385,4.22236130819409,0.0129827231733195,8.37864314525191,1326,7219.91786383154,1702543.04897678,1496387133.40208,7.66474392264126,0.0420345520723153
3.36900636809387,11.3496334012101,3.36892169710282,0.0193498537527389,3.25377273908314,4.45174768869949,5.63066954904103,4.45185957431827,0.0357751189308634,8.33220920625749,1326,7034.65667655018,1673278.38701719,1452988471.72442,7.66163459854246,0.0426005323383131
3.32220288395094,11.0370027502023,3.32219848145807,0.0421949880513837,3.26176267878345,4.54417018307503,5.73865524995525,4.5441762048937,0.0268153799432495,8.8798652667936,1326,6536.64440873388,1637352.25573513,1412832128.47619,7.66666796857337,0.0405820802901682
3.39781955876602,11.5457327033118,3.39790122035821,0.0310008871603379,3.18180349799368,4.4430420822165,5.59434115992052,4.44293530280561,0.0129096442657593,8.68224856800553,1326,6515.28706470784,1675364.90086168,1477803508.001,7.64720443113693,0.0418432274556763
3.46260547542657,11.9903046799588,3.46270193345584,0.0221988988461342,3.13427872534887,4.51557643928959,5.66873452826806,4.51545065208274,0.00902178129501244,8.4718681623189,1326,6957.8683334988,1698586.58116002,1534683890.658,7.636965223119,0.0387849963022247
3.48136849927358,12.1206841318273,3.48147729158576,0.0103993561028142,3.1750704476399,4.49123949580571,5.64761098367195,4.49109914954223,-0.000196635100002416,8.69631755983808,1326,7437.61735245272,1711524.87266719,1551349740.88752,7.63138219085158,0.0392481615303957
3.46377979859998,11.9985195855618,3.46388792912845,-0.0145641286280619,3.12658005715894,3.99492189500613,5.38925189463264,4.28672062583455,-0.000902829777717368,8.2817763415203,1326,6707.56216965786,1701653.02273896,1535712718.45309,7.63001664684188,0.0378171969936164
3.45496996649524,11.9375604812224,3.45507749279556,-0.0358252457035684,3.06260807656876,4.44850518230349,5.58707781030721,4.44836673930035,0.00175661371605568,8.74629068416618,1326,7079.10743149412,1695676.93331862,1527912463.55881,7.63086220133543,0.0341649220984574
3.52765522497969,12.4451288103443,3.52776541316799,-0.0318141465638028,3.02138434178941,4.35684635273433,5.47134576009086,4.35671026857054,0.000629708558067015,7.83433651168294,1326,7810.24231855541,1746595.10896939,1592875744.80894,7.64048892084033,0.037706426557847
3.52384167469314,12.418226363109,3.5239503916924,-0.00747746057671678,3.0278513063657,3.84388659560617,4.83087524625217,3.84376800829089,0.00315029250513393,7.59298801822374,1326,7032.57045281654,1730993.34788578,1589435063.70018,7.68145218608321,0.038270485729916
3.44121715406814,11.8422134446461,3.44125172642835,0.000414206557691922,3.08304986804994,3.7496060638966,4.83798351516895,3.83907975525608,0.0224097109968872,7.58872438865941,1326,6071.09435848466,1698811.35409474,1515835668.33254,7.67542067829019,0.0375866429612266
3.38802122547155,11.4785646722289,3.38800305079981,0.0249762327780728,3.08474238046002,3.80847930085886,4.83362555177138,3.83607073453449,0.028992452620014,7.64452945720871,1326,6659.93106087866,1668211.64710918,1469378961.26881,7.6974845972424,0.0390924774819541
3.41894018106533,11.6898663114935,3.41904464894706,0.0226932413434374,3.07190411679077,3.98597663700148,5.02101427907162,3.98585484668323,0.0040332188074164,7.78733573174793,1326,7084.96625126191,1672153.06263122,1496213371.86924,7.69290660844442,0.0389246748982739
3.46684121988067,12.0188836551337,3.46682616453921,0.0162696199633925,3.15844230331883,4.33610615835041,5.47795296815479,4.33612498870293,-0.0292501104010829,7.92150221669177,1326,5553.53847860657,1719148.43733381,1538539647.0072,7.72583925927771,0.0377211841308617
3.45387231992715,11.9277085060207,3.45365147431246,0.0285179590565399,3.21501576663581,4.62460647857529,5.83893545534495,4.62490220154215,-0.0476547806622646,8.35561740207761,1326,6023.19091198161,1711201.1472743,1527231924.95016,7.73140569969076,0.0381283276871895
3.4480240622078,11.8875822800298,3.44783733375427,0.0149540267908987,3.18604989748,4.63245035960668,5.84040044747566,4.63270124449711,-0.0450624835837752,8.36978952010523,1326,7863.94120121517,1704629.51641925,1522029110.81726,7.59803095378047,0.0368300014994413
3.48137876816157,12.1192835990941,3.48127614519362,0.0179567205087944,3.12848760625683,4.37727183778825,5.50878040084594,4.37740087340876,-0.0383664376376001,8.1507603355515,1326,7177.07424095391,1720762.29539609,1551543650.77249,7.63294936236486,0.0360140295666919
3.49098129052655,12.1872757077881,3.49102788699662,0.0194275497064044,3.0692459181473,4.07357973325197,5.13158863142907,4.07352536117524,-0.0208894171785931,7.83668862577583,1326,7330.14178222645,1720901.15226044,1559985433.76662,7.65155252418559,0.0378392030400596
3.48170447850146,12.1230162895249,3.48181221342061,6.08364193092159e-05,3.10758706437189,3.97648897319153,5.46725773080214,4.32581000746281,0.00273397334862067,8.30243283486118,1326,7042.84197914616,1714683.23343579,1551650967.78596,7.66554139575933,0.038123891206282
3.45621285824364,11.9461338607898,3.45631796291802,0.00744403965026775,3.17492612017023,4.05266447431711,5.50268320076771,4.35771774429145,-0.00448264042535392,8.41051473837031,1326,6646.51630793812,1706503.02244156,1529014366.92253,7.74401147308896,0.0387157920703152
3.43243240087074,11.7818907500625,3.43247589213129,-0.0240863777327978,3.19852604531545,4.65402397567835,5.87703086497808,4.6539650067662,-0.0209237820832642,9.08041563332651,1326,7250.73330594963,1688132.01053603,1508099493.40003,7.70352100069916,0.0424369850049062
3.49453274657183,12.2123702937745,3.49462019306455,-0.0252006455519651,3.25241206781574,4.57131864173225,5.78431566512862,4.57120425282581,-0.0123327300997022,8.91905015449608,1326,6903.08994776076,1713348.1094926,1563123990.02623,7.66749114873371,0.0398622256589396
3.44311255639269,11.8556743188395,3.44320698170172,-0.0131891934222571,3.29121426083937,4.44794647302595,5.62657909677828,4.44782449409105,0.00952558630775937,8.75743844138681,1326,6095.13361696581,1703075.48115577,1517452441.16751,7.6828577071942,0.0417415661056374
3.34240402858229,11.1717989107775,3.34242410695852,-0.0309121369697185,3.21412150641365,4.79028572980489,6.0382293026669,4.79025695393562,0.0237490407725675,9.25541874491464,1326,6567.24277096894,1659542.30566855,1430045001.16223,7.69651340716175,0.0449432111600891
3.382048113331,11.4389643715491,3.38215380660743,-0.00507717796666411,3.1139120165067,4.73413440165129,5.96730409658654,4.73398645859353,6.78958905211102e-05,9.1469275014986,1326,6273.56436198459,1679444.19817891,1464092320.88353,7.69921417938864,0.0407347141376015
3.472921912708,12.0613665867548,3.47294782378815,0.0532596466779046,3.24928285043001,4.52654299555529,5.74504983781306,4.5265092237786,-0.0239553840340454,8.76622857844105,1326,5846.44393922293,1727030.30337555,1543904521.03442,7.73072495930673,0.0388959482955121
3.48414585419197,12.1394775543205,3.48417530476302,0.0480328820550693,3.31710550682385,4.51196104180451,5.72616359821887,4.51192290370364,-0.0235265022855347,8.74269621060539,1326,6673.15195963303,1727930.26240094,1553897636.04015,7.69711810788176,0.0383557134412715
3.37729812233046,11.406575025305,3.37736214008876,0.00434448467873914,3.18457610736914,4.28259141425242,5.51121784553863,4.36450039620991,-0.0167479172140747,8.6471745409532,1326,5926.13900378902,1670769.85723301,1460021618.34531,7.72569403937908,0.0411555389731496
3.34359883131454,11.1802323953183,3.34368545101334,0.0162158444100399,3.0878859572422,4.11302284251614,5.18909747663586,4.11291629278084,0.0109322447105558,7.88805407471018,1326,5894.72702886856,1641957.43665629,1431009887.00309,7.72061778194776,0.0434088377413038
1.50223515796786,2.25684909024467,1.50228129531212,-0.0330586922343339,4.5034339807688,6.21491054234664,8.09438304728664,6.21471967298807,0.00155969811390219,12.212972767998,276,1616.2203507022,809265.715594666,288859217.170106,7.91278808674376,0.0959573127568974
1.55869124613184,2.42966992770123,1.55873985247739,-0.03826031731107,4.40295034353164,5.98980532129616,7.82871844765078,5.98961854057919,0.000572221346739086,11.7706166124441,276,1354.854931473,830833.979566944,310977895.538181,7.905877374387,0.0804355513678357
1.57775563290779,2.48945721230015,1.57780138556795,0.0310369363797859,4.58563954743556,6.41303305551935,8.40695637099771,6.41284709211185,-0.0033490219261603,12.1998711564832,6860,1261.6264529172,841788.402637614,318632386.878076,7.92840781180367,0.0765934521194624
1.56104143790122,2.43699576354118,1.56108800634083,0.0911656769205448,5.03038390806918,7.11075445901295,9.36811205916056,7.11054233981261,-0.00263050161705544,13.0839271887424,276,1510.24638771603,845205.297835325,311917704.938624,7.9559600466506,0.0822297421323356
1.47350241759836,2.17134466724106,1.47354832538369,0.0624796870256999,4.62545124860668,7.53319589617787,9.83374780790787,7.53296120259227,0.00064534397547311,13.8612276900089,276,1647.89731520054,801632.899842958,277914601.900504,7.95180619277334,0.0873149303697676
1.50285771128433,2.25866472582142,1.50288546663457,0.142842322650501,5.40145601629775,7.6100100163105,10.0147238712219,7.60986947433439,-0.00759875586673684,14.046884656139,346,1417.28285108437,809257.661355839,289105793.66797,7.93255278030168,0.0846032417486486
1.49116881854453,2.22371830884043,1.49121370327677,0.119573291718124,5.14683707785685,7.66966294743624,10.0537170016044,7.66943209469725,0.00226251041014305,14.1569946088365,3484,1427.46011765817,803275.966913554,284619357.080981,7.92765843919131,0.0818986534741978
1.37841484701452,1.90013896961926,1.37845528386642,-0.0153965883824548,3.70387227379325,4.95735086091204,6.87507465997335,5.34824678726977,0.00269806160169539,10.3057545430845,278,1248.0222651182,742190.123274964,243204422.050151,7.9177003570111,0.0922552849943575
1.42738227993401,2.03754741889476,1.42742685237975,0.00897947648687008,4.43808035270313,5.92563719955545,8.02986907241069,6.16509710160874,-0.000317629555531184,12.0909268168342,346,1194.77814800393,766147.179717599,260789407.987437,7.92775354655118,0.0873846966357485
1.4285977015235,2.04100984804468,1.42863915949574,0.00235139161691962,4.2810645424451,5.92059578910369,7.98867278308704,6.15986555588402,0.00301792462542585,12.0806401045748,276,1464.60170723685,769651.045432186,261235176.631079,7.90871825245969,0.0889175923265374
1.40789043715753,1.98225844822023,1.40792700386782,-0.0255972934031701,3.88226838426913,6.07837043588391,8.94635313567524,6.97642765382414,-0.00457449149173882,13.0549792863425,346,1352.89229555211,756213.646812591,253718127.754462,7.92006549499784,0.100928384985147
1.42340636618109,2.02620952522447,1.42344986747847,0.0805720281659799,4.64974021114636,8.07033651473068,10.4334591238346,8.07008988145144,-0.00167217096000209,15.4043258865151,346,1524.83726995272,773405.899817688,259338288.579657,7.90719347792743,0.100095584652227
1.41476896805546,2.00169624142682,1.41481314717768,0.0752253631952553,4.63086828749995,8.11960725155023,10.5230946507771,8.11935370773643,0.00031234753789986,15.498371839277,276,1252.41966134783,765833.494891704,256201055.233173,7.92040288623518,0.0929762324006071
1.55168212656625,2.40783677249357,1.55172058454271,0.0540076722051407,5.62890556034134,6.83554777454873,11.4858746833173,8.65928101204126,0.00558025177554802,15.4950434042746,276,1391.34943051925,837154.024045123,308191815.808732,7.94014843405794,0.0776643838933745
1.60123555564474,2.56410213190509,1.60128140309725,0.0246038234845311,5.68825473665696,6.62400811027844,11.1269671328819,8.39126999647558,0.00366457897743581,15.0155183701876,276,1293.81416492754,866228.016517575,328187562.124574,7.97640014613949,0.0757885075868073
1.4811006768562,2.19376693315986,1.48113704064136,-0.0303844226409979,4.43272626750053,6.79481692353187,8.78763879774032,6.79465010219388,-0.00542146265796467,13.5153544834826,276,1269.29627907718,796032.492305836,280791902.100596,7.96440979965242,0.0885257822087384
1.38694777329772,1.92372713949821,1.38698490961445,-0.0552662738960812,4.08950569542161,5.05996508460491,7.10448453479202,5.4958681895348,0.00414961486280379,10.5559804291413,276,1625.31067742538,751805.797231084,246225663.839329,7.94828937352705,0.0948538939669449
1.39921811450812,1.95791575307409,1.39925542810242,-0.0116157085683678,4.25746025606633,7.42778997851323,9.62765788275665,7.42759190349689,0.00423658213027144,12.8756084173093,346,1282.92678795572,751530.072454219,250602003.849679,7.95655673124864,0.0884595660175745
1.43227828030752,2.05146942579734,1.43229516015287,0.0347471579339325,4.14929041602786,7.25634007831646,9.36582773840694,7.25625456109783,0.00893662589766701,12.8183984909225,346,1380.22874308397,772491.890093799,262592119.609463,7.99400812926845,0.0836575528084255
1.4639788160752,2.14330587102154,1.46400337124664,0.0361369872167943,4.09352283772395,6.17872134332327,7.9996442289545,6.1786177099814,0.00787778600583407,11.6203406964876,346,1530.03174728934,790680.100038549,274341880.526502,7.97022422184331,0.0795164631743795
1.43471477560607,2.05853447325687,1.43475937817352,0.109853652912733,4.61256190070409,6.72401472800834,8.77470121101716,6.72380569761268,-0.000820054916981419,13.0830120623141,276,1370.06833758969,777579.495397139,263476115.432678,7.94607371684949,0.0834361525538774
1.34477746321436,1.80847994946885,1.34479736372022,0.0759270547060286,4.43991445042111,7.17370981114411,9.27221326908992,7.17360365354895,-0.00771401952606343,13.9579902464816,278,1250.7542469323,727090.264345307,231486083.659871,7.95947676364288,0.0990571211978487
1.35816672336524,1.84423286793931,1.35802535614741,0.0188272121990388,3.66576343220574,5.72186883020907,7.6482689440335,5.99500153573984,-0.0223437926862441,11.7162463654684,276,1685.69892603108,728736.027193723,236174857.283271,7.89032769250015,0.105666098927238
1.51866254716384,2.3063930933682,1.51868136663627,0.0379645535908288,4.65967448519941,6.16845286567187,8.74295207301564,6.72490734121498,-0.00932675497215707,12.8934435428514,346,1399.17374404111,815632.36289127,295221886.946702,7.94476831001469,0.0880904240232805
1.57482009006534,2.48019807064204,1.57486446103849,0.0420442409519794,4.99119035570164,6.46664646373,8.52318215533464,6.48499710554396,0.00390612477785477,12.951826285785,346,1334.15574628277,853075.64587206,317448480.770462,7.94530766925377,0.0856958909119509
1.45925734007579,2.12956123032313,1.45930162417614,0.00312572890355446,4.41780838796698,6.97875863752934,9.04398898439916,6.9785468594824,0.00196260511257149,13.3309064572846,346,1211.65424522941,794496.53674683,272567168.933624,7.93949616206833,0.0929578563611461
1.50975970166281,2.27951452745736,1.50980612247313,-0.00129574380239566,5.0004986512933,6.49340933233055,8.97163376094314,6.82562618400124,0.00151623401336547,13.3192453848944,278,1247.56984431831,823115.520478131,291760187.841636,7.96048329954171,0.0811020738703888
1.51190950504292,2.28589758637089,1.51191851181566,0.0429917895743188,4.92959233632276,6.48417627090424,8.94901279042361,6.81608970442612,-0.0107533096016004,13.3003065802546,346,1367.39795207007,818441.777977706,292605900.002055,7.956865376815,0.0851583718876867
1.37577172531424,1.89282307865053,1.37579906914147,0.0228211615401034,3.38557334659505,4.4199066475054,6.39073428499683,5.02283766869316,0.00656223788018662,9.44284414642686,346,1482.99509732127,732816.370949294,242277232.2645,7.89544979515829,0.102773319032162
1.45646733887848,2.12097412471746,1.4563564552394,0.0378521297395562,5.61473802347009,7.67491594971731,10.0560402057517,7.67550030020862,0.0213435092027927,15.0271293789212,346,1268.99795267093,793587.288558066,271583544.379961,7.96671910722766,0.0868375904464423
1.49287900251847,2.22881701858322,1.49292230828775,0.0618777652695124,5.64401705664958,7.48772297724274,9.85862398992056,7.48750577799406,0.00316206277237699,14.660614222973,276,1452.00202444439,819709.035814801,285271350.495565,8.00505558055786,0.084146311396612
31.6977526053683,1004.8087593096,31.6987185751979,-0.0488058360181182,27.7136071729018,10.3908537486676,20.5972775411905,10.3905371033369,-0.0395154272694066,20.4703215625052,7396,27733.7864398879,16064211.0383251,128607881745.347,7.61034807372521,0.00299842207189617
31.231867522646,975.489450247171,31.2328264850809,0.168306625531698,28.9347042080175,11.1236946243778,22.4318155583044,11.1233530861156,0.0326618367937673,21.3622521950455,8310,28987.3975516513,15827662.1066907,124855058954.788,7.5770785236825,0.00298294019818412
32.9097446273315,1083.11455775152,32.910705822749,0.351315516069109,27.7059437801284,10.5565619182111,21.3745093021738,10.5562536015498,0.066545807589809,20.2731147900468,7380,24447.6691723905,16453997.5711413,138631048602.318,7.66213833844414,0.00232891613024341
32.4364769803194,1052.18432918398,32.4373909120937,0.399344058509137,32.7817565646997,10.5389966728346,21.7253815758827,10.5386997339115,0.0804439642537199,20.9190144803539,7220,22653.9172573971,16926884.3270377,134672750596.243,7.667329616697,0.00307631577352809
34.3675818015893,1181.19361687818,34.3684974486547,0.276974021987184,28.3104259280204,9.9468133937272,20.1018069361747,9.94654839027433,0.104338927547353,19.7435809001723,8382,29899.101088932,17532364.155177,151184798557.853,7.60833086399205,0.00314951072521458
31.7508700164749,1008.18059378877,31.7518596902412,-0.0517354307305637,27.5097773702917,10.3742210042574,20.4292198125604,10.373897650146,-0.0128180120278168,20.6675506300636,7384,31445.9175614282,16741481.2733169,129039080397.367,7.73975477771122,0.00583460474130933
30.3902339192093,923.623409609615,30.3911732187097,-0.0811777329509469,30.6486752284108,11.118969171101,22.0802754066097,11.1186255173002,-0.0251896356581677,22.1896816663898,7364,27655.2131639025,15648271.9386503,118216548284.051,7.71407000948113,0.00689847547046742
32.4060554179357,1050.21113351732,32.4069611891846,0.0849404444736179,29.0993516460816,10.719544414069,21.4827118091279,10.7192448038997,0.0832612085640236,21.1016022747098,7364,31401.3628427936,16443187.7507987,134416791383.939,7.61681490868528,0.00329919344744867
30.6216254354333,937.735286487558,30.6224637560004,0.00219344726801347,30.6895476428094,11.3442100279687,22.526948346183,11.3438994688753,0.08524245317875,22.2805070489747,7388,32829.1265222646,15937662.5806151,120024228831.914,7.57500934120518,0.00272921529702893
32.2996183504977,1043.32701036459,32.3005729107796,0.107271262653224,25.3648183962854,10.1504114237766,20.1491477191275,10.3433545379736,0.0595244602563375,20.4940716420005,7400,30508.1410348572,16159113.5906188,133537558627.737,7.61426711389447,0.002513519845481
31.030451098441,962.947986827408,31.0314032365185,0.0554738815617578,26.1351366347675,10.9913226726427,21.4012425453133,10.9909854253465,0.033057442554437,21.8460306622679,8402,27741.8286613709,15842192.9864562,123249535631.189,7.68501254636877,0.0024084088710883
30.6933989018844,942.1436200938,30.6943581150315,-0.106997421332652,31.3299397251755,11.3605733894946,22.6120618914769,11.3602183662258,0.000180714357200543,22.5001278958895,7360,24302.1833616673,15442868.9778185,120586681314.388,7.61911796388096,0.00231312288416817
32.025118264194,1025.67197303573,32.0261139234177,0.0112389583190701,30.2376546514024,10.8881599724724,21.9696003007989,10.8878214706819,0.0182015987723446,21.5644918202875,6932,25615.9235628656,16226886.6016593,131277845452.805,7.53117751860372,0.00214494173465396
30.4530863732217,927.447343962693,30.454020160936,0.198665268625294,30.0807523167386,11.2359318242008,22.7153354592163,11.2355873056433,0.0330325779179426,22.2246711993159,7288,24714.231320646,15846988.0257081,118704996417.127,7.6549371096193,0.00225982217314661
33.3165177459848,1110.0591460029,33.3175501200628,0.130821711439296,24.520798884472,10.2006847235081,20.2443622253199,10.200368646172,0.024236589008481,20.2449826262664,7158,26760.7916974983,16843679.778318,142077328490.115,7.66844947424844,0.0033763019929021
31.7981789638468,1011.18687311094,31.7991646605841,0.0105789701070234,26.8018741076463,10.687759635492,21.0442889261473,10.6874283409466,-0.0226160442433809,20.750343369057,7152,29951.4540129182,16244044.6788156,129423910689.054,7.67656080478177,0.00315854988082444
31.17306149741,971.816721023855,31.173975059717,0.0360236169465942,28.7715825974719,10.9311868303629,21.7033885520601,10.9308664887882,-0.0614869296090681,20.8371692077434,8386,25039.8605632463,15599794.1829129,124385509831.781,7.60224212555713,0.00255767819631582
31.7725519278236,1009.55558531171,31.7735044543674,0.0840489992662629,26.9723543275879,10.7249351602813,21.1888200447391,10.72461364128,-0.0506746349161566,20.4440096162404,7338,24393.5328150215,15874753.3825283,129215692121.039,7.60393315433571,0.00251238044116133
29.5522527721538,873.385106966899,29.553089634874,-0.114394685923736,32.7092184463296,10.5300999098591,23.5650049860024,11.8262183166542,-0.0715787088213484,22.3566531221744,7152,21989.2885160269,15381756.4692315,111787606003.197,7.65337274288789,0.00339859633334614
32.1564715091963,1034.10262820457,32.157466134703,0.0600792359005813,28.2089919566453,10.2307161057396,21.6493827392972,10.8684337406952,-0.0257513386755436,21.099486015825,7156,27974.115126018,16388149.3690697,132356000523.288,7.60982515589126,0.00365918447206863
30.542601323404,932.908796997591,30.543555735991,0.232526863683322,25.2311363434886,10.7713068539712,20.9342719910866,10.7709702765626,0.00232435316961556,20.2734875902858,7156,28882.4266393484,15590960.9106657,119404703044.32,7.63657418828578,0.00341062484366815
31.8170685377385,1012.38492437071,31.8179968629503,-0.0347064023671977,25.4972881901078,10.8001096548716,21.1384664976498,10.7997945497402,-0.0648075783073664,20.8792819771559,7314,28692.4467540259,16092790.9237209,129578188394.596,7.60629668028797,0.0026665768359566
32.744553889237,1072.27228722431,32.7455689708441,0.0904118035590782,27.0131208427577,10.4941979135373,20.6516160388154,10.4938726033467,-0.0232206543984595,20.2878789533393,7324,33725.6563661455,16562754.3238137,137242335399.067,7.59456284460726,0.00326551903847176
30.4778540510762,928.956818103627,30.4787929239927,0.0892696660862126,30.6853589839868,11.3080053536453,22.4790733974579,11.3076570202978,-0.0287968089245046,22.0109472623646,7210,28952.974252939,15650399.0321906,118898386042.04,7.55956079654066,0.00377192719199614
31.8926435944172,1017.20126709409,31.8935928846859,-0.082622601834018,27.6194948088966,10.8063709349424,21.2875385502335,10.8060492909431,-0.0549856856285045,21.0345196440759,7258,25852.1016946485,16088898.8931432,130194043698.247,7.55556352259602,0.00298537836792613
31.454000240013,989.414003395053,31.4549519693649,0.0170180657188615,27.4676664745248,10.3421045021856,20.5088583719389,10.3417915821587,-0.0443404882362388,20.6003435980229,7386,29041.9277070477,16007530.0212343,126637577836.954,7.58900967816854,0.0024647242163632
31.8195983232627,1012.5465390112,31.8205364350007,0.000299531066125143,26.4851439840965,9.49706389190757,20.8688796869472,10.4757389762802,-0.0598548349310385,19.9731117160116,7386,33982.1876104119,15965693.9830294,129598771103.488,7.60880769831795,0.0022972853792339
31.6666004556832,1002.83546965057,31.6675775778725,0.0335852225446311,26.4630275598763,10.1408568591739,20.7932285191691,10.5263382700672,-0.0281422486643827,20.6675199357738,7336,23389.4844668997,15960663.1171893,128354181320.379,7.62355594084803,0.00195624714701218
30.7362457313057,944.775602109755,30.7372022492249,0.0788892562130729,30.1276029172936,10.4478102252631,21.1905623435211,10.5592289587997,-0.0157486691990036,21.0073677893128,6928,25058.4958635635,15484729.5789865,120923267734.935,7.54445273330682,0.00189256649985096
31.2671650707966,977.696715458439,31.2681421811153,0.0795922895701828,27.1773174008224,10.2589324262254,20.2013966148433,10.2586118408618,-0.00146653285967209,20.0384614691248,8384,29484.2602133018,15830379.7812922,125137114923.749,7.56495811622296,0.00185987998963362
29.083904603907,845.924683395477,29.0847843965789,0.0289692243121346,27.6905338188949,9.91436842623621,20.7602146965179,10.7095325899005,-0.0411570941608238,20.6242249811757,7302,26093.1849333,15069494.4491504,108271483410.143,7.60785787396198,0.00271396055883865
8.15905118696278,66.5719572242518,8.15916400277944,0.045787590971255,3.0502682503548,4.07246936427521,5.10539584396978,4.07241305471249,0.0481642455915558,7.88654859992214,6456,6777.59524789191,3594078.1186887,8521266597.27554,7.68300195647013,0.0107691592326926
8.28669703657741,68.6733589069854,8.28693905534398,0.0191221222455871,3.08270270102564,4.35756160512735,5.47770946915706,4.35743434321823,0.0167616815128843,8.25135271272167,6656,7324.89536306403,3656818.64955886,8789712318.56247,7.63753497245241,0.0107687118490753
8.50554692155568,72.3486904447697,8.50580333917789,0.00487443215792228,3.00790429490383,4.24544043703985,5.32993625542017,4.24531245315653,0.0126405367152392,8.0390433093701,6556,6289.06791849666,3688700.11325708,9260089036.74261,7.62451142817914,0.0103951260524847
8.4490834727937,71.3902792640723,8.44927684858724,0.0263366236654721,2.95820224050803,3.65124792628572,4.71270072684609,3.75796121522406,0.0345566002017119,7.40929515068869,6666,7372.69853961705,3641221.60908249,9137682926.7585,7.63495376953667,0.00977565906014827
8.40579346720847,70.6587570510484,8.40587634045662,0.0206769508265451,3.02007104509906,3.57752807220735,4.8914617232529,3.89251737546762,0.054981220719085,7.47008382424937,6698,6524.04566065301,3669126.92213215,9044527838.11648,7.62667015817614,0.00909383155724224
8.31251345603295,69.0985351161823,8.31255286396317,0.00232686131983557,2.98316817248287,3.62669609754527,4.93020498720117,3.9362179401118,0.0605268452114453,7.56293269846319,6476,6900.59415152209,3591158.23780738,8844997151.73781,7.64301861271023,0.00882571482714382
8.29855889148134,68.8685197339601,8.29870590718578,0.00667702903668879,3.00003310969141,4.18654686286455,5.24086286722022,4.18647269610372,0.0431766592885206,8.02939904548815,6474,6571.18190965178,3570217.55048543,8815096528.2578,7.64983665821188,0.00936067545991077
8.47359049168364,71.806008365393,8.47384259739305,0.0228299531296578,3.06415245112314,4.10006899997416,5.14291756509741,4.09994701861895,0.014674156920073,7.86354272224785,6580,6840.34109283015,3695175.43824424,9190647153.74702,7.66061026498212,0.00983982425405975
8.55870942145316,73.2552849159823,8.55893012683141,0.0232670167491623,3.08606386842979,4.42190752878564,5.56515058958802,4.42179350299512,0.0282931121673714,8.34117558010474,7152,7133.0867181962,3749120.041613,9376290588.73551,7.66347820541086,0.00930423114418619
8.33298395889094,69.4404962862767,8.33309644047617,0.00752341501265207,3.07513787687863,4.54168900529713,5.71609303037811,4.54162770078894,0.0496528335026399,8.56712293886846,6446,7003.63106286817,3625142.58464233,8888457362.74146,7.66216543036602,0.00877166244974974
8.15810427190371,66.5579090450093,8.15830307386342,-0.000297275185157361,3.02988156111297,3.71269404477416,4.67108308992211,3.71260357364981,0.0302677313226517,7.24321029874258,6948,5823.73248293619,3545336.4585448,8519114307.48744,7.67001389618544,0.0085315750290634
8.2980965492954,68.8626367315349,8.29835144661486,-0.0143557541644342,3.09795199117076,3.66620948652547,4.73571011034014,3.75240231512634,-0.0085746538775697,7.41872706631352,6408,6108.32341285606,3608267.84309689,8813884811.53494,7.6239581005905,0.0081129364735985
8.21155550221755,67.4337493287298,8.21180548531989,-0.0124702517935071,3.10174855959746,3.84817936796932,4.85200072772315,3.84806222201178,0.0104425381282165,7.6402444854249,6666,7055.58264714324,3582307.3025308,8631003547.50973,7.65534876535447,0.00881392718506707
8.14822767448778,66.3957960573788,8.14836155661853,0.0197322971846206,3.1333177974916,4.20880239804986,5.31040826957083,4.2087332450761,0.0443611898320266,8.22111599869037,6868,6931.76823926196,3586684.88811069,8498634332.84824,7.64013621775106,0.00960861616588411
8.31880019414517,69.2063521108526,8.31903552768304,0.0218001911769155,3.11555068675596,4.12250317063475,5.19264604291732,4.12238655095537,0.0202473767194628,8.22082424942012,6868,6921.59831457336,3613004.32608741,8857964082.69954,7.65637259837898,0.00908434275778622
8.30492385223856,68.9749730527284,8.30511728109413,-0.0103987080592539,3.06350987463967,3.87744743471871,5.15743944104625,4.10507317741062,-0.0331372082175003,7.9826162228322,6376,6768.27133232205,3607647.04035621,8828525259.86768,7.67380736534469,0.00834758495634358
8.19156981488309,67.1006697912415,8.19149984992013,-0.0107022159403348,3.06853769467174,3.80605765753426,5.10748859384934,4.06725513038869,-0.0730755275344531,7.87327804911696,7390,7190.53451278201,3564562.31938025,8589715359.83846,7.64330765335059,0.00805606273388088
8.23779145583121,67.8584907798298,8.23762652587684,0.0178039046914744,3.04285127240537,3.7847021484251,5.11070692302482,4.07645623692114,-0.0834172980243944,7.86107677005594,6414,6320.49261781218,3583859.50664378,8687124824.24699,7.65933220130064,0.00835192461474733
8.3053434863539,68.9802583084965,8.30543546772211,0.0236490912388647,3.09811491921985,4.22837862379887,5.3154889347275,4.22833179518252,-0.0527577858616747,8.2715977975768,6710,7371.55266221715,3637776.16095013,8829631162.69679,7.63710631958538,0.00858386532067933
8.34874639798437,69.7056933217574,8.34899355142627,0.0307048240398394,3.14450659500812,4.20639640814633,5.30623123742187,4.20627188710749,0.015155920695625,7.97297086680455,6682,6923.06826016139,3658347.79557946,8921828246.24411,7.61185893817699,0.00841806849671438
8.37450435068527,70.1341998509044,8.37461640022421,0.0400277077927568,3.12554695623722,4.16967202679978,5.25386560377918,4.16961623799635,0.0500665180814374,7.96918790646751,6374,8256.15697671594,3649613.81374835,8977256552.76264,7.61350778183305,0.00852961177022494
8.27391768343885,68.4587142316261,8.27397813821297,0.0265271971154205,3.10485080982745,4.18009005875952,5.26098530157962,4.18005951645011,0.0572561816346111,8.0257969514525,6784,6870.78975197155,3624377.03139464,8762998491.36092,7.66582986980515,0.00824584858839265
8.28280138441731,68.6085903217979,8.28303026203562,0.00824046938976919,3.07784132516633,4.13019797696858,5.19156962733662,4.13008385087629,0.022282028689082,7.95201221762867,6424,6091.30216908443,3577700.00592813,8781472808.04662,7.64627901219095,0.0088610037208003
8.30736113965487,69.0147049639411,8.30750895057845,0.00493163272629977,3.03919819765726,4.11798752292767,5.16482959600688,4.11791425384753,-0.043099417248418,7.92850301050165,6424,6631.6794062999,3585514.41452853,8833805527.25012,7.63674939029779,0.00928830772235503
8.12928732926059,66.0816130251211,8.12905978727682,0.0258574399299423,3.08263703500341,4.31048563831212,5.40507081423093,4.31060629389576,-0.0884847860916338,8.09365995293451,6674,7245.92607180716,3582273.8305543,8459916892.82716,7.6872066845629,0.0104721892280747
8.17947142774246,66.8996808047105,8.17922250612554,0.0184267646840092,3.10301918444209,4.28403920620599,5.36992267560044,4.28416958411971,-0.0908474688429035,8.19384353129945,6466,6707.62416207393,3594904.17123666,8564728301.86949,7.6489168725064,0.0101345114743077
8.16545126050933,66.6686826492456,8.1650892615602,-0.00907623084076976,3.00850320235793,3.8324469419952,4.90235124796286,3.9166911396453,-0.100391389936236,7.74896444297297,6696,6972.30791713414,3539448.86164533,8535637067.38748,7.63224525138943,0.00954977566663215
8.0587029417313,64.9398489793116,8.05852647692564,0.00280995346323419,3.01675408189535,4.02618444859361,5.06427564446904,4.04579013461175,-0.083083478010503,8.0718859908382,6676,6425.11648695319,3497633.93663524,8313548283.72631,7.67454695072086,0.0101821995899828
8.18397293223774,66.9803608831907,8.18415303395475,-0.000420115041691493,3.07487366454457,3.96455666807326,5.23667308740705,4.17463714651254,-0.0351901259507389,8.13928568430778,6420,7615.41697858546,3549431.85075798,8573266424.03235,7.67003137821862,0.00979322663521853
8.26360401766903,68.2906388469334,8.2638150298112,0.0102275957446699,3.09993138033131,3.89542751706264,5.20038090750832,4.13439424104237,-0.0279406304541811,8.02992733036906,6406,5839.983431457,3586872.00609604,8740855127.75603,7.67245712555573,0.0102777399174357
8.31404593795664,69.1276794856823,8.31430571278698,0.0173740139816534,3.10670853817872,4.05594961547161,5.10444983783748,4.05582289008291,0.000923438798527304,7.79415314480276,6764,7018.21631661603,3601516.76246648,8847788626.14629,7.65573009622989,0.0104652351164414
16.0943072011812,259.042875944644,16.0948089750902,0.279096549278076,43.6094457060815,11.1617307724198,26.2334463167286,11.1613827928141,0.0062065366201184,21.9763244286198,1492,14703.5985999355,8975972.9277346,33155376841.3898,7.72103304791999,0.0096313589884172
15.4274739268545,238.021795477067,15.4279549998393,0.0301152436681213,39.3132512075579,11.3963911935666,25.5039564421836,11.4545380534048,0.00571392391959984,22.851286432395,9100,11290.8895068555,9098088.22566174,30464864474.3625,7.8439571803388,0.00985517385968178
15.8356946391357,250.784554564336,15.8361786604072,0.0636631636522992,38.7704170835562,10.9561911727269,25.2628486574398,11.1592639500653,0.0185519345281598,22.1157962079956,8682,12369.9135054677,9218594.15804391,32098385278.6256,7.83464214456714,0.00978098226516025
15.3554597467026,235.804299253947,15.3559206579725,0.217365495373294,40.4631827865414,11.1281156381104,25.8493765637435,11.3608113923943,0.0241360179110152,22.4892680379439,8318,11042.1678819166,8771842.91611798,30181179159.4247,7.81494003406257,0.0132222689345001
15.2328006823098,232.049122156257,15.2331586401592,-0.50973414153554,39.3189838571592,11.7830548585378,26.9051908729727,11.7827779732852,-0.0599795036182418,23.3400126901247,8644,11609.6628786205,8555693.53076847,29701141794.4397,7.81869755680861,0.0130284501037495
14.9841588255063,224.535038525096,14.9844932688795,-0.542590283075199,42.5501389870663,11.978578722971,28.1487337297465,11.9783113695008,-0.063329478209134,23.7273086445169,8200,11492.4358526553,8356237.90533894,28739522129.0001,7.71837474785338,0.0105374586577961
15.2952687922618,233.959756096893,15.2957430710931,-0.156828188854766,35.7407365066803,10.9931784381967,24.8028540070355,10.9931537625898,-0.0106684301013291,21.9866730787527,8656,12273.8131970593,8217516.92803408,29944997853.9713,7.66565041191651,0.00633914956426206
15.5904190017297,243.075379244105,15.5908748710297,-0.390587204195399,39.1972824304434,11.5133825798219,26.3754368214061,11.5130459343354,-0.0312668609483871,22.8083001450232,8656,13648.1023906753,8296310.99073944,31111700353.1185,7.62325451557638,0.00519662287189131
17.0279857139137,289.970419237779,17.0285178226932,0.134622649085715,39.8582618199692,10.541379442195,25.0633212850313,10.541050044146,-0.0011775710353198,20.8827375094383,8652,13702.2569186425,9101785.9391757,37113888182.593,7.64826556547546,0.00592882896330061
16.8127885161474,282.68707927122,16.8133006655808,0.340768772184723,38.9995504902964,10.4581941280722,24.9185142192754,10.6554817394113,0.0211272320274124,21.1140004536716,9066,15049.8468607164,8962221.24447685,36181738473.7817,7.59950204367393,0.00600663526203445
14.0226756365381,196.64742484794,14.0231032531298,-0.223032116493728,49.7574401638332,12.5499333833364,28.6632261143672,12.7756185622711,-0.0172517729919701,25.3259415336297,1906,11703.3899746346,7749433.08716186,25169270385.3965,7.64792425592732,0.00611959873009829
15.4553871448342,238.883820222982,15.455866854466,-0.215524518443902,41.9672771464878,11.3865568973151,25.5754227754216,11.3862034884077,-0.0100902174261556,22.550272987465,1906,13335.0340355507,8460897.82594412,30575207650.6898,7.73410720928103,0.00510629371204865
16.0504638135407,257.633411551797,16.0509629478046,-0.20613706832377,38.7732293104894,10.903634473348,25.148067169182,11.0231688752861,-0.00889753919824852,21.9271461450384,8666,13137.9712686609,8703458.79733036,32975003088.3399,7.67906239012193,0.00463296396471917
16.3809375468393,268.351401120176,16.381434647801,0.0818459686138671,38.0874166320311,10.9785769942905,25.3063404346254,10.9782438451312,0.0220398694283577,21.7796971791818,8160,13817.2831779932,8522737.9018546,34346614922.7864,7.56616551957509,0.00562048719135218
16.4983762739386,272.211384000161,16.498829776689,0.345250457957949,37.8730016139958,10.9004292974407,25.1031858890008,10.9001296777261,0.0452646418159533,21.6181564188869,8160,13029.3479787605,8705553.38785723,34841307788.964,7.61951535617253,0.00536013486279531
14.7859379396627,218.637577778296,14.7863984045573,0.249010237239453,44.0126239244769,11.9416211260348,27.2710479132323,11.9412492506691,0.00691562521165764,23.387284972888,1492,11076.8485990636,8182910.60138035,27983654211.4059,7.74511103740232,0.00479704533961108
16.1119301948087,259.609545712039,16.1124034740953,-0.124730474653638,40.8758876166403,10.9588402341394,25.7712116180656,11.0164842771152,-0.0312167736245836,21.975648114557,9112,13425.2489383522,8945781.94163647,33228104496.4285,7.69763697080618,0.00597165169101289
15.9188130085825,253.420891328417,15.9191988280949,-0.287336885991614,42.8768519019875,10.9038543914701,26.1171073591749,11.1501867308576,-0.0596244874811622,22.0543113660704,1492,12776.4790657354,8993600.86183747,32436755843.7545,7.79656823100635,0.00616088020874573
15.1001341801006,228.026760075036,15.100554959174,-0.292997603464447,43.320242363645,11.8857334164528,26.9720040690287,11.8854022188308,-0.0392919140745694,23.7528300646925,9108,15949.9970553257,8558484.81553443,29185989162.9075,7.77553165312597,0.0108763159557403
15.655622495505,245.112582031234,15.6560717305215,-0.17223012409245,40.5507777531224,11.4640072260859,26.5731083767567,11.4636782780865,-0.0354009449718609,22.9100389484331,9108,14327.826342191,8731253.31191415,31372759673.4892,7.74313576018189,0.0103689685812695
14.7789920736161,218.432146840395,14.7794501535204,0.080295099790167,46.007568062516,12.1098020687337,28.2264300962283,12.1094267329183,-0.0105773715713885,24.2188690319462,8672,10848.4277895335,8171987.08008736,27957492584.0995,7.73359101660197,0.00568656276944596
15.3155299858072,234.579957945023,15.316003328056,0.114542794652713,42.4325690856766,11.6855681098026,26.4619059166367,11.6852069664306,0.0127298274478002,23.3704268665055,8666,10501.3522779516,8731369.03066676,30024381403.4612,7.83847423970622,0.00801738439807373
14.8584617616599,220.787666424555,14.8589254801468,-0.0316953576074857,40.7544871941568,12.0094934134533,26.54867359368,12.0091186202611,-0.00432750590623714,23.8476125787214,9116,12094.8615386498,8118515.12530101,28259059791.4404,7.74183144819516,0.00752732460577568
15.042538557511,226.291885765765,15.0430012220223,-0.175617228693107,37.7672908372394,11.2366043133863,26.3554685807178,11.9104622505896,-0.0149576502993646,23.1474328949761,1906,12522.2211396198,8052314.48662571,28963608192.555,7.69827029707471,0.00604571471202422
15.8620921887187,251.620965373228,15.8625649052487,-0.288719169972274,39.7781362565967,11.0496743812052,25.8863071698847,11.2950899971533,-0.0270100077481216,22.3451009906846,8656,13448.1015392203,8910590.99947687,32205362601.9617,7.7454713172971,0.0100710137857033
15.3936453743281,236.978908803942,15.394119292897,-0.00950123978985161,44.7993682779544,11.3859290264213,26.6571865139561,11.4215984093783,0.0148421168388515,22.8078790684013,8676,12383.645368798,8970282.06243747,30331459990.6494,7.84771121816317,0.0105216628692126
16.3702031880216,267.998735208023,16.370666913966,0.342367795911752,39.3003958828478,10.7681649710868,24.861768221643,10.8349387763035,0.0395869933204909,21.6034106734656,8706,13196.5290003052,9469832.77199526,34301622724.0775,7.86046476314289,0.0091825926716671
15.8137952551738,250.091750991329,15.8142894557843,0.20686874814255,41.3067128212108,11.147042546991,25.4901824431829,11.2161329938982,0.000340097048995275,22.3635260588821,9114,14043.7134969126,9011718.08724498,32009681021.8289,7.8344791030232,0.00869943422460486
16.7813499661547,281.627023168982,16.7817467258025,-0.415834570041268,38.2617483383659,10.5099310518778,24.8421292083603,10.7240160895747,-0.0654614888891488,21.2342006882085,8682,14336.7092660209,9325429.14698047,36046980327.821,7.71986880078852,0.00729966923923671
17.3451469445974,300.869296299302,17.3455843458588,-0.264905557413054,35.660612904781,10.1683099984721,24.0579168139338,10.3754199518588,-0.0602541400445907,20.5439915924945,8710,13878.054994055,9391851.68284415,38509470692.2009,7.74440405189782,0.00710301551290895
14.3561855229119,206.112761808154,14.3566278007112,0.0783076996914009,41.9731665488045,11.5288575465862,25.6137315933418,11.544833270986,-0.0135280347724584,23.0740464847126,8720,11448.8979209759,7688855.16715049,26380812984.6765,7.66835020947461,0.00609913066082808
5.73914122060613,32.9380283164774,5.73916616909437,0.0119991398643402,3.12930974391804,4.04335852056643,5.09687038475779,4.0433409438524,-0.0420982226797247,7.71819123049474,6618,5237.15296501572,2605815.7157534,4216257494.70774,7.65751090084225,0.0154961779760006
5.73917025976415,32.939164313986,5.73926513710475,0.00905126140673388,3.07936668867471,4.04333806190748,5.0815460111281,4.04327122039496,-0.0311392733522772,7.78454120777083,2654,4612.80942277247,2603823.28443176,4216197705.66297,7.71091689360091,0.014839551440888
5.69926500546818,32.4836491901965,5.6994428841946,0.0255868245583409,3.04578968067748,3.81731876196062,4.799515770046,3.81719962403548,0.00162494066071095,7.58471715629292,2648,4295.7726057529,2602936.68545117,4157647372.90194,7.72297873297979,0.0146543533578444
5.68058272537383,32.269696138746,5.68064222942671,0.0300942325921445,3.10168077202741,3.82987314621451,4.82872316973644,3.82983302874804,0.0366171691726189,7.31061847304278,6636,5034.52372706437,2613119.71193236,4130606165.81083,7.71028925784698,0.0136052541245625
5.7317528075476,32.8514790648237,5.73162098056246,0.0364458819697247,3.0285158170464,3.81165266541696,4.78882862700382,3.81174033323048,0.0597025916319452,7.49980686509589,7288,5623.27843819131,2634304.45036459,4205638992.38113,7.68907732209435,0.0143399397507344
5.77593319391153,33.3581648089173,5.77565276041741,0.007117061308854,3.01036638875089,3.78249715378106,4.74589219162197,3.78268081075237,0.07296805405346,7.56085491936766,2652,4944.07563272231,2635314.45671124,4270940892.85709,7.71390463334125,0.0153968648910061
5.73704986400036,32.9121566846548,5.73691177243078,-0.00871649258796978,3.02167678902987,3.68327192535446,4.76453443722319,3.80405746199549,0.060344570299078,7.48723782317007,7200,4521.88115173068,2594608.96889249,4213424258.08857,7.69512561416295,0.0145539736569741
5.76245575883285,33.2078138323196,5.76262213166191,0.000868392367612579,3.11281129622511,3.73227786022405,4.72632876225058,3.75135006554734,0.012570940727496,7.48373623423384,7200,5375.73667226556,2649748.03408921,4250374939.16841,7.70675440832663,0.0144582323644828
5.80391350014403,33.6861877312942,5.80398033519189,0.0121076495070584,3.2226210963019,4.27606871467033,5.41790911683555,4.28409732502994,-0.0364633047480597,8.56021537328351,1326,4898.68843749076,2700376.65816821,4311901475.95694,7.66816272166457,0.014715843654996
5.87845277047257,34.5570519675842,5.87852464208361,0.0417131706608279,3.12268489086491,4.22184780751816,5.3125125150885,4.22977160808647,-0.0362604859374883,8.45167112997773,1326,5058.67774698015,2692121.4811527,4423362534.14648,7.63188608564916,0.0156640431271486
5.79179358681968,33.5468571117918,5.79196487487552,0.0186213289046319,3.04651911264,3.93166607491286,4.92917646034266,3.93154980220528,-0.01060750221128,7.78799662435714,2648,5437.24044256627,2670605.72103981,4293758128.55617,7.65581344815242,0.0172573762416295
5.72304455552337,32.7552673932968,5.72322176691562,-0.00489148430959961,3.1049396272573,4.65746743289702,5.85049653864181,4.65732322106638,-0.00433536860703158,8.69310352320205,2652,4750.25828837424,2649410.17797938,4192416854.51424,7.70809485437147,0.0161139222124964
5.87377049387809,34.5028770957747,5.87391497178625,0.0137383822613409,3.1135238103104,4.53795286386311,5.71105138034686,4.53784124598299,-0.0214277576194094,8.74377372803974,2654,6211.41489477931,2697447.08775395,4416209729.13315,7.67032045852506,0.0154045654357427
5.80697204486518,33.7224892429867,5.80710678763416,0.00517650673242843,3.11183305355966,4.24786546356312,5.34739250774435,4.25410232633282,-0.0232968331894538,8.50206650046704,2648,5276.64631153787,2639969.74888076,4316347467.35673,7.65397917644517,0.0152322817195816
5.7122036616241,32.6306923504498,5.71232810248587,0.023332571781277,3.10807007846646,4.31833972639657,5.41312837536093,4.31824565303326,-0.0248543697149725,8.22945700198589,2654,5687.36989692713,2583990.93420069,4176624188.53704,7.68483355360912,0.0156103515369496
5.69251324849457,32.406402232804,5.69266213935133,0.0286283890355909,3.03993439960608,4.24780040794937,5.31844295889654,4.24768930726807,-0.0181728264658758,8.15333655455686,2652,5757.04699261649,2574994.33588683,4147843930.55723,7.67245429469802,0.0164949944125032
5.65526796248806,31.9836034526985,5.65540480007386,-0.00893558153099874,3.02853613685092,4.19127364379232,5.25630348042424,4.19117223217155,0.0212426472257318,7.87075896631313,2652,4552.07668612605,2582210.05637756,4093760273.51959,7.69536515801378,0.0153904485261883
5.80388013157867,33.6856196065812,5.8039313923048,-0.023511284710604,3.05257088330813,3.81473998011496,4.7930076525718,3.81470628806587,0.0388629177737058,7.43430743069571,6620,4370.6271240488,2625927.9192058,4311872564.1524,7.66993613609005,0.0145536206319054
5.81552024875446,33.8222142810362,5.81568691394544,-0.0121655814286441,3.05861540853705,3.97415230053309,4.99725364884559,3.97403840979895,0.0132427727270749,7.58647496690739,7466,4958.59785751225,2651206.94926533,4329015952.11365,7.65918492202512,0.0146596147821886
5.66741276670354,32.1215461680131,5.6675873321911,0.00579681547093213,3.11426052603541,4.07800951276526,5.14381692177976,4.07788390733967,-0.00537557594279862,7.88547910884582,7280,5535.56385928141,2617534.96104215,4111308023.32107,7.67179897345085,0.0152558995685872
5.70608870972893,32.5613096710762,5.70625180578952,0.00742185383547143,3.09544420192031,3.78376435302519,4.868202234681,3.85505769638375,-0.0131823394804266,7.63893223779815,7302,4217.06357810628,2629204.65642672,4167629039.6365,7.70263158553399,0.0153576076975445
5.82662542565543,33.9516849244644,5.82680743842324,-0.00833605185475148,3.05445690140856,3.88631675378585,5.19506422447446,4.11990861147647,0.00095222775326507,8.00635406342201,7294,5309.6482376738,2665085.5417908,4345542308.26776,7.69075633963631,0.0144801739863906
5.8740009119836,34.5042894607692,5.87403519403563,-0.00593333581330348,3.06104328440763,3.85497250495192,5.14896893076705,4.08678418667804,0.0418780527982416,7.94178054306448,2652,6098.19026754269,2671895.62969475,4416721942.18629,7.64070527634883,0.0142425252190053
5.81159569292201,33.7743864377553,5.81157349069555,0.0192270037358615,3.06053292526842,3.78391393323748,4.9024472413072,3.89250949821651,0.0486719568832452,7.67640856077441,2652,4976.33224286641,2649296.714017,4323457078.56686,7.65856992143123,0.0144203856699833
5.77018221559794,33.2964032874617,5.77030356978398,0.000568617000637311,3.08547703092875,3.81107166032741,5.09279748711363,4.04215884147281,0.026087141402331,7.8533155134823,6704,5408.77289941014,2665067.3716648,4261847356.97142,7.66402987328867,0.0149821582013844
5.81287401991826,33.7911469152801,5.81301530320368,-0.00634368073846688,3.09827258396871,3.97798722029967,5.04399471178424,4.01245865974752,0.021665706608465,7.99054340380911,2648,6541.34738271802,2666483.46015575,4325115980.70823,7.65678188224414,0.0150639740614388
5.88566353657576,34.6415309472604,5.88570564565205,0.0351741353944652,3.08022455360687,3.92879042791833,4.93548509618649,3.92876231952389,0.0408584654788388,7.82246030821016,2654,5676.51734553056,2691225.75337408,4434266140.1513,7.63511973057327,0.0133424963978033
5.86447537736086,34.3925486801861,5.86451606530207,0.0252569183106072,3.10002410792392,3.88136104290952,4.8853025442281,3.88133411407376,0.0408938354532774,7.58041851672196,1326,4816.43378963513,2697917.86453821,4402398319.52998,7.65338743374313,0.0144641996625463
5.78083390983797,33.4199219619601,5.78099662359009,0.0173782902799946,3.10030372531601,4.00306630942214,5.03175467648017,4.00295363785673,0.0144040374589837,7.63429928611331,1326,5638.70506364802,2650007.66528696,4277534348.61501,7.67586128057742,0.0161250001025396
5.85155716749993,34.2428307372885,5.85173741185372,0.045723802876892,3.01411502692698,3.9546843348579,4.96549615728369,3.95456252325355,-0.0055429371644295,7.85473442807423,2648,5341.36816575198,2657421.69177142,4382816148.50955,7.60643460697991,0.0142509864673091
5.83635982433095,34.0650263273177,5.83652519289669,0.00596193733494268,2.98581103262756,3.79889096672852,4.9131251937943,3.91009467488352,-0.014097371814527,7.70909643100264,6708,4636.93569314803,2657390.82769924,4360101708.16777,7.64749202553032,0.0149790254342019
1.63982356714837,2.68916956441878,1.63986876438902,-0.0411010263726499,4.21398843305242,5.20985826457239,7.40384665711287,5.70177104155009,-0.00445421757507045,10.9117864598084,276,2557.07113498176,893014.996292461,344197220.924952,7.8097550846506,0.121821375705087
1.73252096305607,3.00177139188829,1.73256208889849,-0.104194829465209,4.59595269225981,5.06210611970764,6.88224888388361,5.24897881703704,-0.00671611885102171,10.3112095347613,276,2639.4888878674,942133.19459003,384214267.44408,7.7633262887538,0.123543990432885
1.67216676062609,2.79630791527211,1.67221646782709,-0.0308413751816244,4.42527849631229,5.24481479725393,7.09399956076952,5.43839979978594,-0.00292049916200089,10.6833762601218,276,2340.88044831919,904250.911432921,357904808.329123,7.7478573840956,0.130384148068797
1.61628817435714,2.61221646827059,1.61623527627341,0.00990579138018667,3.96018036111532,5.01537872281476,7.02655405026196,5.43725380457225,-0.0182827193107812,10.452454576257,276,2138.1833617373,875886.470380316,334427496.224538,7.85137901059361,0.119692013505636
1.60359497571194,2.57162746720572,1.60362946692985,-0.0712852573683581,4.35330064831092,5.52774736336982,7.9582637895241,6.13579133943144,-0.00707853371589191,11.6636706755995,346,2611.80814630054,874637.613184615,329159577.494137,7.77808047120037,0.127323411082763
1.59180176057421,2.5339886458445,1.59185069835224,-0.0877186027988417,4.03778669937033,5.5687009013655,7.96062216402726,6.18119262379969,0.00160418608796554,11.7500835575173,346,2758.2395378395,863111.519900799,324330604.071559,7.74676662652689,0.138097821691896
1.54449139327225,2.38541392288642,1.54447852781656,-0.0453329345646217,3.70566264732775,4.74723622332035,7.10286024102581,5.51578404489125,0.0137415201416114,10.2629743222934,276,2419.49542375109,839313.352316168,305362230.813809,7.82694212000399,0.12448467137703
1.53339581090785,2.35099158675014,1.53329435750287,-0.00271580179976251,3.73533916615665,4.68815566340867,6.31289720015258,4.89445769292292,0.02140240953209,9.58228952644047,276,2161.38809567437,837163.188926974,301025319.69669,7.88868497000558,0.115981477829062
1.56117507242038,2.43728831565482,1.56118170488089,0.0314090678547134,3.81904525199536,4.67710895841627,6.88388711895548,5.33177847052261,0.0114726462375831,10.0089100803447,346,2075.38423637125,846388.850251072,311987016.459572,7.85524476146578,0.11009058005041
1.6331706326081,2.66707991369594,1.63311968749873,-0.00403782224095397,4.03548805543302,5.35708708646333,6.95257159812215,5.35725420060055,0.0182508633281348,10.4968481254053,346,2610.75356888046,883262.792012758,341450156.094133,7.82405729300451,0.122458819105803
1.69643243967014,2.87799727084638,1.69646611249573,-0.000988266131224131,4.94205948845728,6.22668365126912,8.18710775988678,6.22656005903756,0.00810100908681452,11.8359330225419,276,2215.25051794664,933911.372585802,368375363.99407,7.89691032593153,0.120962241191521
1.58842048018234,2.52321047102205,1.58846166809969,-0.0226430507425835,5.26183778548728,6.65009565752015,8.76146560946739,6.64992322428124,0.0051818428263897,12.6407717501214,276,2147.10331374093,875055.744582244,322953057.527376,7.87616793911802,0.126318922366026
1.51208775664082,2.28655182604201,1.5121348570951,-0.0501592785606156,4.03922136958675,5.46927998361033,7.09544876405116,5.46910962474943,0.00068354238501961,10.8220343662729,346,2439.27586874284,826755.181193804,292660460.91713,7.77439614745824,0.142771132747201
1.55092331686656,2.40532174987672,1.55090997478149,0.0106485827805591,4.07025334050606,5.57998785839711,7.23689151046196,5.58003586161711,-0.0138462100597313,11.1178640145933,276,2257.85278170003,854137.544762912,307908980.44373,7.84759562111059,0.134007534499315
1.60139131300106,2.56435380516498,1.60135998612585,-0.0108005906495005,4.11470258355741,5.78763966999543,7.49039755041659,5.78775289167406,-0.0161432432646874,11.15098914419,276,2489.69744003006,880983.159154364,328283452.614251,7.8694132976388,0.132312128535772
1.62912290275392,2.65400048809262,1.62911033637769,-0.0513686501922631,4.3794413769783,5.68912012386766,7.95527021155849,6.09256959257287,-0.0143812104930077,11.7816427208937,276,2329.16637076316,895916.160775108,339742159.956763,7.80243786076015,0.142799881953124
1.56921706107398,2.46259607728811,1.56926609511839,-0.0942405392970873,4.21820508522206,5.38674386776725,8.20958213786689,6.32491081610482,-0.000140472005849523,11.7118523212579,346,2726.93103041694,863939.579647265,315192077.936518,7.77080355568755,0.149191420737819
1.51855605708754,2.30614528800581,1.51859977874548,-0.0776533089256238,3.71041261710831,5.11919380619036,7.31327370184847,5.70338275469229,0.0033681733851661,10.8227407703952,276,2161.73421344066,824001.359806167,295171040.288652,7.81696386308473,0.133196387013704
1.63675776909996,2.67910499717771,1.63679717655478,-0.033655256049138,4.32578630614303,6.09604137502478,7.94473251292271,6.09589460700825,0.00620012852304296,11.0696028431012,276,2342.03269068774,886501.866527072,342913842.940392,7.83577725409911,0.12380798373199
1.66002106794067,2.75572038924774,1.66003626142556,-0.0473735480592752,4.20833164146656,6.01061231933909,7.81711367427526,6.01055730719898,0.0110358182064414,10.9144750052922,276,2417.83261186606,902799.31394289,352741006.001135,7.7498957591701,0.151408491651496
1.61154680815573,2.59713957384236,1.61156432507125,0.0156451571850715,3.96928671774118,5.7529943844366,7.44234910005169,5.75293185220313,-0.0102889386201317,11.3260214889915,346,2620.2093811629,865340.862565864,332440187.388623,7.70004887427434,0.146843012120768
1.62086714417242,2.62723853298346,1.62087585366167,0.003515016191356,4.26018173466175,5.7199134246813,7.44244113276778,5.71988268973981,-0.0116605524096581,11.2608944201944,348,2233.35211574412,874015.739819746,336298365.825682,7.77882482595953,0.116590498284069
1.61598826826592,2.61154026200059,1.61602607095325,-0.0759214087793648,4.51776965226214,5.46505516333382,7.7929424045727,5.94672082589665,-0.00640643729916757,11.4119151004062,348,1991.18049338919,885231.568575204,334266560.072259,7.84998351672001,0.119383737607982
1.59705760674201,2.55059337516176,1.59705772443007,-0.0693027086879719,4.25851955890069,4.82376547402808,7.83553281198535,6.01735037145201,-0.0126109546309302,10.841116288902,346,2867.36889372057,870565.484843814,326496188.385597,7.77050917818636,0.134691981143147
1.56113857121092,2.43730452725034,1.56118689696344,-0.0464180767010032,4.17700107457522,6.37525103248675,8.46344218646818,6.56820636250133,-0.00120116821229484,12.943660716795,276,2303.23161089418,850552.636517372,311955849.946588,7.86380478751204,0.135078480615602
1.56024450852827,2.43445938028097,1.56027541808521,-0.00406273276540136,4.69497475073489,6.40711616615659,8.54712078353943,6.5720433654419,0.00746323139920418,12.9792897284667,276,2109.65011430784,861279.904091084,311605406.470278,7.92464378904949,0.118704066186801
1.61699798046236,2.61445389319094,1.61692729990898,-0.00453515136783223,4.90544954747338,6.18223889858546,8.46828577727835,6.45335971054373,0.0197984594533885,12.6353165265038,346,2124.1431938118,886087.494835736,334729501.768034,7.91428104906149,0.112863689010843
1.62291707750683,2.63380608323958,1.62290051550906,-0.0465660216192772,4.609511021263,5.11547582204516,8.37005399268848,6.42960760218736,0.014777351046611,11.5450178095759,276,2396.65681406015,892862.020951109,337162010.336433,7.85510411942511,0.122735024886041
1.56860531502443,2.46066464314895,1.5686505803234,-0.0335241980972847,3.93608274162819,5.14638913532698,8.28182708530166,6.43052037292298,-0.00343259583108411,11.5770950740035,276,2297.29936933473,861577.294895418,314948152.073615,7.83193328958336,0.131716106813284
1.56745743553228,2.45697758404626,1.56747490699094,-0.00567026061270281,3.80718607500724,4.98801500210259,6.4403350781838,4.9879594044675,0.00993927855455087,9.65863903408174,276,2261.25117981242,852123.652623556,314498688.05984,7.83619721722078,0.127204436086888
1.64192013138642,2.69590337271874,1.64192063532886,-0.0532350538545743,3.93061608348778,4.78946594970157,7.36479353129548,5.69020603380263,0.0129166208442726,10.4796737299572,346,2328.33384130375,890961.044974719,345096754.216811,7.8306240246556,0.130996354446356
10.9103447369317,119.042867559278,10.9106767690771,-0.238431261526551,4.65482840598541,5.39415383618845,7.05377828614675,5.39398968207514,0.0139606102098194,10.7264643467317,1984,19288.9327006024,5801304.99243005,15236579056.822,7.76255860241386,0.0341020750240705
10.9091684413029,119.017213019726,10.9095010435733,-0.265678711845891,4.91523921313093,5.3947354680161,7.83405721623121,5.96272807716792,0.0134772700147226,11.3576453387741,1984,17946.4562776112,5880070.1962302,15233275035.4718,7.81903886706412,0.0334594714296391
10.8571753203396,117.885055858584,10.8574884691895,-0.230738751605678,5.00983073764961,5.317806713043,8.05336364822309,6.12377422424615,0.0238305266126212,11.4417575626819,1984,20356.3659193037,5879253.86049044,15088454641.1354,7.79215748414032,0.0320597003344405
10.9800561101844,120.569163437328,10.980399056379,-0.267022522887851,4.93724916161381,5.09025344887029,7.94937173959347,6.05522692629706,0.00207802434443356,11.1456695014351,1984,22129.8744043471,5909581.18255004,15431889286.0134,7.74690174693326,0.0327154606599938
10.9168557198608,119.185186055054,10.9171968038986,-0.317992337541678,5.03949176074655,5.36122263467762,7.76697317360649,5.90607103213673,0.00135178804424184,11.2674781949063,1984,20436.2089039504,5852921.05036637,15254737518.9599,7.79318915994526,0.0337399727485446
10.8385306371686,117.480742150804,10.838853359595,-0.288748509985304,5.01958677434494,5.39996572820659,8.15721255356008,6.2171929023144,0.0186217190833779,11.6173437504091,1984,20932.6849556137,5809581.7325886,15036661096.1054,7.79728381015804,0.0337243168792708
10.7078395580558,114.664660002764,10.7081585719845,-0.257205010706309,4.79908879831972,4.62319044823883,8.2362489568989,6.29307473581916,0.0182904223671422,10.9164526708506,1984,22847.9194521776,5724880.59082248,14676237392.9901,7.74490166550882,0.0335828910443945
10.6926776880326,114.340305225439,10.6930026290766,-0.282408822822924,4.92152421781107,5.21082962601095,8.1941867191451,6.2549301442618,0.0140422145101878,11.465949852083,1984,19543.8272299657,5746399.12096275,14634694132.2294,7.8169157776225,0.0345332232466619
10.8550642397201,117.839691977858,10.8553992085901,-0.264970530894448,5.07663606958163,5.47154994834664,8.45327106031078,6.43871662118992,0.00962555662547574,11.9104652574101,1984,19573.2907904545,5893051.73544406,15082544952.1068,7.82771833123441,0.0356546266253142
10.7831757324688,116.284092964249,10.7835102338825,-0.248822693107078,4.79321027509495,5.50802728748089,8.50161887143139,6.48164074573663,0.00732590374691134,11.9898690981029,1984,21805.2591208695,5862528.88903827,14883256042.4558,7.75567094262006,0.0344496971812809
10.8203243666008,117.086687130333,10.8206601984506,-0.228810811458995,4.73630920666979,5.2693779724321,8.43871976821008,6.4362109415082,0.00708421261487668,11.7057886754773,1984,20669.3504485897,5852506.08219241,14985856414.9963,7.75967558453224,0.0336388326707155
10.7520912320341,115.614607337187,10.752423323939,-0.207586764983091,4.87684836778937,5.30281762324204,8.49123053612332,6.47705633097201,0.00918900192639841,11.7800740062717,1984,20851.6352114075,5820146.7114489,14797732717.5115,7.75013185539127,0.0329810705179233
10.6042081976509,112.456221791943,10.6045377924709,-0.269788920579885,4.99328286635919,5.10247597762958,8.53583507460874,6.51027526868043,0.00618231708022642,11.6129535955062,1984,18316.5491482518,5701400.18260552,14393456130.4172,7.77809260068211,0.0326505030463305
10.8154607854034,116.981445965654,10.815796131846,-0.300076496166086,4.85064886144882,4.66496094976669,8.34174898551739,6.38311403844176,-0.00757464963269369,11.0482729043794,1984,17525.3947534308,5776507.35653249,14972703149.5043,7.79486129630175,0.0330535044928215
10.9611601840709,120.154508713419,10.9615012071075,-0.330624731749369,4.86734046656925,4.51431158799133,8.30447143083791,6.34532925732023,-0.00579001185976379,10.8598382608602,1984,20821.634953475,5904593.09074852,15378784743.4897,7.76367725938065,0.0334733327040932
10.8827346295873,118.441179331338,10.8830684703965,-0.333508020867938,5.04872769388025,5.18543147953636,8.40079510850358,6.39105914869579,-0.0116730625159128,11.5766866815616,1984,20781.5140689902,5855452.97062986,15159557277.1255,7.7796478661294,0.0341729182802443
10.7814620653682,116.246316901867,10.7817585254849,-0.31616074079331,4.87473016562467,5.23413933931742,8.16988637624205,6.25976346564336,-0.0295425102732381,11.4940749309857,1984,22394.5227494767,5782088.75221164,14878806345.1338,7.74059413176155,0.035365327150805
10.8568675155402,117.878795057247,10.8572001481619,-0.290448714882039,4.91235864097735,5.14111557254364,7.9908700167946,6.122542399017,-0.0120256989372502,11.2638455539666,1984,21588.4661116315,5834167.92002428,15087440457.6158,7.76840111185751,0.0341715477952455
10.8888808664746,118.575045559839,10.8892169396995,-0.25999024268375,4.96258907538096,5.12600067331418,8.12284492855657,6.1856185277612,-0.00958669838090276,11.3118101133273,1984,19749.4440295835,5912159.1642645,15176679503.2578,7.77729062888697,0.0348289204220335
10.8346974427171,117.397557491839,10.8350153434058,-0.280407474575673,4.99847488304481,5.14908652107045,8.30911517184548,6.30523866962617,-0.0211785439765101,11.4545101926061,1984,21922.9980129602,5896155.96110517,15026060583.5111,7.74877084649391,0.035852697348342
10.8169607767775,117.013496512553,10.8172776849147,-0.296115564790956,4.93111064750464,5.12973123750187,8.29415421083342,6.31557770071002,-0.0213840436375926,11.4454939678154,1984,24773.0292902895,5844143.81986754,14976715931.1348,7.73636246018443,0.0349195999414772
10.8409570651628,117.53329901903,10.8412775547456,-0.214787078745124,4.84153164795266,5.12798430777245,8.02000404780674,6.1237892091419,-0.0199223709015088,11.2519545535734,1984,23708.5093296594,5843302.40553758,15043331828.076,7.73753035623171,0.0340345709168223
10.8557478028322,117.854484799485,10.856080544998,-0.175946748148155,4.89258313729863,5.34945910644004,7.84636281462146,5.97293253348716,-0.0118938854936404,11.3225747177348,1984,20607.9573603841,5832344.81010434,15084467107.1577,7.78037841346149,0.0329194407352634
10.8069231611806,116.79688386425,10.8072607012253,-0.163360839485427,4.67829616323933,5.38626179836392,7.39326671247822,5.64600779477773,-0.0020378058420273,11.0324459387763,1984,19960.8801373744,5833166.40609736,14949052704.356,7.79182709855396,0.0331231355669628
10.8017786660787,116.685638901762,10.802112705474,-0.186035276688689,4.82606412757739,5.38882707935104,8.27378232955334,6.30741774543869,0.00873507995322974,11.6964398784077,1984,19350.9745103392,5821940.29310756,14934781786.5384,7.79247092069255,0.0324117969320778
10.9085551498956,119.003974683315,10.9088942924255,-0.278999641738258,4.88285603916004,5.24023853448292,8.33851781024679,6.36760186100769,-0.00620672349420678,11.6080383616351,1984,21601.7681699265,5835707.53990599,15231429217.9537,7.73352370561744,0.0342354367690715
10.9365076235954,119.614476467281,10.9368403328969,-0.284566305910742,4.96271297950438,5.36685514241458,8.32603373891936,6.35133123312094,0.0140868185933854,11.7183795950761,1984,22270.8447985043,5882190.22330926,15309720184.5435,7.71624151946723,0.0342129400980086
10.9306201854456,119.485693351502,10.93095116408,-0.272774875493781,5.07446729245118,5.36974583179668,8.30070893077956,6.29500406888124,0.0152362332445087,11.6649405130874,1984,22153.7804549486,5902025.16925972,15293271999.0108,7.72097075426859,0.0348809706610715
10.9427941118526,119.752222412381,10.9431358582621,-0.264864417193577,4.84165296170275,5.22256127160443,8.00585778576126,6.11226523553182,-0.00225297921686668,11.335017394827,1984,20843.7530517335,5847935.07448649,15327326551.695,7.75661694880246,0.0357466827013658
11.0079919358902,121.182850110396,11.0083082310769,-0.2341198914692,4.65784883590315,5.34360484822057,7.62994400168057,5.86286831268362,0.024703812671561,11.2066416200599,1984,23339.4305716041,5893849.86871211,15510577367.3608,7.73424106541198,0.0326492260896338
10.9196952476624,119.247155574334,10.9200345958396,-0.203958592529099,4.51168602329144,5.3868132529054,7.28599572694599,5.5952098683295,0.00645559532001966,10.9821970019364,1984,24895.8894962189,5837821.47943363,15262692595.0925,7.66258222016304,0.0330231181676273
30.0255750061735,901.589281886169,30.0264763481526,0.0293235970139269,19.5387864329001,9.50830544909887,15.4587717023561,9.59082371234524,-0.0471369844395712,19.0994170697364,6820,21764.3207543456,15085662.8313475,115396769162.35,7.67682413463994,0.00470320478181652
29.2708308201582,856.833990997559,29.2717268195363,-0.0311686937411707,22.1407554898403,9.94014830404327,16.3495671860181,10.1401600872084,-0.0331365236676618,20.0806187882195,6554,24291.8510506545,14870436.3964537,109667989866.838,7.68156099066636,0.00451035840227119
30.6013061229122,936.497439684642,30.602245664079,0.068630349632707,23.1957513404403,9.50797322723045,16.2598239403985,9.69928806001115,-0.0320598428709684,19.2075590810803,6986,23857.1019758399,15291684.794629,119864287855.46,7.62671482043895,0.00348511748140764
31.0149016310444,961.979707540356,31.0157977092377,-0.091729057310886,20.9233507409444,9.06869080438894,15.378360534528,9.28788047915003,-0.0673748820141667,18.3568396276807,6884,23724.9865743696,15787192.7108499,123126595681.705,7.68460411321799,0.00759297155945843
29.1919269271176,852.210697347802,29.1926480016425,-0.292298274790536,22.7007968158019,9.82700040314682,16.169760675787,9.8679305170496,-0.1056576497824,19.6951746695497,6786,24364.4775589038,15563479.701323,109078718154.428,7.77962015416049,0.00969178062768902
30.0952540745584,905.771947012257,30.0960453716474,-0.0194740652662349,21.4949367722697,9.9602222292613,16.2998088499117,9.95996035117205,-0.0947710222277119,19.6022720181686,6450,24384.2142985836,15811294.8666424,115933861832.816,7.70375830858373,0.00557826490003959
29.4754903327324,868.853174053136,29.4763154762113,-0.00768696887679225,21.9760239310523,10.169649944578,16.6135281722821,10.169365261089,-0.075230480817427,20.2787764576899,6440,20828.1995975391,15255731.9498898,111207472018.872,7.6966265788961,0.00526370572959232
28.2804463870236,799.833240008142,28.2813231657952,0.126085497978701,23.5321614849501,10.328736384051,17.2211960567536,10.5402628211408,0.0199353624092937,20.8693259849944,6892,22055.1468886066,14582251.0823382,102372352352.949,7.71653849108374,0.00659447000213044
28.7148201163426,824.591654488816,28.7157039699328,0.10021309524652,20.9787794862952,9.65640067090947,16.885224616974,10.3808208710196,0.0278711948683516,20.0375410677265,6492,22247.5234383105,14766178.9718844,105541315122.728,7.71168651372634,0.00651711414163112
28.4620350813606,810.129698051594,28.4627774128175,-0.050649315507953,21.922574704053,10.5290150737532,17.1855746366907,10.5287404688197,-0.0915206377553895,20.7547571354445,6216,27691.0491990764,14636311.7912771,103692246433.992,7.67904729202842,0.00548032404910895
29.1938629669391,852.328752485374,29.1946699328041,0.162546583163083,21.1915386022244,10.2650751200933,16.6110776944528,10.2647913845607,-0.0784410229219055,20.2344796357752,6870,23667.934144981,15079944.9824352,109092777113.676,7.7114479970422,0.00501557701242811
29.3141001441997,859.370172386234,29.3150161587237,0.239642434830987,20.5736704885747,9.74202482395349,15.7195627631355,9.74172041217407,0.00234812804115433,19.1574273301262,6270,25032.2444031417,14955705.8925164,109991269978.299,7.65862300631929,0.00470534005369148
29.5831564689696,875.216451607371,29.5840573891982,0.0289549098994211,20.9566639088595,10.0185275099061,16.4285599947089,10.0182224167279,0.0373642662571333,19.0389656408746,6386,25071.3123562583,14717269.2153473,112019474407.349,7.62459674007333,0.00459854044231164
30.6722238208537,940.837146275515,30.6730687456523,-0.103147834029408,21.4853832016107,9.66280334433151,15.9548382941546,9.66253717134968,0.0834875001041546,19.1376463757262,6666,23674.3895045745,15548564.0349776,120420458722.655,7.67235958111141,0.00526369003825593
28.6460439822492,820.639380565665,28.6468040200938,-0.0558102107229049,21.8971121935743,10.3452801402817,16.6456750386811,10.3450056662282,0.0880069802885556,20.5148255303599,6666,24047.1260263644,14766447.4105549,105036626601.98,7.70225241857284,0.00586525659859568
29.3563678219648,861.849835625001,29.3572790909682,-0.0532090724051935,19.0850845390803,9.28860121019058,16.0691111255494,10.0320551230896,0.0190181022578187,19.320967744451,6676,24104.6106874744,15063897.0644135,110309973416.518,7.72129158374921,0.00578982820122373
30.2762376090634,916.704366301117,30.2771261235461,-0.0419218731489114,20.1154290342808,9.02669283259267,15.7969791659968,9.72727203046794,-0.0590887657737463,18.754250328586,7242,24302.0662821679,15459934.6313027,117331366471.636,7.72742484714493,0.00554861340734075
29.5511418492502,873.317191180617,29.5519405653946,0.00286283272906902,22.9882855013867,9.47988429097369,16.1311487230807,9.78462438394492,-0.0858821188676939,19.2647731363564,6798,25524.3735087412,15219525.2523594,111779420007.341,7.66432286748167,0.00463531089486901
30.3576401190749,921.640335874799,30.3585298701172,0.0182950462572977,22.7798302540507,9.62583476407433,16.3458828884216,9.84627383557666,-0.0598351523646164,19.4723971837561,6798,25635.0536951829,15580066.9756596,117963041568.446,7.69166779264415,0.00617478903105213
27.5361382922006,758.28486299311,27.5369726548346,0.0251974471469919,21.6319611567027,10.6121499141445,17.3696490557861,10.8551656020266,-0.0379718056167062,21.4676444346443,7258,22887.4758994263,14126585.2488559,97054452780.5436,7.721933321054,0.006806934558983
29.2148492770429,853.556966213791,29.2156972570191,0.00288025029961388,20.1333730351632,9.74912367341671,15.8397273639883,9.79445780536236,-0.0616390860962217,19.5438657692786,6914,24741.1270819132,14851657.0623185,109249003876.837,7.75260397236251,0.00470550096287537
30.2347389792627,914.179795612815,30.235406324586,-0.123757192853278,21.3661364971273,9.42026252971693,15.5613487971301,9.46413324055211,-0.129544465570745,18.8846046639215,6804,23595.7108488452,15477080.5959513,117011521559.877,7.73022279988276,0.00532153108711469
28.9363737197557,837.36201707706,28.9372081769659,-0.13147514465985,21.5861804110011,9.67750572436849,15.8206150258319,9.67722665582882,-0.0635774989781594,19.0591272521511,6514,22128.2411969935,14533890.7817207,107176669596.238,7.66311633380295,0.00428239378864556
30.208340217042,912.597394758704,30.209226980489,0.269218696684215,21.198227998109,9.88621045093604,16.1177110808672,9.88592025052598,0.0588323637612949,19.7398818418189,6250,22951.5709587328,15579383.7131857,116806051750.795,7.70800838646652,0.00576421349665197
29.856586600332,891.466117591817,29.8574298557632,0.268307659691351,22.4879348235418,10.0026842571425,16.3329133574831,10.0024017539978,0.0732288444358578,19.972446097212,6282,22256.3919336014,15446411.3359732,114101156545.207,7.71156151874553,0.00688008843242056
30.7536504048578,945.839528254813,30.7545041945861,-0.0365520065810648,20.0764488834799,9.53076088030664,15.6663005898255,9.59464793719079,0.0812400142513223,19.1256751862617,6812,27138.6900633854,15517341.5295007,121060973501.846,7.65404307954971,0.00535117664234755
30.0908746661603,905.510634585093,30.0917037501218,-0.0019602502100134,20.7224727327059,9.74068356128136,15.8223347018447,9.74041518682901,0.0818413351574865,19.4538907890457,7310,24969.7729520159,15365572.5603199,115899789912.936,7.66801966575631,0.00511897269124531
29.8133977354175,888.893955629645,29.8143246717018,-0.0326871161540949,20.2649273133824,9.58713716243731,15.7065325173672,9.58683909547132,0.0168752119486849,18.9252839957523,6970,25442.1381924531,15043008.4803274,113771382236.592,7.66140670682526,0.00392806005094637
30.3396193718272,920.549613807072,30.340560538775,-0.100750226730089,18.0556714127815,9.42085429170406,15.3639290703988,9.49082376357366,-0.0205954155475163,18.911972470627,6246,22593.6719208051,15405761.5714796,117823094036.402,7.71501646051053,0.00516915118978927
29.622751999881,877.562162852859,29.6236757147532,-0.212066890972352,19.4650826480227,9.07782664926453,16.1754395842762,9.97558951004975,-0.0109922140810474,19.0537272242818,6274,23046.6131312449,15189454.8406275,112320951266.544,7.71685460499111,0.0058355973786009
30.0347604546,902.142635473385,30.03568936238,-0.216333236567379,21.0353033001496,9.51001824190926,16.0592408267115,9.83874966689933,-0.0241662271327579,19.3490721992698,7108,24700.5045407665,15368558.7437178,115466606290.032,7.71545198522946,0.00589497920499461
31.686329161718,1004.0861348136,31.6873182016655,0.451256528971966,38.8542212151094,13.6474726128434,27.5746475436083,13.6470466413078,-0.0087358209728271,25.8150000219441,7648,25650.8465132108,17198901.9218845,128512949985.442,7.75912245894928,0.00402739821790467
29.6400769438269,878.588573484905,29.6409948126729,0.192444615754735,35.6064443805403,13.4759045347815,26.4912793454125,13.4754872372845,0.0223503225587264,25.5528296757416,7868,26836.984660349,16026027.7387167,112451889254.64,7.75702226646436,0.00435449454720441
30.9514765258861,958.052595787085,30.9524247157971,0.048269780126027,32.8283234881438,11.6587879193993,25.0773011633737,12.8075186490316,0.034374883755428,24.4666989232175,7840,27633.9749943574,16414907.0156987,122623369057.533,7.7928284690491,0.00403697456447747
30.8887245900504,954.172923805767,30.889689603584,0.24119780405043,34.0754506519925,11.6831268295573,25.1444288258138,12.8335299534483,-0.0043361217889676,24.5170577231627,7878,26681.8662374683,16534006.4791731,122125667272.509,7.78983366407116,0.00452940778827628
30.1212436954026,907.34567728025,30.1221791588897,0.290433858978004,32.6408155540107,11.9808096451178,23.5032545654267,11.9804375734324,-0.0188037870882781,23.7498284681153,7860,24854.2115626832,16289365.9223924,116132994937.755,7.7776581805352,0.00426705868674954
30.426640191408,925.838238521868,30.4275900873182,0.145795975363111,34.5856673169867,12.3553570130229,24.1856862240483,12.3549713004816,-0.0077269299083619,24.4428501693681,7852,22503.8686720273,16362204.6190864,118499496037.757,7.81306865324597,0.00401819765874249
29.4126489309388,865.157287444222,29.4135561849332,0.167309633511883,42.2661998868796,13.7628171989563,27.3375625008005,13.7623926882036,-0.0264956769803136,26.2670226497397,7502,25007.0878024702,15897481.9689555,110732835869.112,7.7358973549915,0.00418776168176866
31.0150195830464,961.991021183124,31.0159800938665,0.258729341422639,37.765611146032,13.0517702718093,25.8718588856127,13.0513660812427,-0.0233021984757247,24.4379734413903,7912,31531.632081481,16609855.3960437,123127197637.702,7.69031377012764,0.00369406356810019
30.4976624265387,930.161344437782,30.4985465954983,0.247411408367241,39.6124387519621,13.7548892833455,27.0613508056782,13.7544905218468,-0.0648392578213754,27.0881504945413,8202,24733.6423081178,16305105.1423021,119052920186.488,7.70309488197476,0.00378578221110815
29.4192417802963,865.544045273408,29.4201299329797,0.302907154182137,46.60336422367,14.2591020261726,28.5877213330543,14.258671563773,-0.0428737326874651,28.0811203671163,7992,27695.6024999935,15469085.0619669,110783176447.717,7.6311544261296,0.00364306762533573
30.3824622232808,923.151244576962,30.3834040979111,0.233196378458205,38.6564819834828,11.9157892023229,25.0944387866357,12.7357244280022,0.0215203370923326,24.6519084454539,7852,34786.8978861313,16123946.3478913,118155313342.082,7.66674830871108,0.00321205977008108
28.7426310548003,826.188377817165,28.7434927908416,0.271348116756443,38.8010842594209,12.8758108399084,25.1916110696559,12.8754248203546,0.0458138496347403,25.460650556115,7904,25282.0399783815,15413245.0438407,105745884016.909,7.79911035162828,0.00358336878610388
31.0496662452744,964.141858049752,31.050633778552,0.134897538029417,35.6417825050312,11.9191194384967,26.0627752873345,13.1101743409257,0.0132196560907337,25.0297023032967,8004,25797.4772089743,16398243.213393,123402487762.937,7.68133161833059,0.00358966534119341
31.6763556399913,1003.45412300589,31.6773440017608,-0.0419788242186974,33.6937190798555,11.3135607503203,25.4912372443242,12.8508003136382,0.00997536993646065,24.1647620330561,7948,27015.231452108,16632253.3321356,128433897251.99,7.75128294752628,0.00353860043150162
29.6691273315892,880.308865238776,29.6699994142025,0.233046566767925,39.4726758926498,12.9600197422159,25.8698402099726,12.9596388117101,0.0571898885824162,24.9150394565585,7804,28534.353327586,15676363.5732756,112672705309.01,7.74662977189122,0.00272778284480267
29.7077884533906,882.60417229347,29.7086548381691,0.440770773165638,38.2804324761212,12.9431538316959,26.8139478189354,13.7982458850434,0.0607063316641072,26.7418021226682,7600,24078.9190294915,15602743.6600464,112966914670.999,7.75226359249581,0.00327625134194657
27.9755159531121,782.677313782328,27.9763706327738,0.258933027843311,36.5285980880364,13.1194742304021,27.930235771065,14.652627024133,0.0331118198058775,27.7725489067725,7798,22845.122706364,14869157.3946025,100176331042.638,7.83336605755043,0.00373057908669452
29.9844395762697,899.122518007064,29.9853717336815,-0.0675153392854102,32.5271902686158,11.2399076529473,22.6017425043654,11.6436763054726,0.0171421493058777,22.8839459374771,7866,22821.7073537961,15850115.9346197,115080378618.38,7.78034628077483,0.00317074876631919
30.3319957267984,920.087438284234,30.3329431193914,0.208347128015889,33.8063188880938,11.6192273253304,22.6759901730823,11.6188644205552,0.00565253699234189,23.1298435574759,7972,27354.3398551714,16077661.9974299,117763050286.979,7.72810043173089,0.0040999655849886
29.5110020633617,870.953246493277,29.5119170250473,0.727856702593676,36.6160112119739,12.3672220370843,24.3899742438903,12.3668386145398,0.0207573689770694,24.4197023180724,7878,23941.159026373,15985174.5536856,111474978360.873,7.76344117630269,0.00481121192718561
30.1656537710215,910.023301877827,30.1665924803884,0.215627002212344,34.5514973040609,12.0988299416555,23.8935766130706,12.1787083991517,0.01555672459514,24.2779173237306,7878,24336.8334123807,16176745.5215737,116471600162.525,7.75309146783355,0.00460385227247306
28.4960868041538,812.077537120625,28.4969741748247,-0.193647791844995,39.2164020860546,11.5914730333326,25.4959305665927,12.9555119410902,-0.0134489892236704,24.5473884102139,7618,20625.2514901152,15348718.9110243,103937693903.543,7.79343294958413,0.00422203860167884
31.0013195946043,961.141675287383,31.002285001067,0.104735198685442,35.1993879845499,11.7313393182775,23.703689721965,11.9085702616492,-0.0145833506847698,23.6402804225502,7842,26952.2379798374,16351681.7683772,123018493558.418,7.7071740367962,0.00301477566208797
30.8800260970051,953.634686498631,30.8809761260656,0.246583160891333,34.5309977341369,11.7774187863766,23.2435566266423,11.7770564633056,-0.0304535874865033,22.8886428254398,7784,26326.7219257032,16320059.5116399,122057848108.306,7.68075573458192,0.0031293350033975
28.190836240276,794.772582940292,28.191711245334,0.280892370085194,37.5983410207123,13.8118542448791,26.8852371956583,13.8114255570914,-0.0183921776674582,26.4102442222088,7566,21768.2889666974,14920894.0216908,101722837189.42,7.75979231405299,0.00343206047275734
30.2364347098902,914.293497721993,30.2372865469439,0.457265423617636,38.7620382524053,13.5042538636637,26.5923437819582,13.5038734252997,0.0750305742200538,25.7001548601466,7824,23508.6489166701,16457602.758617,117023470893.585,7.78087738495853,0.00439793431200044
29.6045261141885,876.475083668548,29.6053218808468,0.604570813778523,44.5834491844298,13.7925021559036,27.5019222559962,13.7921314248102,0.0875355347868488,26.2487246533043,7814,22621.5292163344,16137562.8462242,112182675347.129,7.75552347742877,0.00457489870887014
30.4618955853688,927.985077337065,30.4628474922661,0.278761775867109,39.2565482941869,12.4173158256212,25.4879986224766,12.9376159508182,-0.00209384311978488,25.3553360653263,7568,21711.009885361,16240427.0414562,118774621911.502,7.75780409834246,0.00386823203860052
30.4792745953644,929.043952582804,30.4802223184609,0.322697823820733,36.3954028205562,12.410235583105,25.2921601520269,12.9302410430445,-0.017103328769984,25.3408786792904,7826,24245.7642000871,16414388.4945165,118906805807.021,7.7833403070029,0.00390154883895945
28.0943468608013,789.341659043296,28.0952248441492,0.475863350011137,37.1817310205706,12.6957306264942,24.6644211552677,12.6953338814907,0.000587713629928203,23.8434593526667,7894,26791.8933388371,14799239.6269612,101027074564.124,7.67443445229657,0.00308133751130913
29.7764699723175,886.693373343781,29.7773970209584,0.359009739282869,34.1648215807623,12.3635542862755,24.089865670816,12.3631693763323,0.01445698385727,22.8815289768406,7804,25537.335539788,15753162.6079054,113489021942.794,7.81619532821415,0.00310031885956629
10.3454309154319,107.034474175534,10.3457466707596,-0.0469108535510408,3.5580116717938,5.29095636603674,6.77847144759454,5.29079488444292,-0.0125022028107616,9.77853985610741,1982,19864.8395328478,5392562.09454803,13699590830.5063,7.39653075923966,0.0741358973261351
10.3820556780508,107.79375517147,10.3823771445402,-0.0626636223598832,3.5892860354709,4.94108983449179,6.32993921075246,4.94093684498074,0.00787657122574178,9.85680308773555,1982,30068.1221767951,5393976.65279061,13796716084.7067,7.26781538027792,0.07297710377764
10.4358540453978,108.913555754879,10.4361657592661,-0.0546053340646831,3.48675665106988,4.72880722089517,6.24651628826678,4.89022595747824,0.0173493285603961,9.61917924703666,1982,34295.1047818762,5406619.73337542,13940140597.2558,7.12032415784784,0.0717030376830327
10.3054273991641,106.208467881766,10.3057492634823,-0.0356775594277811,3.43065849330768,4.43260088640219,5.64889133068263,4.43246244949422,-0.00200671821113399,8.85322574747973,1982,21340.3399903291,5347478.20073692,13593752603.721,7.32736874093947,0.0745010238798341
10.2527813521842,105.125713005167,10.2530830975452,-0.0248499206505392,3.64588466653802,5.6794098970665,7.26612639901369,5.67924275362552,0.0195654693750243,10.7831799094229,1982,20715.6011743934,5372492.61907563,13455280551.6619,7.40918460692991,0.0751861095019969
10.3198936307455,106.506816987789,10.3202139991276,0.000330340939383751,3.71354887876394,5.64247558817592,7.21538791350964,5.64230042991126,0.00665117844273641,11.0908877342015,1982,30373.2517160973,5369221.61799564,13631995405.9433,7.268239969324,0.0774681527973596
10.2216395236,104.488241319919,10.2219489981079,0.0270390975402956,3.50151790282753,5.02981140782627,6.9981878723082,5.50061772112676,-0.0142739477952262,10.5305956678882,1982,22061.0353726249,5285832.10676754,13373613766.6034,7.32928368654458,0.0767414440956941
10.1835565215836,103.711296446236,10.1838743337806,-0.0374109918810449,3.39457398233819,4.53235450057813,6.70202797201166,5.27429012885866,0.00298966217455826,9.80680923143316,1982,27527.6657462094,5279686.61336681,13274214039.0115,7.23340950295999,0.0757444083245424
10.3320519822303,106.75797046887,10.3323748707096,-0.0773831835955076,3.53325472476201,4.80898694709088,6.78617457012269,5.32443211122358,0.000260371194825293,10.1335854529271,1982,26445.6816063042,5334644.88343176,13664131153.0048,7.29429396249446,0.0748088747688373
10.3206421621596,106.52217136055,10.320957870302,-0.0477922576263493,3.66285267675674,4.82898645052524,6.82235588561638,5.33032197574464,-0.0118707415858681,10.1594714806635,1240,20722.7650619665,5367938.51130936,13633904137.2892,7.38029320388546,0.0730783822109853
10.2999932331282,106.096478290811,10.3003144753357,-0.0386715018356963,3.59005338200718,4.83866736936215,6.70265790333515,5.24109664631433,-0.00365261116060853,10.0799274780612,1900,21447.845970033,5366380.39668484,13579480492.2849,7.31985978285215,0.0742298094953075
10.3594976306996,107.325897055684,10.3598212849298,-0.0353309464665211,3.41653581166969,4.58122524020005,6.64463993292206,5.21099178913403,0.00140476083729659,9.7923798325506,1982,26331.7851908808,5344937.06845624,13736856506.1479,7.30457255231608,0.0750008412948166
10.3437387653377,106.999503101647,10.3440564142723,-0.0174885450231179,3.39279436481382,4.8254001357717,6.14496189499236,4.82525195568155,-0.010770925980603,9.60008143585359,1984,22984.3668636736,5324281.1133849,13695100924.218,7.35831152074784,0.075740478052113
10.3779969687412,107.709517077915,10.3783195690784,-0.010819432473338,3.37117966043718,4.80947128747345,6.11960253436682,4.80932178956597,-0.00598749566015692,9.56839116426162,1984,23578.4584390796,5355793.30270777,13785896086.7262,7.30478351091358,0.0744321311834101
10.3994566467095,108.155455365876,10.3997815056796,-0.0176509720003478,3.492854164238,5.11777925617515,7.32438401709618,5.74620052738134,-0.00170202078091021,10.8641592837793,1986,18536.9506050195,5349293.08988325,13843028590.2616,7.35015726223146,0.0740583063316114
10.2529625931637,105.12943378053,10.2532645425996,-0.0321591036474566,3.54466987907916,5.19090194842893,7.43247518606693,5.82831250713401,-0.019461395011038,11.0193860991886,1984,23106.0676270516,5333487.70736923,13455808658.9234,7.37242004361971,0.0764620091655333
10.1378702927576,102.782837216038,10.1381870773841,-0.0127399530258346,3.49446984418002,5.57428538225811,7.28523667064836,5.71358102461172,0.000885474691827941,11.2880449428521,1984,23970.9351145184,5313333.30057632,13155326212.6804,7.29058151840006,0.0760339139000204
10.3482245303078,107.092425095628,10.3485470040788,0.00670712539004573,3.58670958167825,5.46097371724372,7.12635120912049,5.59743829606947,0.00437156761964488,11.0585864419826,1240,17471.4761611153,5384133.32239499,13706955206.1924,7.38903355552486,0.0725556956410304
10.3115214056332,106.333960809824,10.3118359572786,-0.013256302822099,3.54424326988559,4.87222052358813,6.7756508476392,5.32042323314123,-0.0126000618342949,10.1928060555616,1900,19073.0770356893,5364095.20162733,13609897955.1369,7.37178260192759,0.073952643024116
10.1633255640669,103.299631708854,10.1636426397652,-0.0372705775901228,3.62052712592181,4.29381896975669,7.05467401943767,5.50744327641336,0.00332255091670555,9.80143406753026,1240,20589.263974657,5319587.99317788,13221444368.2191,7.37306156303504,0.0754884264660667
10.1916515778361,103.875906744059,10.1919530387487,-0.0417603389080927,3.56276504964482,4.38815389130906,7.28065572125256,5.70884416993164,-0.0186382435244959,10.097166924291,1900,19099.3256682821,5270024.1986606,13295367978.2899,7.31754882615429,0.0780373723661873
10.1992530705639,104.03061561442,10.1995399707252,-0.0196146225835236,3.43780310552967,4.38488340476828,7.2591512673761,5.70459764386224,-0.0254852204761805,10.0896415162621,1982,20545.5234992716,5232801.74265876,13315222021.1851,7.32686826440102,0.0778003394943718
10.250565322277,105.080621463638,10.2508839357217,-0.0592833538242291,3.55056597145359,4.04191122317417,7.67325979048446,6.02003892837415,-0.00595831108661629,10.062137269554,1980,19056.0969754832,5358068.98367539,13449476257.9856,7.362937661038,0.0759738246522705
10.2532032874347,105.134669023317,10.2535198358084,-0.0768769316159221,3.58755232197327,5.0022413184554,7.68379055574274,6.01849134067868,-0.00891891024501469,11.0209184687384,1982,20313.3346397793,5348151.99963673,13456351021.3089,7.36490361557499,0.0769821563084542
10.2162598895084,104.378455028909,10.2165774616018,-0.0251072130505414,3.55086825306009,5.02033010961282,6.42525828167353,5.02017405767192,-0.00589529547384402,10.010906275177,1240,22872.2487653345,5310973.81303395,13359616014.7072,7.32998780641984,0.076998490415167
10.2574545683634,105.221946298103,10.2577749194503,-0.0219823464462532,3.4878886720159,5.26537963300867,6.71002275111513,5.26521519480435,-0.00207257822004972,10.2359132840219,1900,21553.5772154157,5385650.15012952,13467558214.0317,7.35826731806901,0.0761124157999781
10.3230926461956,106.572843011322,10.3234123724339,0.000824613388451428,3.59660439582995,5.38936912619045,6.89021145305161,5.38920221212602,-0.00771837437974405,10.7384014106692,1900,16311.648672788,5422614.42895067,13640455674.8154,7.43727179567409,0.076285334549508
10.2935808884639,105.964426411328,10.293902389829,0.0150911817442704,3.65823248155486,5.40482047958263,6.93172698927128,5.4046516750713,-0.00196791049886589,10.769188471488,1240,21190.7567427474,5457876.22703753,13562574528.8288,7.43621332299215,0.075346102281503
10.3391102997113,106.903809219765,10.3394298304967,-0.000927255922958447,3.40426628674888,4.65978697301684,6.21533814293682,4.89164397335634,0.00860569036363954,9.55158212290536,1900,20598.2778667675,5395439.02623251,13682844597.4605,7.32952022245001,0.0749100964032738
10.4327347954816,108.848625382818,10.4330544608383,0.0267160712193451,3.45435594721888,4.70332047687824,7.79800063382005,6.13968854524873,-0.0115312237614088,10.8431971459284,1900,23455.7969418202,5390632.18153561,13931781425.2703,7.27361681449072,0.0737700653231684
10.3753805813325,107.654623362394,10.3756745979427,0.0199345139317238,3.59459497689286,4.78013542073,7.8950500607879,6.17364243264393,-0.025045140411157,10.953952801503,1240,19669.7230720456,5393690.78836551,13779067230.4963,7.38355889032343,0.0752372316350799
1.84895012121203,3.41875258123955,1.84898690672475,-0.00183657466660343,3.97015993144171,5.30418207567131,6.82767347048626,5.30407654920354,0.00881144294384858,10.4755842719426,7024,1667.61999576193,952382.135888348,437592328.515026,7.80573428165751,0.0455136389883097
1.85850821560635,3.45424828518565,1.85856081019311,0.00659062921433438,3.85978952281153,5.27690327618135,6.78555295178096,5.27675394743966,0.00451583973088979,10.4217095446392,7146,1589.92758553047,948300.632140598,442121226.319002,7.75014257877083,0.0450076465231909
1.77994658709619,3.16839935180174,1.77999981792183,0.0318171835810862,3.28336641650312,4.51518853303836,5.72477754812735,4.5150535065001,0.00291994402915119,8.46306667324292,7048,1659.76879420285,897913.69305299,405531952.334596,7.76159260346834,0.0498553692667941
1.76299034921884,3.10829944665613,1.7630369952602,0.00495352905920008,3.39412938539186,4.78356146694442,6.21305434015564,4.90124804297409,0.00545834206013774,9.68493918948202,7152,1666.65596191258,897217.884938353,397844452.445414,7.79394357881928,0.056395976725556
1.74789522102314,3.05527512545198,1.74793453122592,-0.0411974005042938,3.67865739847724,4.82487313866651,7.08566702549539,5.5268053255173,0.00731661936221292,10.3518027621597,3368,1524.65790199997,907258.082828202,391064191.750888,7.83188102543729,0.0578402370523656
1.75593906425724,3.08350095184411,1.75599002042839,-0.00643979616350628,3.55968045057393,5.18301886600617,7.02657515098527,5.50145146808877,-0.00371003368949607,10.684629982518,6948,1369.69400652046,900167.174565298,394666656.371237,7.75837124962974,0.0576425424835912
1.80802692548026,3.26914368310007,1.80807734433571,0.0776051587364135,3.58750556346483,5.45261522666108,6.93115511084259,5.45246317861966,0.00469059076332164,10.5398676209136,7048,1493.19853292046,925946.091263643,418429734.889622,7.76510644949576,0.0580580757727085
1.87575304136126,3.51866856503333,1.87581144175883,0.0551880420678166,3.62995185195134,5.25574258801812,6.71068940307345,5.25557895885485,-0.000907704794290666,10.1593141684472,7146,1601.08748437664,950334.665760307,450361609.859087,7.73251768301882,0.0487408806444241
1.86558716651418,3.48056879297005,1.86562825690705,0.00839665204467046,3.46974585814002,5.06782385855823,6.46668826692769,5.0677122399265,-0.00801364099029679,9.65577063784367,7150,2100.43332076126,936933.557998844,445501380.954573,7.64592552849647,0.0480598064084823
1.79863620062911,3.23529373527737,1.79869222917023,0.000323647210438891,3.48618485433869,4.64098320420929,6.05321592318517,4.73729995573659,0.000807957048370135,9.37843072953516,6934,1858.31089910719,914564.23641568,414091414.172327,7.78461621979288,0.0525486354017608
1.84911483707616,3.4193638810434,1.84915220602399,0.0147274227230492,3.49306258203962,5.3414634553022,6.80984645109933,5.34135551131112,-0.00868964293563791,10.2546476690919,7010,1635.21551760148,939995.74912131,437669286.164355,7.78033824328442,0.044157335595431
1.92434640716003,3.70328897075879,1.92439314350233,0.0266656058116743,3.68435970224034,5.13264103081936,6.57473568228196,5.13251637808457,0.00718189053007466,9.85374622955263,7058,1561.68042852478,977276.824862445,474002131.127196,7.82092254864645,0.0403111274540204
1.9265094935969,3.71163380795915,1.9265600971574,0.0284217376112254,3.73613659681351,4.98549495611109,6.41455873720467,4.98536400572132,0.00608260411735421,9.4932630611405,7056,1728.52419219616,979924.34639886,475067049.182698,7.74714730979827,0.0468988937941907
1.89476062561662,3.59033599083691,1.89481819466589,0.0137512064505806,3.61208586335425,5.27678149019416,6.74298690501004,5.27662116911721,-0.0024967077532698,9.70952360936281,7064,2147.37028300489,965861.910131165,459534408.936406,7.76316740122392,0.04710235730204
1.80916660748737,3.27323886056726,1.80920945735071,0.03450153718093,3.6869102306863,5.52643286484731,7.06959209335143,5.52630197514181,0.00703779147712569,10.0931909551564,7018,1494.76631451024,936307.836817886,418960397.32409,7.87470704021286,0.0491763095067072
1.78543389230133,3.18793918091772,1.78548009815784,0.0721567534200502,3.8633120551103,4.86240179940763,6.26810882042454,4.86227596689903,-0.00585226959240132,9.71661419531652,7020,1497.52222803191,914035.442727512,408038870.96036,7.78977309047353,0.0483374394477288
1.81531997013027,3.29558071572697,1.81537343698947,0.00812708653142279,3.70663027614875,4.60952730082903,6.13075092824878,4.77415563954584,-0.00344267650628849,9.38382355421243,7148,1825.25495099989,932663.878802932,421810403.033625,7.77927687102917,0.0550458388503998
1.84442297054992,3.40207130489569,1.8444704673417,-0.0179471851118101,3.77241145128508,5.17340199281169,7.19019881799223,5.58411178950958,-0.00611709514957882,10.7576575819806,7088,1928.26865175507,956550.135135303,435447371.94093,7.81195481022873,0.0533952799521531
1.87796066407268,3.52686710426083,1.8779955016615,0.0099596872190921,3.74247124775095,5.08101242692555,7.05012721545063,5.48442702497031,-0.00946471011057378,10.5655411921598,7088,1877.75991220156,962596.835721231,451432591.087033,7.81142832345806,0.0494188579252972
1.89065619632237,3.57475816787644,1.89070308823899,0.0411562037827829,3.67723799106531,5.03310301162065,6.45425311282441,5.0447444650819,-0.00679022836382507,10.0779725960856,6950,1938.64617211672,961907.116723757,457552241.900565,7.77730088360957,0.0472987970771629
1.92430718028659,3.70310093648253,1.92434428740871,0.0483385435971735,3.76351885392896,5.10513601651266,6.56643227434575,5.10503757419814,-0.00941442661740529,10.0617843298481,7066,1830.21364329229,979521.53683781,473988414.755962,7.78625487697085,0.0401269583715953
1.85440286530967,3.43902266383856,1.85446020821115,0.00993630851853263,3.60180916342572,5.29758127356781,6.79096568845085,5.29741746380811,0.00150397694383357,9.67137119646771,7042,1469.59537292286,954145.195749565,440167887.572463,7.79587002402725,0.0507197856338368
1.74556657763636,3.04719233838883,1.74562090340051,-0.008821882380174,3.44982155103089,4.57287808768113,5.80741068653987,4.57273577436671,-0.000887746277952392,9.08726745392226,7048,1653.55739574752,890617.255973113,390016389.53185,7.73893934256176,0.0540228542972142
1.74286421409583,3.03776496319214,1.74291851880463,0.00707695277433101,3.31729777734473,4.57996847310504,5.79420243831416,4.57982577345981,-0.000752259212132113,9.10135753624306,6982,1444.703551689,891362.064828959,388809703.263055,7.74058784682767,0.0605825607666671
1.76578302795931,3.11818456369602,1.76583820428034,-0.0146302347621152,3.35728288610589,4.59967373022267,6.0174552920586,4.73859053062185,0.000157061682407813,9.3384123299947,7148,1477.25437121395,908686.190427461,399101620.689944,7.81558367341637,0.0634525857938251
1.85610089808055,3.44525395292555,1.85613952948736,-0.0177809717532691,3.5130257150702,4.98277762639639,6.3519034253058,4.98267392098714,-0.00848052486114812,9.81765311156651,7570,1541.02775083269,939262.589556704,440981422.769835,7.78499140562203,0.0488787248783536
1.89075259262041,3.57509842049954,1.89079306654629,0.017283143700677,3.41171227852278,4.89145859875424,6.21934720125174,4.8913538932017,-0.00838985414357441,9.63772564879419,7186,1902.57946795192,945865.715110559,457601998.856103,7.71415520243544,0.0508868734993139
1.84270776173233,3.3957740826577,1.84276262243885,-0.00850991097253981,3.28819077008156,4.56285023374955,5.78421026053592,4.56271439357975,-0.00316991656930561,9.06245938844342,7094,1691.60850617897,928267.183689548,434634160.872178,7.7214280263777,0.053227458809213
1.82017234671785,3.31319884555945,1.8202194498355,-0.0352423191328533,3.39532771263851,4.9356490734443,6.26525809774401,4.93552135013104,0.00596666780989324,9.69506112473637,7094,1524.7946791715,920334.291342717,424072056.878201,7.76821565663575,0.0498768421102007
1.8096114322063,3.27485184843512,1.80965517390334,0.0069798039521177,3.45345093242608,5.36479742421858,6.82360646313721,5.36466775015306,0.00680921266792545,10.1519854626117,7082,1691.88935566384,911686.954247084,419166690.168653,7.78163334002685,0.0456543091182781
1.87234073528191,3.50586763103447,1.87239622704023,0.015392140622134,3.89045985816863,5.18505983841404,6.64575834990568,5.18490617003807,0.00336373133272155,10.3191100796069,7084,1790.04152189951,950692.87308932,448725142.386928,7.76069821214659,0.0448808221164758
10.0590281685808,101.189891772398,10.0593186534873,-0.104155116056723,3.44332542153687,4.6707516952688,6.87370969060984,5.3942991557822,0.021915568429329,10.0652066277781,1238,23088.6409985596,5046905.77903298,12951581996.1581,7.23218669266341,0.0923167469691881
9.9873239591425,99.7527917538057,9.98763193924394,-0.0507952314425617,3.34750979494696,4.70428545858337,5.9706341622435,4.70414039653848,0.0090917842364578,8.8842556888491,1238,20624.9341632895,4996235.77578342,12767580150.036,7.35700030709709,0.0929311656453316
9.9810336644021,99.6266743563013,9.98131626371499,-0.0513987278218723,3.43814539991447,4.35560659108537,5.56060148241733,4.35548327153539,0.0241934035236002,8.53821114216781,1238,21825.9510771004,5013841.88295984,12751559632.0055,7.33480993836913,0.0933477910744981
9.980125342165,99.6079726139581,9.98037938226589,-0.0999287110867457,3.40848992999421,4.35600300838346,5.5628300141429,4.3558921308906,0.0339813133130262,8.36227252704323,1238,21786.5512032128,4979692.82645847,12749309761.6079,7.17957575405229,0.0930328945875444
9.95249598222045,99.0570891245995,9.95274279405429,-0.0860704108516247,3.26562227173025,4.10981493405094,5.22420159001146,4.10971301732491,0.0357521969227101,8.12720635245966,1980,23178.498705272,4938562.19220632,12678822208.3119,7.15295972310595,0.0945843343845758
9.94827074814576,98.9742766170219,9.9485816384559,-0.0624086239133844,3.27488534888836,4.11156045651808,5.22695511764659,4.1114319714383,-0.000392019469800552,7.92861832975611,1238,23119.2557766709,5000960.87848468,12667915417.1505,7.22531030591511,0.0959409110039849
9.99395098044599,99.8842558139994,9.99421111514057,-0.0639458113888838,3.28139374288335,3.99737108302043,5.17141053502851,4.07845582560389,-0.0322978566842536,8.07593306762617,1238,20245.6324212424,4983637.83935124,12784644731.1581,7.31587930268246,0.0929428753661942
10.0500713784221,101.010247846028,10.0503854575846,-0.0701592351545341,3.28538208722965,4.10242694930681,5.21107361001403,4.10229874658008,-7.64338070724442e-05,8.15821391937505,1980,21650.4874342296,5023808.15692036,12928502836.6992,7.25545378425913,0.0904137480753891
10.1084596443665,102.187020828982,10.1087596088235,-0.0857663031186591,3.27534282387525,4.07873059950073,5.18664539254372,4.07860956840919,0.0179510892956948,8.07961046612861,1238,19602.6947551148,5055971.21715231,13079201338.2204,7.2527086958825,0.0891891159133104
10.017269754207,100.351945690174,10.0175818284741,-0.0931624588807162,3.24637337072065,3.8032030159792,4.95086979345735,3.90142212855817,0.00443113779320444,7.70474668797996,1980,18099.1454228755,4965832.71680122,12844244734.337,7.25024028021131,0.0888507051894349
10.0516493492063,101.04055158994,10.0518929356585,-0.0957129388848343,3.3408560920724,4.38526913383608,5.57871036376447,4.38516286607567,-0.0376574552165636,8.74736326776054,1980,24371.8296682191,5015168.44457177,12932740542.0683,7.20062813548671,0.0911683631021356
10.1176149572705,102.3700628704,10.1178091932196,-0.0395195757064376,3.35458545518467,4.3566777171672,5.5455321684777,4.35659408014505,-0.0496757698735973,8.69033153257857,1238,20198.9276757926,5067295.55323559,13103157583.5957,7.31829894556997,0.092665030361574
10.1375335534912,102.775863875634,10.1378431569853,-0.0224093643602381,3.30015739021529,4.15625215635888,5.27726743122636,4.15612522697459,0.0120898311947158,8.21421761489914,1980,19270.5671886246,5063797.3316431,13154518525.3004,7.27038101585169,0.0903596579172221
10.0872688535957,101.759028792825,10.087568031633,-0.0641537501346413,3.35460357618814,4.2642639150593,5.42470124439913,4.26413744512078,0.0180019775717362,8.46964978002929,1238,23314.4114634383,5058292.19659431,13024414934.5387,7.21967372033105,0.0921465672022843
9.86998442574856,97.422399442127,9.87027858989436,-0.0723620434097124,3.36112786926832,4.35814026835482,5.56583101723741,4.35801038259753,0.016793521281054,8.65610630590975,1238,21548.0911284585,4954585.71823538,12469342960.2619,7.35072939897157,0.0923127493349649
9.91065380086133,98.2262518385748,9.91091579212409,-0.0423243002173082,3.30613135715979,3.77544426853589,5.31200437454634,4.1717570725762,0.0307581321305496,7.94731162282765,1238,23502.6177800203,4944698.31021392,12572408507.5443,7.19833539489082,0.0916251374657166
9.99626809801159,99.9315954008866,9.99657918494555,-0.0269664791968562,3.25069776940718,4.34586938852365,5.51375093287341,4.345734147942,0.00511968264115384,8.48200625941502,1238,21513.878002059,4962908.56163488,12790444542.2069,7.22835901249262,0.0929372286547902
9.94129837903178,98.8355776551075,9.94160840383021,-0.0628169440985126,3.32652628295624,4.37790899404006,5.57141138204706,4.37777247082387,0.00360963095039848,8.36773139631969,1238,21182.3328395899,4952116.89248744,12650156859.5393,7.328982097165,0.0929130765369021
9.96723622941547,99.3517608452599,9.96753534457039,-0.0724389245379777,3.35845614344012,4.4589194243605,5.68581855998244,4.45878561692183,-0.015706456155494,8.72620108966701,1238,22745.4945658656,4964795.34347268,12716293288.4662,7.22311093621243,0.0926168637049381
9.970324467704,99.4125611188448,9.97058479322275,-0.0655448304976576,3.34797455741642,4.45753830524684,5.7713920997989,4.52948152931387,-0.0319711983217856,8.98713809948103,1238,23351.8590732524,4962048.19862959,12724241903.1302,7.26278612173265,0.0902025487340403
9.93941492249867,98.7975506329193,9.93969570122342,-0.0635586685274126,3.27108691108147,3.95194445372433,5.7607278419881,4.54355757106342,-0.0243560174169761,8.49563037583363,1238,21389.6129321489,4924611.34053143,12645381674.6696,7.33182777735584,0.087754052839494
9.9606577056176,99.2172650603885,9.96078636757101,-0.0720330080888222,3.22041327760901,4.25917504576006,5.65275433301988,4.46257042305716,-0.0603153973478278,8.72180311190112,1238,21521.2307437608,4885562.45804231,12699927728.6226,7.25421765911009,0.0883202885635884
9.99921880596792,99.987926740153,9.9993963187861,-0.0989150632776114,3.33241994991989,4.24274991500373,5.66286056316622,4.44533942022108,-0.0519541614359871,8.68816825186256,1978,19932.598672963,4984997.23599238,12798338863.9274,7.31484560573864,0.087937126192349
10.0852627739506,101.718173457204,10.0855427943767,-0.0709472776664126,3.31818702640944,4.40408239569693,5.91763295408289,4.6531526534535,-0.0266298379937511,9.05736424536651,1896,18084.2335335231,5029228.47385822,13019293024.2641,7.40458621728371,0.0916209158661438
10.013499605666,100.275405828299,10.0137608234019,-0.0558633493016793,3.23293909571436,4.43564487820033,5.93378560778114,4.68650800062046,-0.0321828718234726,9.12227513368246,1238,19580.4801756607,4939991.53084107,12834709183.4041,7.33786713585061,0.0970358442081991
9.85739500640245,97.1736749586254,9.85767086885261,-0.0556556828383416,3.21565116453593,4.47497233564131,5.66548031200809,4.47484710556928,-0.0251934179420191,8.68576271936251,1238,19284.4117400561,4899509.91758105,12437615404.8212,7.34528295481518,0.0968427776815575
9.85534435402671,97.1338718395459,9.85565177142262,-0.0391069226320591,3.21201117164197,4.47590346623623,5.66903803226344,4.47576385389806,-0.00337103696981659,8.68757001084983,1238,20672.6037544762,4898543.3578731,12432361325.33,7.34785826596288,0.0952675249286777
9.89922777626475,98.0001529710263,9.89950266281222,-0.0438314982295165,3.24562035077679,4.5849553617514,5.81065992957503,4.58482804802741,0.0261267086703117,8.58738662533405,1238,21578.3064920749,4896928.85339899,12543409263.1206,7.22634254919591,0.0945476770678052
9.93894987990003,98.7861474036415,9.93912206402766,-0.0461635771644274,3.27179266669146,4.56663108461515,5.79951123748452,4.56655197286016,0.0524542251480545,8.5691029271838,1238,20403.7155435278,4937136.87923344,12644535065.6087,7.29807046295918,0.0956455687623618
9.9692695797557,99.3915046874363,9.9695288096999,-0.0407960264830702,3.24555162015409,4.8161571948685,6.12655638411466,4.81603196405923,0.0322991555477457,8.80645625547187,1238,21392.840226868,4936375.94066837,12721579662.7835,7.25324853360334,0.0965238378989689
9.85120167386905,97.0521340463532,9.85150415146607,-0.0517585657495021,3.22616988264433,4.87387945183208,6.18303132481187,4.87372980571489,-0.0103020029563805,8.79012228001114,1238,21239.6527289042,4920878.46977323,12421922650.1155,7.19921059282621,0.0984050304503487
9.22124968912289,85.0366872792106,9.22153388971762,-0.280145438587921,35.0859584234608,13.5782396398924,23.2934356958368,14.9626079293683,0.0085640465451428,28.541308719562,2066,10326.5054070989,5488895.21224163,10884003468.2862,8.01674154397173,0.00628986052112361
8.6560221226817,74.9313941483208,8.65629217091942,-0.278236039238612,25.7842212989344,13.9730759500673,22.1680689173808,15.0319148924758,0.00283763427548427,29.0054598041595,2064,10755.1176111689,5085343.87779187,9590587992.6191,8.00958067162217,0.00695310914582578
9.19338070439178,84.5235312126711,9.19366799556473,-0.0242975781086745,26.7668690696289,16.3383667430707,24.7148712153262,16.337856188573,0.000532834558942604,29.0313139939711,2070,11371.030055748,5490835.73560941,10818299692.8368,8.04350734831717,0.00675248031260661
8.99363835478202,80.8905852975394,8.9939193512917,0.0737439687339462,26.4330248127489,16.7012303176674,25.1925992580587,16.7007085220805,-0.00110482942721443,27.9399756196817,2068,9975.48048715856,5412462.59317611,10353313401.2547,7.98767671437545,0.00711161994436989
8.44336367992564,71.2948401686341,8.4436271926604,-0.38337111103473,26.7368439337902,14.6130164763186,23.6081634332689,16.0815451468065,0.00244752194408785,30.6950635193008,1736,10658.1516130409,5015407.57591485,9125131155.40891,8.03378953548806,0.0076130166039412
9.72012806123043,94.4867945889682,9.72043181082858,-0.291536753823391,38.1818001059892,14.3054276025626,24.7923543257934,15.7028719130773,-0.000602007420188862,30.0087902232729,2068,9937.0179752413,5796060.97103787,12093261226.444,8.02838548437183,0.00579368390996676
9.61594173075886,92.472106553254,9.6162418102528,-0.140336401322944,32.622766766918,14.4604233429143,24.6722183415377,15.8730092979256,-0.00288491865382587,30.333927981258,2066,12983.5982829463,5679886.58811106,11835569220.1891,7.9855938275904,0.00595313173404917
10.1607381992073,103.246992946529,10.1610527479454,-0.0066674338902633,35.4749002751412,13.867643240952,23.9049058968356,14.7243270277957,-0.0077938026823146,28.5924260937474,2064,10627.1865547345,6173233.43123966,13214544124.0296,8.02602282325347,0.0074998598180029
10.1037210200406,102.091453797639,10.1040315615916,-0.0774984878994636,36.0589927343427,13.9459009341049,23.901031278205,14.8074224328594,-0.0102649419391556,28.7537784784941,2066,11280.1364868479,6148041.97409198,13066721139.0175,8.0017329261921,0.00769309725394859
8.32685246772842,69.3407986444452,8.32711226323059,-0.344742063855675,20.2204863785938,13.3753419161262,23.5381030020826,16.3810043282484,0.00267857890863843,29.7568573271951,2066,10554.2916466286,4872638.27270885,8875065070.47024,8.03388117789215,0.00789466193733712
9.45265641258261,89.3582810960798,9.45295092000799,0.0191970815551838,30.6312445468835,14.1841174887343,22.2527980017348,14.4300402255421,0.00412926478617754,28.6146072973152,2064,8421.60951037435,5543506.81101962,11437148504.543,8.06048666357894,0.00589800165442656
9.52255587142437,90.6847377155079,9.52285344397927,0.0628486611669735,28.4127697128335,14.0800002590748,21.5928352512261,14.0795602836332,-0.000636394625810112,26.5876034475738,2068,9297.07525628653,5563516.39121861,11606909218.6974,8.07746086350124,0.00588954251837846
8.39736979438672,70.5202231594542,8.39763199714385,-0.220568912895356,18.1444989592662,12.8205885943656,18.4628637573966,12.8201882917948,0.00195401425254037,24.4939869828617,2066,11590.2067200154,4915717.50606311,9026023515.26331,8.01777739357062,0.00766063473469257
9.25929753336242,85.7399352728838,9.2595861285958,-0.156359327420963,29.1891112157851,16.1292627401763,24.681755234589,16.1287600364615,0.00377947116218417,29.1577294686226,2066,11434.7414884758,5508573.0844065,10973993097.4592,8.03668960292468,0.00647801901037942
9.72146391678028,94.5127628500437,9.72176747562107,-0.00194977062384558,30.07434622102,15.362464334953,24.1004976103755,15.3619846472957,0.00220972742433698,27.7715470487167,2066,12884.6769578151,5810463.41320615,12096874919.132,7.99809852329983,0.00577245587471273
8.51017108491337,72.4275218261055,8.51043605381684,0.0759692474699857,23.1565264171821,15.8365036923752,23.3973905090652,15.8360106293886,-0.00409737772776295,28.2132379799041,2068,9900.20907191786,5070327.55698631,9270103213.12046,8.01032216034139,0.00717242317463211
9.02797589705051,81.5094276062599,9.02825717435319,-0.129671434936957,34.6069489611565,15.7558152743861,25.786685872191,16.8622567436766,-0.00394089971367044,32.6185973816822,2064,8868.1255083511,5357613.31566789,10432554355.6244,8.06130479206878,0.00661874357464196
9.38727345553288,88.1264047172126,9.38756649602082,-0.16145903645757,33.5911241189755,15.1527620037211,25.053635020461,16.2168534823603,-0.00247225286323091,31.3701217240939,2066,11350.210559404,5467117.01971791,11279472975.4437,8.06269498263348,0.00594703555147934
8.25706676033475,68.1833847914918,8.25732310082946,-0.16044589653333,18.3179199666285,15.4236857241629,22.1114343270785,15.4232069109712,-0.00530609863525784,28.6031182520514,2064,10598.4013717245,4849171.5096356,8726933700.06902,8.04090295006186,0.00744632517548266
9.25279881203436,85.6193943741545,9.25307486050742,-0.468523472255048,38.206162196762,16.4336596607451,25.3643242500995,16.4331693927288,-0.0155786385260726,30.9349832265396,2066,10473.1856029423,5628201.480916,10958618146.946,8.02170222637854,0.0087179551215059
10.4817445991394,109.873793453887,10.4820700939216,0.192452895497757,48.6581130619128,16.6512396250626,27.5132024071781,16.6507225619665,-0.00659543721647486,31.3087594748115,2066,10546.6517538725,6311872.76063924,14062902802.2927,8.01675457134372,0.00796060391310472
9.58394047874154,91.8575457929208,9.58423423090863,0.535733712508269,45.2236343186632,18.2110940062822,28.4863917053039,18.2105358450144,0.0105073189718008,34.2417006093459,2064,9342.05683505883,5849609.80108161,11757051395.0429,8.09347904310729,0.00721689177895899
10.0689810128966,101.390695850367,10.0692947047133,-0.486735376483658,37.013478894593,14.7825891248456,26.433092424717,16.465601304624,0.00443916604103604,31.2487034033625,2066,11663.9563817259,5897388.60897836,12977184344.0487,8.02946802970961,0.00518678890893118
10.2741293101388,105.564314301807,10.2744495863188,-0.492570909005193,34.0744447689573,14.4874183228974,25.848407261842,16.1368247158799,-0.00406808181862631,30.6247460731875,2066,11299.0596346523,5995900.14457524,13511355291.0777,8.03252032227437,0.00494875964208647
8.72781523420017,76.1795188387672,8.72808792570098,-0.257569105114539,19.6901403071258,12.8756768287892,18.9030207586157,12.8752745542397,-0.00106934406752725,24.0702128708638,2064,12744.2162272087,5125492.0542277,9750342893.47211,8.01254702206761,0.00720966082554659
8.82191468141394,77.8310421134207,8.82219032403069,-0.266784270176778,21.0806046954167,12.7383377005107,18.9458627179612,12.7379397008521,-0.000986335708060565,23.8134665966974,2064,10516.9901588878,5153354.55631388,9961749918.93376,7.93467051148594,0.00713036133616577
9.53286181450459,90.8811124262039,9.53315857553014,0.0612134721788235,33.3180645024688,16.8206028006376,26.0188438528667,16.8200791862135,-0.00469230886069157,31.825857047635,1736,8824.18933231411,5777169.4264922,11631929201.5437,8.06403784694551,0.00743647917424549
9.12991057626073,83.3604596130806,9.13019493839429,0.0893581388146186,38.0184256714312,17.5629849597958,26.9106805804886,17.5624379563738,0.00418881398283889,33.2305004336131,2066,7152.92920860881,5620912.70983952,10669160600.971,8.12389841093598,0.0079142405996622
9.21510955456661,84.9235411598853,9.21539696160102,-0.508581432430904,35.392571307535,14.3062821109232,25.8188302980223,16.7982371297203,0.00326559369140798,31.1050431553608,2066,10789.0035116328,5585921.57865439,10869293015.8309,8.13686841886278,0.00890882540279226
9.53359524236313,90.8951185672289,9.5338931485112,-0.3817420773848,36.8214174763061,15.5666935352868,25.2931897844606,16.2370629704038,-0.000789234123649674,31.8042638820541,2068,9757.34540792358,5878751.44459047,11633790071.9836,8.10635878041272,0.00936621084359424
8.43846312748956,71.2121028153669,8.43872637400733,-0.161256125185607,25.154579738453,17.5869175684229,25.5047756403286,17.5863689435946,-0.00280981491027672,32.2226583478803,2066,10536.0789740241,5104904.46850523,9114510243.19253,8.04971111409695,0.00886685688082505
1.56972584318752,2.46417724041803,1.56976980491346,0.0393387463658974,4.89127809064339,6.58718782169857,8.6354298799185,6.58700334615013,0.00399917870114591,12.5509991563795,346,2889.18206830721,877850.631595866,315399028.399443,7.84834912427844,0.155409881291562
1.48475297721071,2.20433594734915,1.48470062549631,0.125898785388658,4.27312540390287,6.24067115158141,8.10770337161125,6.24089120256554,0.0171238717476683,10.9935134369172,346,2452.1446891889,823713.854715761,282212294.234979,7.80306970860283,0.161590728710968
1.47362909224658,2.17170243033088,1.4736697154827,0.123516454433406,4.26988722571385,6.28777968679861,8.16719300227354,6.28760635762162,0.0040003232978148,11.5494752247728,70,2233.91093001281,820141.031715244,277964628.597545,7.88098421651303,0.15561189283792
1.40410410252829,1.9716026507956,1.40413768940072,-0.0440718224550526,3.68719269419362,4.58628495017208,7.07646672232341,5.52209920567834,-0.00537634697986566,10.1085162472254,70,2341.38922607424,784984.589667799,252356197.326936,7.88938380277998,0.168257376259693
1.42476700550064,2.03008045057866,1.42480891721615,-0.0995133570211638,3.75360188017699,4.50353725248578,6.80591561461194,5.30414349630164,0.00272936123702888,9.80783677833638,70,2435.5079736207,800426.965912488,259835515.672559,7.80886327134601,0.185672771546801
1.44204292224907,2.07953555485946,1.44205948381454,-0.00169511364109958,3.73881130209706,5.14522984889747,6.6086286218224,5.14517075767276,0.00906673708467388,10.2836192300384,346,2880.21191958987,812992.92867385,266184791.852359,7.81491328311563,0.188632123735736
1.45431330721402,2.11445592702312,1.45411688905092,0.0554902216392893,3.7698082831734,5.23744093928117,6.73991461450154,5.23814839858958,0.0265221042171934,10.3324765152319,346,2993.34017412224,812319.604831018,270813001.849557,7.87427551409811,0.172241345833214
1.50742074767509,2.2724173770778,1.50745393862559,-0.0199016799183884,3.91038775988223,5.05292239442219,7.18505707586227,5.55624306451774,0.00647761758672549,10.6092877983656,346,2822.39198128348,836263.307705123,290861945.698169,7.84394272538151,0.163459548256024
1.46830597359264,2.15570812317518,1.46823299349088,-0.0359469958467656,3.86460461887458,4.96841920810449,7.36057468009885,5.70466712619916,-0.0186826301777032,10.6728027917758,70,1849.51878219529,814615.93673017,276002622.898083,7.87608632062709,0.160181505306791
1.42103967767434,2.01918898009573,1.42098169590453,0.0123566104860275,3.66109340879776,5.62573554092683,7.20257097895545,5.62596509356925,-0.0170582748343926,10.1264492422465,70,2130.60775454426,788753.324539473,258514453.166846,7.94610732126074,0.150176085314324
1.47273220531944,2.16791625303926,1.47238454659075,0.0375686251520597,3.78258585161354,5.42827364736398,6.96793339898993,5.42955536871834,-0.034049821021832,10.5226005672234,346,2857.10436982667,818910.59791379,277772160.55781,7.88042807867035,0.161688454658571
1.45997110093848,2.12998185591704,1.45944573585901,0.0235427554019826,3.65927299634463,5.04258405233535,6.57778407052076,5.1407045393756,-0.0408274849150315,10.1814387286231,346,3267.97114465778,807369.279029535,273047058.597781,7.80780441174596,0.181938774146221
1.40937813492564,1.98577674557913,1.40917591009041,-0.000689921759868559,3.4959203787658,4.54336129219776,6.11969265655683,4.80142806986384,-0.026345638613139,9.34410042842751,346,2711.99842737861,783002.14386079,254339512.861649,7.82073949975007,0.182440830610905
1.45854776693275,2.12732199796213,1.4585341949924,0.0408007925992544,3.62191492994427,4.71284467538359,6.41135871954554,5.01387726841243,-0.0131357560590509,9.7266752891408,346,2377.86955648001,808155.155459248,272323756.567574,7.88998546873146,0.161881666472266
1.50546932539836,2.26657878211497,1.50551611818504,0.0497586972597618,3.91381168926018,4.96700796680953,6.42353935892137,4.96685358776206,0.000876797752411107,9.82457053690015,276,1871.25156792241,830292.00621406,290103969.250625,7.93142065520126,0.140782286849437
1.45513234764063,2.11729257014048,1.45509194559673,0.0384232091927547,4.1060394743315,5.13883025496987,6.67063755517513,5.13897293959277,0.0158085355195633,10.0309059053295,348,1568.17974112364,812563.594378218,271060449.327876,7.92865114229128,0.144783207318095
1.42709587954985,2.0355611826153,1.42673094261508,0.0383959789758515,3.86755228510482,4.79804781634415,6.70735889038706,5.21672380717374,0.0341860993206501,10.013437602992,346,2557.25387064266,797642.10225471,260834713.722564,7.87845463446065,0.156107794812605
1.43571871252126,2.06103654674576,1.4356310621973,0.00911886537899009,3.73860106652692,4.95093861186841,6.6502016086905,5.18438300114504,0.0195061406256735,10.135005107527,346,2992.39109170611,792503.078230469,263893457.530198,7.89200183210199,0.147251428714639
1.41331426934702,1.99757926717202,1.41335744494166,-0.000485540611346936,3.7444892594703,5.16213590538184,6.62030628001153,5.1619782111707,-0.00167495434935091,9.933436413296,346,2748.50864035798,781622.442701207,255674848.533857,7.90215245865049,0.150837091640486
1.40490377182861,1.97387389834768,1.40494622614094,0.0489072664636303,3.75041989708996,5.19303918295322,6.66414248950745,5.19288226099897,0.00201912585713565,9.96256968873736,346,1950.66820625087,776319.724272654,252640974.41537,7.89552325560909,0.147569923024938
1.52065609493745,2.31253583957678,1.52070241650915,0.0556891386962536,4.15480342344275,5.24567687981893,6.9893515754519,5.3835736991522,0.00191127800320822,10.6294145710769,276,2006.85654927322,839771.078849667,295986526.7121,7.96385316831541,0.127129287699732
1.54179965975427,2.37663870146008,1.54163507402371,0.0264080551957227,4.10024318201287,5.17373996608642,6.90000797012333,5.31047436043867,0.0256130684837746,10.483647438151,276,1952.98566998362,849254.414559844,304358132.293026,7.95726071973932,0.142695272851568
1.44409739504742,2.08481487759119,1.44388880374882,-0.0116364723680154,3.65893818193268,4.58585441223507,6.49563351975061,5.06172341471329,0.0270686113681952,9.64684669104031,346,2390.98058930804,797820.031764838,267026864.72135,7.80702441588149,0.172009138017312
1.4144764498374,2.0008601762289,1.41451764790295,-0.00676675317487394,3.66385027592838,4.29775293619181,6.6087167212886,5.16682543834842,-0.00291627789093564,9.46472886358734,346,2956.72339761677,786049.61315964,256096269.936489,7.83843676296459,0.165027228587538
1.44004338461925,2.07382620238417,1.44007854035263,0.0531706908986214,3.69698607649432,4.36036289835981,6.09271891000511,4.74346461093586,-0.00532553651144342,9.10394331134648,346,2965.86445425265,800396.992646101,265440377.879472,7.85190034877829,0.159672564817074
1.43313018351939,2.05394931423359,1.43316060308452,0.0536374024774051,3.64360717777744,4.76747676354007,6.12565313650773,4.76737557141297,-0.00641720444432918,9.47407603162192,346,2498.66957069174,793479.061860783,262898256.924958,7.85116324322082,0.163388222520765
1.4292517207183,2.04280405045059,1.42926696262476,0.0578474324790775,3.83700359872043,5.17744799466652,6.66913419264029,5.17739278162369,0.00917093118401553,10.1512427424188,70,2049.14958662461,788682.164454424,261483420.009709,7.8900691830186,0.153730083230026
1.45584121278766,2.11867314547645,1.45556626282572,0.0325243633333723,3.75078162842488,5.08288705547581,6.5387933091416,5.08384719012453,0.0305435499935,9.96584038808039,70,2108.23928268065,809860.511199346,271412034.195949,7.89430210444087,0.157629970675115
1.44786872523615,2.09532902191246,1.44752513688449,0.0254548502688174,3.50750636029345,4.76222506963047,6.07343108511487,4.76335544382586,0.03355267006308,9.28923791432005,346,2410.82518898089,806479.16176033,268473185.582165,7.81354500347897,0.190929459559168
1.48036949018206,2.1913514852149,1.480321412807,0.0300274191006029,3.70669668259479,5.20633414216872,6.67973163230747,5.20650323171717,0.0167123222445448,9.55782413434875,346,3133.56598512586,823913.068643637,280546931.320898,7.78678897826995,0.183151499356244
1.48240622103717,2.1973791127265,1.48235593321122,-0.0190623009264036,3.64943522144513,5.19918097373291,6.67141379783301,5.19935735209254,-0.0169241731773353,9.5446922983878,346,2916.87574103179,821626.156568142,281319389.539361,7.82133002052624,0.171742948749085
8.55951685727539,73.2679873680723,8.55967215307177,0.013887224604996,3.13781217961486,4.14920965137083,5.23180534223343,4.14913437339223,0.0438259183569578,8.1270394808792,6532,6646.04543452155,3750476.87832148,9378207940.80678,7.66535825996743,0.0115633981000399
8.47633176864001,71.850210879602,8.47645037026714,0.0294424931476942,3.15036664073832,4.18992919633874,5.28477404540903,4.18987057127771,0.0497997051571515,8.07493767658346,6900,7396.60541040411,3711511.64928621,9196883688.73688,7.66849704160834,0.0114214144760015
8.36661205634863,70.0043782780226,8.36686191340711,0.0141855422342297,3.13290035596826,4.13569984728285,5.22800477365112,4.13557634413325,0.0139390479598111,7.94765200921025,7364,6243.71642122693,3673416.26277965,8960045428.11207,7.69026786915352,0.0116750432316186
8.50144245285269,72.2788402566161,8.50169631641922,0.00477915672300787,3.05934118634297,3.8574952620679,5.20532775939204,4.12869806764626,-0.0141756857301044,7.98631661773527,6868,6473.77243674051,3719161.79051028,9251160259.99204,7.65829138892672,0.0115265436090097
8.54422930794711,73.0080841631335,8.54447682208417,0.000498600096873326,3.06816711666373,3.91360004070653,5.15982151001681,4.10802649292617,0.0182567496868878,8.02174553730123,6652,7589.18861468038,3695505.76187376,9344535217.44521,7.62815834822503,0.0105884538629785
8.44159229947307,71.2647137085359,8.44184302794928,0.0079143749794705,3.05661973749385,3.96118350438163,4.97297892294241,3.96106585453897,0.0148622539991076,7.8427007280118,6440,7253.46090752608,3658390.4801914,9121369140.34875,7.6664685580447,0.00923269089789875
8.49515605736738,72.1718875753506,8.49540390889983,0.0107215672612599,3.03851980557472,3.82110912458628,4.79500669603663,3.82099764457163,-0.017309149272891,7.48208119804989,6658,6015.87459508056,3687147.10795688,9237499403.53865,7.67919465064565,0.0099620188862862
8.53214874313144,72.8019276073829,8.53240456186782,-0.00220435971025678,3.06972760113805,3.80454200962244,4.78232106992838,3.8044279417624,-0.0135899967608343,7.52707586109026,6600,8042.54898484881,3670932.81729021,9318110955.24519,7.63736284864616,0.0109730220232142
8.36432424677655,69.9660898355155,8.36457349991711,0.00296600161039953,3.10631680379591,4.41509162433918,5.55941662029024,4.41496006049397,-0.0142530808345156,8.21231559426186,6674,7351.68055080664,3611857.66199639,8955151285.99051,7.66107726043116,0.0113873156299958
8.38636946673935,70.3349352099142,8.38659258637941,0.0177665219944637,3.13488385649162,4.40348568849286,5.55954363125805,4.40336853672572,-0.0255647451483678,8.5580532339511,6792,6844.05966284331,3642260.44605469,9002476063.58189,7.64713700048141,0.0111872747780997
8.57889413968639,73.6020032614477,8.5791609881997,-4.78339515423316e-05,3.15799590562331,4.08315265968747,5.16494343256841,4.08302565621728,0.00463936435609994,8.14448478984602,6722,8057.41311836603,3733143.81836641,9420471128.09439,7.62936772548064,0.0104199986303034
8.5450913199517,73.0231448591348,8.54535808840886,-0.00183614226663291,3.17239572138597,4.09930486545529,5.17990134957166,4.09917689361103,0.00218030565268213,8.04108180022692,6720,7378.12271662821,3727463.92764581,9346379538.42807,7.62242973004813,0.0108765029412703
8.36699422672435,70.0109680728429,8.36725570738954,0.0159076323537555,3.13378352036096,3.9795115781327,5.07692429381944,4.02555450059401,5.19654097865079e-05,8.00519188312433,6680,6983.41133585796,3641209.5663613,8960843790.86786,7.66830730907879,0.0115039719056434
8.45653264025111,71.5125891309928,8.45651164080041,0.030048110292307,3.05824331927239,3.93737620557807,4.95343961418691,3.93738598298287,0.0694600709789742,7.72021634869956,6474,7765.67014897011,3652782.74933397,9154272247.07684,7.64547364918057,0.0107288326667862
8.48469876538094,71.9848357210994,8.4843877634806,0.0310763026381402,3.06616494066593,3.73418823191858,4.70032488341646,3.73432511152248,0.0988760354696726,7.39417062349172,6382,7951.3393973993,3661474.24221748,9215985399.54754,7.65234239501155,0.00958942995839907
8.40691660668564,70.6795307137561,8.40711191276506,0.0433366219642058,3.11993947530911,4.32083840437299,5.43842351296366,4.32073802673828,0.0336688087099818,8.01468354783509,6758,6658.9917988282,3639855.01899333,9046703915.78311,7.67090664683593,0.0110998738092676
8.60187879511902,73.9957210790617,8.60207655621953,0.029840139424256,3.12210221113454,4.22290629776605,5.31100282622876,4.22280921346422,-0.0349636872213412,7.90022193763881,6664,7747.83497466001,3725679.19941235,9471172707.78241,7.64105750712705,0.0113044420445593
8.53951510932782,72.92728974299,8.53974763930352,-0.0148911996236325,3.08205829315624,4.151179900681,5.21131517413828,4.15106686762638,-0.024218072948223,7.85535080741424,6354,7120.41576321241,3688544.18045474,9334259660.13668,7.62184488379718,0.0100121640746208
8.41909406082425,70.8855749260056,8.41935715633953,0.00747167861575846,3.06226583321239,3.9726514082774,5.06776674469966,4.03862208544367,-0.000476899749028306,8.01139970009801,6634,7167.73471945938,3589900.87784595,9072786464.71102,7.62504143950548,0.00951097699605474
8.41803454870431,70.8676667636748,8.41829357789777,0.015192751322886,3.07481695454893,3.97315141481587,5.20968564097692,4.14632261423973,-0.00825400977634803,8.11960161449093,6608,7797.79053278799,3611335.11122555,9070511751.37292,7.63406258079275,0.0106438645681366
8.42404234641608,70.9689041437094,8.4243043715021,0.00711584613013594,3.0996558753512,3.68166573247841,5.42701701868104,4.31497590853228,-0.00456804236686445,7.99677585590268,6852,6809.58706708623,3635805.73997036,9083457212.14194,7.66269116903972,0.0114676088228064
8.48648216602511,72.0239782671923,8.48669418956476,0.0412128457474181,3.1308272092965,3.74605661011405,5.40653730117843,4.28325442124114,0.0300463926568205,8.02941804280539,6618,6492.98087216351,3729293.42096359,9218723908.39273,7.68304882569056,0.0114528217438432
8.41482020158223,70.8136166242644,8.41508268671582,0.0375396436613979,3.06629904275945,3.87158268813517,5.21146063835824,4.1397420040576,-0.0028725826403829,8.01145382397539,6372,6720.53303632032,3681728.43201547,9063578496.28899,7.67411817237705,0.011245930077207
8.39207941379645,70.4292713264364,8.39221492375144,0.029550454535607,3.01385903876065,4.34732001340166,5.4543654083244,4.34724981677959,-0.0461236434784476,7.72837786200978,6716,6550.05190273312,3596215.0018775,9014927740.28045,7.6531095447496,0.0109791518774217
8.24814239404069,68.036071596285,8.24839812304698,0.0283060018263668,3.04811000837292,4.42318440283142,5.5536436699929,4.42304726874367,0.00579746160436653,8.24425483422774,6388,7407.01492190449,3567511.51029056,8708080176.18852,7.67414532320647,0.0124209365992594
8.24306770610925,67.9508820973031,8.24323250292645,0.0244089825859076,3.01311281371539,3.72402784069423,4.88239874425349,3.89868229414248,0.0391157299454816,7.62278807795889,6546,6889.5855919254,3581302.0921934,8697560836.53985,7.67360470047932,0.0127695483491291
8.38311565945423,70.2797065076524,8.38329926148723,-0.00307035584137988,3.00693044115957,3.8238179937315,4.81035178409835,3.83354376400464,0.0362509833115445,7.65744571774066,6464,7724.45362422182,3649015.22659753,8995575414.01778,7.65306601039243,0.0118807832491731
8.40652385937153,70.6738126294916,8.40677183165402,-0.00195097609413498,3.07216880335962,3.81382081148011,4.80430933577054,3.81370831623573,0.0157442681788278,7.45516054387138,6410,6807.65336191294,3676129.07199189,9045746083.21016,7.66359460343944,0.0105620215438978
8.42605581161582,71.0026497496591,8.42630700542409,0.0364452558037188,3.06675332911463,3.80498021421568,4.77718662933878,3.80486678522837,-0.014298825653275,7.45484877611341,6410,7313.4919828932,3656211.22421258,9087822813.10324,7.68189418049018,0.0110154493198693
8.50244881384893,72.2948952559785,8.50264048728267,0.023063372223518,3.04227468447497,3.6866414917158,4.66380359516142,3.71784469876257,-0.0354824899925312,7.40457000304521,6678,7397.30577508533,3680084.54050115,9253489831.81708,7.67092298110548,0.011354540156892
8.49010653332119,72.0825421944338,8.49014382648691,0.0220245256254993,3.05747757348928,3.82377801680733,4.81116672264132,3.82376122076828,-0.0622246863940355,7.54711137394036,6532,6939.42835175785,3678364.18828136,9226979906.13744,7.68412953564852,0.0112782817860749
